{
"type": "FeatureCollection",
"name": "stateborders",
"crs": { "type": "name", "properties": { "name": "urn:ogc:def:crs:OGC:1.3:CRS84" } },
"features": [
{ "type": "Feature", "properties": { "FEATURECLA": "Admin-1 boundary", "NAME": null, "ADM0_A3": "USA", "ADM0_NAME": "United States of America", "SHAPE_LENG": 12.7454840023, "MAPCOLOR13": 1.0, "MAPCOLOR9": 1.0, "SOV_A3": "US1", "NAME_L": null, "NAME_R": null, "NAME_ALT_L": null, "NAME_ALT_R": null, "NAME_LOC_L": null, "NAME_LOC_R": null, "NAME_LEN_L": 0.0, "NAME_LEN_R": 0.0, "NOTE": "US_41", "TYPE": null, "MIN_ZOOM": 2.0, "MIN_LABEL": 7.5, "SCALERANK": 2, "FCLASS_ISO": null, "FCLASS_US": null, "FCLASS_FR": null, "FCLASS_RU": null, "FCLASS_ES": null, "FCLASS_CN": null, "FCLASS_TW": null, "FCLASS_IN": null, "FCLASS_NP": null, "FCLASS_PK": null, "FCLASS_DE": null, "FCLASS_GB": null, "FCLASS_BR": null, "FCLASS_IL": null, "FCLASS_PS": null, "FCLASS_SA": null, "FCLASS_EG": null, "FCLASS_MA": null, "FCLASS_PT": null, "FCLASS_AR": null, "FCLASS_JP": null, "FCLASS_KO": null, "FCLASS_VN": null, "FCLASS_TR": null, "FCLASS_ID": null, "FCLASS_PL": null, "FCLASS_GR": null, "FCLASS_IT": null, "FCLASS_NL": null, "FCLASS_SE": null, "FCLASS_BD": null, "FCLASS_UA": null, "ne_id": 1746709645, "BRK_A3": null, "FCLASS_OSM": null, "FCLASS_TLC": null }, "geometry": { "type": "LineString", "coordinates": [ [ -75.377375126960544, 38.015198383098891 ], [ -75.263030004331199, 38.022635191860616 ] ] } },
{ "type": "Feature", "properties": { "FEATURECLA": "Admin-1 boundary", "NAME": null, "ADM0_A3": "USA", "ADM0_NAME": "United States of America", "SHAPE_LENG": 37.226206868299997, "MAPCOLOR13": 1.0, "MAPCOLOR9": 1.0, "SOV_A3": "US1", "NAME_L": null, "NAME_R": null, "NAME_ALT_L": null, "NAME_ALT_R": null, "NAME_LOC_L": null, "NAME_LOC_R": null, "NAME_LEN_L": 0.0, "NAME_LEN_R": 0.0, "NOTE": "US_100", "TYPE": null, "MIN_ZOOM": 2.0, "MIN_LABEL": 7.5, "SCALERANK": 9, "FCLASS_ISO": null, "FCLASS_US": null, "FCLASS_FR": null, "FCLASS_RU": null, "FCLASS_ES": null, "FCLASS_CN": null, "FCLASS_TW": null, "FCLASS_IN": null, "FCLASS_NP": null, "FCLASS_PK": null, "FCLASS_DE": null, "FCLASS_GB": null, "FCLASS_BR": null, "FCLASS_IL": null, "FCLASS_PS": null, "FCLASS_SA": null, "FCLASS_EG": null, "FCLASS_MA": null, "FCLASS_PT": null, "FCLASS_AR": null, "FCLASS_JP": null, "FCLASS_KO": null, "FCLASS_VN": null, "FCLASS_TR": null, "FCLASS_ID": null, "FCLASS_PL": null, "FCLASS_GR": null, "FCLASS_IT": null, "FCLASS_NL": null, "FCLASS_SE": null, "FCLASS_BD": null, "FCLASS_UA": null, "ne_id": 1746711703, "BRK_A3": null, "FCLASS_OSM": null, "FCLASS_TLC": null }, "geometry": { "type": "MultiLineString", "coordinates": [ [ [ -72.141534, 41.250098 ], [ -72.078835, 41.263571 ], [ -72.016012, 41.291438 ], [ -71.929451, 41.310387 ], [ -71.907258, 41.304483 ], [ -71.860830950176634, 41.25887648586982 ] ], [ [ -71.907258, 41.304483 ], [ -71.892356, 41.329218 ], [ -71.859896, 41.320358 ], [ -71.844964642104514, 41.321512877217515 ] ] ] } },
{ "type": "Feature", "properties": { "FEATURECLA": "Admin-1 boundary", "NAME": null, "ADM0_A3": "USA", "ADM0_NAME": "United States of America", "SHAPE_LENG": 25.324627621000001, "MAPCOLOR13": 1.0, "MAPCOLOR9": 1.0, "SOV_A3": "US1", "NAME_L": null, "NAME_R": null, "NAME_ALT_L": null, "NAME_ALT_R": null, "NAME_LOC_L": null, "NAME_LOC_R": null, "NAME_LEN_L": 0.0, "NAME_LEN_R": 0.0, "NOTE": "US_101", "TYPE": null, "MIN_ZOOM": 2.0, "MIN_LABEL": 7.5, "SCALERANK": 9, "FCLASS_ISO": null, "FCLASS_US": null, "FCLASS_FR": null, "FCLASS_RU": null, "FCLASS_ES": null, "FCLASS_CN": null, "FCLASS_TW": null, "FCLASS_IN": null, "FCLASS_NP": null, "FCLASS_PK": null, "FCLASS_DE": null, "FCLASS_GB": null, "FCLASS_BR": null, "FCLASS_IL": null, "FCLASS_PS": null, "FCLASS_SA": null, "FCLASS_EG": null, "FCLASS_MA": null, "FCLASS_PT": null, "FCLASS_AR": null, "FCLASS_JP": null, "FCLASS_KO": null, "FCLASS_VN": null, "FCLASS_TR": null, "FCLASS_ID": null, "FCLASS_PL": null, "FCLASS_GR": null, "FCLASS_IT": null, "FCLASS_NL": null, "FCLASS_SE": null, "FCLASS_BD": null, "FCLASS_UA": null, "ne_id": 1746711707, "BRK_A3": null, "FCLASS_OSM": null, "FCLASS_TLC": null }, "geometry": { "type": "LineString", "coordinates": [ [ -71.860830950176634, 41.25887648586982 ], [ -71.790974, 41.184382 ], [ -71.764650983951213, 41.127302292073431 ], [ -71.729256756380252, 41.040355602605636 ] ] } },
{ "type": "Feature", "properties": { "FEATURECLA": "Admin-1 boundary", "NAME": null, "ADM0_A3": "USA", "ADM0_NAME": "United States of America", "SHAPE_LENG": 39.802900085700003, "MAPCOLOR13": 1.0, "MAPCOLOR9": 1.0, "SOV_A3": "US1", "NAME_L": null, "NAME_R": null, "NAME_ALT_L": null, "NAME_ALT_R": null, "NAME_LOC_L": null, "NAME_LOC_R": null, "NAME_LEN_L": 0.0, "NAME_LEN_R": 0.0, "NOTE": "US_102", "TYPE": null, "MIN_ZOOM": 2.0, "MIN_LABEL": 7.5, "SCALERANK": 9, "FCLASS_ISO": null, "FCLASS_US": null, "FCLASS_FR": null, "FCLASS_RU": null, "FCLASS_ES": null, "FCLASS_CN": null, "FCLASS_TW": null, "FCLASS_IN": null, "FCLASS_NP": null, "FCLASS_PK": null, "FCLASS_DE": null, "FCLASS_GB": null, "FCLASS_BR": null, "FCLASS_IL": null, "FCLASS_PS": null, "FCLASS_SA": null, "FCLASS_EG": null, "FCLASS_MA": null, "FCLASS_PT": null, "FCLASS_AR": null, "FCLASS_JP": null, "FCLASS_KO": null, "FCLASS_VN": null, "FCLASS_TR": null, "FCLASS_ID": null, "FCLASS_PL": null, "FCLASS_GR": null, "FCLASS_IT": null, "FCLASS_NL": null, "FCLASS_SE": null, "FCLASS_BD": null, "FCLASS_UA": null, "ne_id": 1746711713, "BRK_A3": null, "FCLASS_OSM": null, "FCLASS_TLC": null }, "geometry": { "type": "LineString", "coordinates": [ [ -74.054622, 40.653406 ], [ -74.085614770305369, 40.654426283945838 ], [ -74.120614949020649, 40.641301217377247 ], [ -74.143802567734326, 40.641738719566206 ], [ -74.172240212715622, 40.648738755489148 ], [ -74.199802854218319, 40.631238666131537 ], [ -74.202797211721929, 40.589966580393366 ], [ -74.214677930442122, 40.567363339346628 ], [ -74.229464111379627, 40.560759976391751 ], [ -74.248365601691148, 40.545488228099202 ], [ -74.250115611346359, 40.527550636552633 ], [ -74.259303158214152, 40.510488049383923 ], [ -74.256678144181024, 40.490800448182142 ], [ -74.226756412328086, 40.477498803726341 ], [ -74.187552791128383, 40.480300394747417 ] ] } },
{ "type": "Feature", "properties": { "FEATURECLA": "Admin-1 boundary", "NAME": null, "ADM0_A3": "USA", "ADM0_NAME": "United States of America", "SHAPE_LENG": 0.00109630712, "MAPCOLOR13": 1.0, "MAPCOLOR9": 1.0, "SOV_A3": "US1", "NAME_L": null, "NAME_R": null, "NAME_ALT_L": null, "NAME_ALT_R": null, "NAME_LOC_L": null, "NAME_LOC_R": null, "NAME_LEN_L": 0.0, "NAME_LEN_R": 0.0, "NOTE": "US_122", "TYPE": null, "MIN_ZOOM": 2.0, "MIN_LABEL": 7.5, "SCALERANK": 2, "FCLASS_ISO": null, "FCLASS_US": null, "FCLASS_FR": null, "FCLASS_RU": null, "FCLASS_ES": null, "FCLASS_CN": null, "FCLASS_TW": null, "FCLASS_IN": null, "FCLASS_NP": null, "FCLASS_PK": null, "FCLASS_DE": null, "FCLASS_GB": null, "FCLASS_BR": null, "FCLASS_IL": null, "FCLASS_PS": null, "FCLASS_SA": null, "FCLASS_EG": null, "FCLASS_MA": null, "FCLASS_PT": null, "FCLASS_AR": null, "FCLASS_JP": null, "FCLASS_KO": null, "FCLASS_VN": null, "FCLASS_TR": null, "FCLASS_ID": null, "FCLASS_PL": null, "FCLASS_GR": null, "FCLASS_IT": null, "FCLASS_NL": null, "FCLASS_SE": null, "FCLASS_BD": null, "FCLASS_UA": null, "ne_id": 1746711721, "BRK_A3": null, "FCLASS_OSM": null, "FCLASS_TLC": null }, "geometry": { "type": "LineString", "coordinates": [ [ -71.121964183600198, 41.512946367580753 ], [ -71.121965637803953, 41.512959386166699 ] ] } },
{ "type": "Feature", "properties": { "FEATURECLA": "Admin-1 boundary", "NAME": null, "ADM0_A3": "USA", "ADM0_NAME": "United States of America", "SHAPE_LENG": 0.53132540160999997, "MAPCOLOR13": 1.0, "MAPCOLOR9": 1.0, "SOV_A3": "US1", "NAME_L": null, "NAME_R": null, "NAME_ALT_L": null, "NAME_ALT_R": null, "NAME_LOC_L": null, "NAME_LOC_R": null, "NAME_LEN_L": 0.0, "NAME_LEN_R": 0.0, "NOTE": "US_120", "TYPE": null, "MIN_ZOOM": 2.0, "MIN_LABEL": 7.5, "SCALERANK": 2, "FCLASS_ISO": null, "FCLASS_US": null, "FCLASS_FR": null, "FCLASS_RU": null, "FCLASS_ES": null, "FCLASS_CN": null, "FCLASS_TW": null, "FCLASS_IN": null, "FCLASS_NP": null, "FCLASS_PK": null, "FCLASS_DE": null, "FCLASS_GB": null, "FCLASS_BR": null, "FCLASS_IL": null, "FCLASS_PS": null, "FCLASS_SA": null, "FCLASS_EG": null, "FCLASS_MA": null, "FCLASS_PT": null, "FCLASS_AR": null, "FCLASS_JP": null, "FCLASS_KO": null, "FCLASS_VN": null, "FCLASS_TR": null, "FCLASS_ID": null, "FCLASS_PL": null, "FCLASS_GR": null, "FCLASS_IT": null, "FCLASS_NL": null, "FCLASS_SE": null, "FCLASS_BD": null, "FCLASS_UA": null, "ne_id": 1746711725, "BRK_A3": null, "FCLASS_OSM": null, "FCLASS_TLC": null }, "geometry": { "type": "LineString", "coordinates": [ [ -124.214521385353635, 41.999540221404061 ], [ -124.219256635185559, 41.999540221404061 ], [ -124.219294362644689, 41.999540221404061 ] ] } },
{ "type": "Feature", "properties": { "FEATURECLA": "Admin-1 boundary", "NAME": null, "ADM0_A3": "USA", "ADM0_NAME": "United States of America", "SHAPE_LENG": 12.5450675667, "MAPCOLOR13": 1.0, "MAPCOLOR9": 1.0, "SOV_A3": "US1", "NAME_L": null, "NAME_R": null, "NAME_ALT_L": null, "NAME_ALT_R": null, "NAME_LOC_L": null, "NAME_LOC_R": null, "NAME_LEN_L": 0.0, "NAME_LEN_R": 0.0, "NOTE": "US_1001", "TYPE": null, "MIN_ZOOM": 2.0, "MIN_LABEL": 7.5, "SCALERANK": 9, "FCLASS_ISO": null, "FCLASS_US": null, "FCLASS_FR": null, "FCLASS_RU": null, "FCLASS_ES": null, "FCLASS_CN": null, "FCLASS_TW": null, "FCLASS_IN": null, "FCLASS_NP": null, "FCLASS_PK": null, "FCLASS_DE": null, "FCLASS_GB": null, "FCLASS_BR": null, "FCLASS_IL": null, "FCLASS_PS": null, "FCLASS_SA": null, "FCLASS_EG": null, "FCLASS_MA": null, "FCLASS_PT": null, "FCLASS_AR": null, "FCLASS_JP": null, "FCLASS_KO": null, "FCLASS_VN": null, "FCLASS_TR": null, "FCLASS_ID": null, "FCLASS_PL": null, "FCLASS_GR": null, "FCLASS_IT": null, "FCLASS_NL": null, "FCLASS_SE": null, "FCLASS_BD": null, "FCLASS_UA": null, "ne_id": 1746711727, "BRK_A3": null, "FCLASS_OSM": null, "FCLASS_TLC": null }, "geometry": { "type": "LineString", "coordinates": [ [ -89.257439716637947, 30.183024631083057 ], [ -89.183669, 30.212155 ], [ -89.096476, 30.165829 ] ] } },
{ "type": "Feature", "properties": { "FEATURECLA": "Admin-1 boundary", "NAME": null, "ADM0_A3": "USA", "ADM0_NAME": "United States of America", "SHAPE_LENG": 11.3539312698, "MAPCOLOR13": 1.0, "MAPCOLOR9": 1.0, "SOV_A3": "US1", "NAME_L": null, "NAME_R": null, "NAME_ALT_L": null, "NAME_ALT_R": null, "NAME_LOC_L": null, "NAME_LOC_R": null, "NAME_LEN_L": 0.0, "NAME_LEN_R": 0.0, "NOTE": "US_1000", "TYPE": null, "MIN_ZOOM": 2.0, "MIN_LABEL": 7.5, "SCALERANK": 9, "FCLASS_ISO": null, "FCLASS_US": null, "FCLASS_FR": null, "FCLASS_RU": null, "FCLASS_ES": null, "FCLASS_CN": null, "FCLASS_TW": null, "FCLASS_IN": null, "FCLASS_NP": null, "FCLASS_PK": null, "FCLASS_DE": null, "FCLASS_GB": null, "FCLASS_BR": null, "FCLASS_IL": null, "FCLASS_PS": null, "FCLASS_SA": null, "FCLASS_EG": null, "FCLASS_MA": null, "FCLASS_PT": null, "FCLASS_AR": null, "FCLASS_JP": null, "FCLASS_KO": null, "FCLASS_VN": null, "FCLASS_TR": null, "FCLASS_ID": null, "FCLASS_PL": null, "FCLASS_GR": null, "FCLASS_IT": null, "FCLASS_NL": null, "FCLASS_SE": null, "FCLASS_BD": null, "FCLASS_UA": null, "ne_id": 1746711733, "BRK_A3": null, "FCLASS_OSM": null, "FCLASS_TLC": null }, "geometry": { "type": "LineString", "coordinates": [ [ -88.854913, 30.135532 ], [ -88.957833634350493, 30.148712257091084 ] ] } },
{ "type": "Feature", "properties": { "FEATURECLA": "Admin-1 boundary", "NAME": null, "ADM0_A3": "USA", "ADM0_NAME": "United States of America", "SHAPE_LENG": 0.00233062394, "MAPCOLOR13": 1.0, "MAPCOLOR9": 1.0, "SOV_A3": "US1", "NAME_L": null, "NAME_R": null, "NAME_ALT_L": null, "NAME_ALT_R": null, "NAME_LOC_L": null, "NAME_LOC_R": null, "NAME_LEN_L": 0.0, "NAME_LEN_R": 0.0, "NOTE": "US_65", "TYPE": null, "MIN_ZOOM": 2.0, "MIN_LABEL": 7.5, "SCALERANK": 2, "FCLASS_ISO": null, "FCLASS_US": null, "FCLASS_FR": null, "FCLASS_RU": null, "FCLASS_ES": null, "FCLASS_CN": null, "FCLASS_TW": null, "FCLASS_IN": null, "FCLASS_NP": null, "FCLASS_PK": null, "FCLASS_DE": null, "FCLASS_GB": null, "FCLASS_BR": null, "FCLASS_IL": null, "FCLASS_PS": null, "FCLASS_SA": null, "FCLASS_EG": null, "FCLASS_MA": null, "FCLASS_PT": null, "FCLASS_AR": null, "FCLASS_JP": null, "FCLASS_KO": null, "FCLASS_VN": null, "FCLASS_TR": null, "FCLASS_ID": null, "FCLASS_PL": null, "FCLASS_GR": null, "FCLASS_IT": null, "FCLASS_NL": null, "FCLASS_SE": null, "FCLASS_BD": null, "FCLASS_UA": null, "ne_id": 1746711735, "BRK_A3": null, "FCLASS_OSM": null, "FCLASS_TLC": null }, "geometry": { "type": "LineString", "coordinates": [ [ -88.40221339653101, 30.387830396155834 ], [ -88.402212043950669, 30.387806096474151 ] ] } },
{ "type": "Feature", "properties": { "FEATURECLA": "Admin-1 boundary", "NAME": null, "ADM0_A3": "USA", "ADM0_NAME": "United States of America", "SHAPE_LENG": 0.00220230729, "MAPCOLOR13": 1.0, "MAPCOLOR9": 1.0, "SOV_A3": "US1", "NAME_L": null, "NAME_R": null, "NAME_ALT_L": null, "NAME_ALT_R": null, "NAME_LOC_L": null, "NAME_LOC_R": null, "NAME_LEN_L": 0.0, "NAME_LEN_R": 0.0, "NOTE": "US_55", "TYPE": null, "MIN_ZOOM": 2.0, "MIN_LABEL": 7.5, "SCALERANK": 2, "FCLASS_ISO": null, "FCLASS_US": null, "FCLASS_FR": null, "FCLASS_RU": null, "FCLASS_ES": null, "FCLASS_CN": null, "FCLASS_TW": null, "FCLASS_IN": null, "FCLASS_NP": null, "FCLASS_PK": null, "FCLASS_DE": null, "FCLASS_GB": null, "FCLASS_BR": null, "FCLASS_IL": null, "FCLASS_PS": null, "FCLASS_SA": null, "FCLASS_EG": null, "FCLASS_MA": null, "FCLASS_PT": null, "FCLASS_AR": null, "FCLASS_JP": null, "FCLASS_KO": null, "FCLASS_VN": null, "FCLASS_TR": null, "FCLASS_ID": null, "FCLASS_PL": null, "FCLASS_GR": null, "FCLASS_IT": null, "FCLASS_NL": null, "FCLASS_SE": null, "FCLASS_BD": null, "FCLASS_UA": null, "ne_id": 1746711739, "BRK_A3": null, "FCLASS_OSM": null, "FCLASS_TLC": null }, "geometry": { "type": "LineString", "coordinates": [ [ -78.573145247455216, 33.882606364092396 ], [ -78.573129040772585, 33.882592662021693 ] ] } },
{ "type": "Feature", "properties": { "FEATURECLA": "Admin-1 boundary", "NAME": null, "ADM0_A3": "USA", "ADM0_NAME": "United States of America", "SHAPE_LENG": 0.00129917121, "MAPCOLOR13": 1.0, "MAPCOLOR9": 1.0, "SOV_A3": "US1", "NAME_L": null, "NAME_R": null, "NAME_ALT_L": null, "NAME_ALT_R": null, "NAME_LOC_L": null, "NAME_LOC_R": null, "NAME_LEN_L": 0.0, "NAME_LEN_R": 0.0, "NOTE": "US_46", "TYPE": null, "MIN_ZOOM": 2.0, "MIN_LABEL": 7.5, "SCALERANK": 2, "FCLASS_ISO": null, "FCLASS_US": null, "FCLASS_FR": null, "FCLASS_RU": null, "FCLASS_ES": null, "FCLASS_CN": null, "FCLASS_TW": null, "FCLASS_IN": null, "FCLASS_NP": null, "FCLASS_PK": null, "FCLASS_DE": null, "FCLASS_GB": null, "FCLASS_BR": null, "FCLASS_IL": null, "FCLASS_PS": null, "FCLASS_SA": null, "FCLASS_EG": null, "FCLASS_MA": null, "FCLASS_PT": null, "FCLASS_AR": null, "FCLASS_JP": null, "FCLASS_KO": null, "FCLASS_VN": null, "FCLASS_TR": null, "FCLASS_ID": null, "FCLASS_PL": null, "FCLASS_GR": null, "FCLASS_IT": null, "FCLASS_NL": null, "FCLASS_SE": null, "FCLASS_BD": null, "FCLASS_UA": null, "ne_id": 1746711743, "BRK_A3": null, "FCLASS_OSM": null, "FCLASS_TLC": null }, "geometry": { "type": "MultiLineString", "coordinates": [ [ [ -76.031722488002401, 36.550271525010828 ], [ -76.031725082546529, 36.55027154209796 ] ], [ [ -75.942975367719043, 36.54963480140492 ], [ -75.942977788693952, 36.549634819391372 ] ], [ [ -75.908956479757705, 36.549412684148024 ], [ -75.908963134740873, 36.549412722818886 ] ] ] } },
{ "type": "Feature", "properties": { "FEATURECLA": "Admin-1 boundary", "NAME": null, "ADM0_A3": "USA", "ADM0_NAME": "United States of America", "SHAPE_LENG": 0.00033804539, "MAPCOLOR13": 1.0, "MAPCOLOR9": 1.0, "SOV_A3": "US1", "NAME_L": null, "NAME_R": null, "NAME_ALT_L": null, "NAME_ALT_R": null, "NAME_LOC_L": null, "NAME_LOC_R": null, "NAME_LEN_L": 0.0, "NAME_LEN_R": 0.0, "NOTE": "US_33", "TYPE": null, "MIN_ZOOM": 2.0, "MIN_LABEL": 7.5, "SCALERANK": 2, "FCLASS_ISO": null, "FCLASS_US": null, "FCLASS_FR": null, "FCLASS_RU": null, "FCLASS_ES": null, "FCLASS_CN": null, "FCLASS_TW": null, "FCLASS_IN": null, "FCLASS_NP": null, "FCLASS_PK": null, "FCLASS_DE": null, "FCLASS_GB": null, "FCLASS_BR": null, "FCLASS_IL": null, "FCLASS_PS": null, "FCLASS_SA": null, "FCLASS_EG": null, "FCLASS_MA": null, "FCLASS_PT": null, "FCLASS_AR": null, "FCLASS_JP": null, "FCLASS_KO": null, "FCLASS_VN": null, "FCLASS_TR": null, "FCLASS_ID": null, "FCLASS_PL": null, "FCLASS_GR": null, "FCLASS_IT": null, "FCLASS_NL": null, "FCLASS_SE": null, "FCLASS_BD": null, "FCLASS_UA": null, "ne_id": 1746711749, "BRK_A3": null, "FCLASS_OSM": null, "FCLASS_TLC": null }, "geometry": { "type": "LineString", "coordinates": [ [ -73.907133886219867, 40.990812608714918 ], [ -73.907131018281859, 40.990811284912866 ] ] } },
{ "type": "Feature", "properties": { "FEATURECLA": "Admin-1 boundary", "NAME": null, "ADM0_A3": "USA", "ADM0_NAME": "United States of America", "SHAPE_LENG": 5.4857811001299996, "MAPCOLOR13": 1.0, "MAPCOLOR9": 1.0, "SOV_A3": "US1", "NAME_L": null, "NAME_R": null, "NAME_ALT_L": null, "NAME_ALT_R": null, "NAME_LOC_L": null, "NAME_LOC_R": null, "NAME_LEN_L": 0.0, "NAME_LEN_R": 0.0, "NOTE": null, "TYPE": null, "MIN_ZOOM": 2.0, "MIN_LABEL": 7.5, "SCALERANK": 9, "FCLASS_ISO": null, "FCLASS_US": null, "FCLASS_FR": null, "FCLASS_RU": null, "FCLASS_ES": null, "FCLASS_CN": null, "FCLASS_TW": null, "FCLASS_IN": null, "FCLASS_NP": null, "FCLASS_PK": null, "FCLASS_DE": null, "FCLASS_GB": null, "FCLASS_BR": null, "FCLASS_IL": null, "FCLASS_PS": null, "FCLASS_SA": null, "FCLASS_EG": null, "FCLASS_MA": null, "FCLASS_PT": null, "FCLASS_AR": null, "FCLASS_JP": null, "FCLASS_KO": null, "FCLASS_VN": null, "FCLASS_TR": null, "FCLASS_ID": null, "FCLASS_PL": null, "FCLASS_GR": null, "FCLASS_IT": null, "FCLASS_NL": null, "FCLASS_SE": null, "FCLASS_BD": null, "FCLASS_UA": null, "ne_id": 1746711753, "BRK_A3": null, "FCLASS_OSM": null, "FCLASS_TLC": null }, "geometry": { "type": "LineString", "coordinates": [ [ -71.236382928952352, 41.709209263942491 ], [ -71.193961003597451, 41.676861492763635 ] ] } },
{ "type": "Feature", "properties": { "FEATURECLA": "Admin-1 boundary", "NAME": "Wyoming - Utah", "ADM0_A3": "USA", "ADM0_NAME": "United States of America", "SHAPE_LENG": 306.35001387599999, "MAPCOLOR13": 1.0, "MAPCOLOR9": 1.0, "SOV_A3": "US1", "NAME_L": "Wyoming", "NAME_R": "Utah", "NAME_ALT_L": "WY|Wyo.", "NAME_ALT_R": "UT", "NAME_LOC_L": null, "NAME_LOC_R": null, "NAME_LEN_L": 7.0, "NAME_LEN_R": 4.0, "NOTE": "US_109", "TYPE": null, "MIN_ZOOM": 2.0, "MIN_LABEL": 7.5, "SCALERANK": 2, "FCLASS_ISO": null, "FCLASS_US": null, "FCLASS_FR": null, "FCLASS_RU": null, "FCLASS_ES": null, "FCLASS_CN": null, "FCLASS_TW": null, "FCLASS_IN": null, "FCLASS_NP": null, "FCLASS_PK": null, "FCLASS_DE": null, "FCLASS_GB": null, "FCLASS_BR": null, "FCLASS_IL": null, "FCLASS_PS": null, "FCLASS_SA": null, "FCLASS_EG": null, "FCLASS_MA": null, "FCLASS_PT": null, "FCLASS_AR": null, "FCLASS_JP": null, "FCLASS_KO": null, "FCLASS_VN": null, "FCLASS_TR": null, "FCLASS_ID": null, "FCLASS_PL": null, "FCLASS_GR": null, "FCLASS_IT": null, "FCLASS_NL": null, "FCLASS_SE": null, "FCLASS_BD": null, "FCLASS_UA": null, "ne_id": 1746714497, "BRK_A3": null, "FCLASS_OSM": null, "FCLASS_TLC": null }, "geometry": { "type": "MultiLineString", "coordinates": [ [ [ -111.05023808032314, 41.999833189050435 ], [ -111.05023808032314, 41.93733318917532 ], [ -111.050189251632617, 41.874857603195835 ], [ -111.050164837737043, 41.812382018115613 ], [ -111.050164837737043, 41.749906432136129 ], [ -111.050164837737043, 41.68738201836544 ], [ -111.050140423841469, 41.624955260177103 ], [ -111.050091596050265, 41.562430846406414 ], [ -111.050091596050265, 41.49995526042693 ], [ -111.050091596050265, 41.437455260551815 ], [ -111.050042767359798, 41.37495525977738 ], [ -111.050018352564905, 41.312504087693469 ], [ -111.050018352564905, 41.24997967392278 ], [ -111.050018352564905, 41.187504087943296 ], [ -111.050018352564905, 41.125028501963754 ], [ -111.050018352564905, 41.06255291598427 ], [ -111.049993938669331, 41.000052916109155 ] ], [ [ -111.049920696982554, 41.000052916109155 ], [ -111.049920696982554, 41.000028502213581 ], [ -111.049920696982554, 40.999979674422434 ], [ -111.049920696982554, 40.99993084573191 ], [ -111.049920696982554, 40.999906431836337 ], [ -111.049920696982554, 40.999882017940763 ], [ -111.049920696982554, 40.999833189250239 ] ], [ [ -111.049993938669331, 41.000052916109155 ], [ -111.049920696982554, 41.000052916109155 ] ], [ [ -111.049920696982554, 40.999833189250239 ], [ -110.924725385168358, 40.999833189250239 ], [ -110.799481243764376, 40.999833189250239 ], [ -110.674237103259657, 40.999833189250239 ], [ -110.549041791445518, 40.999833189250239 ], [ -110.423822063937052, 40.999833189250239 ], [ -110.29857792433171, 40.999833189250239 ], [ -110.173358196823301, 40.999833189250239 ], [ -110.048138471113532, 40.999833189250239 ], [ -109.922918743605123, 40.999833189250239 ], [ -109.797674603100404, 40.999833189250239 ], [ -109.672479291286265, 40.999833189250239 ], [ -109.547235149882226, 40.999833189250239 ], [ -109.422015424172457, 40.999833189250239 ], [ -109.296820110559622, 40.999833189250239 ], [ -109.171575970954279, 40.999833189250239 ], [ -109.046331829550297, 40.999833189250239 ] ] ] } },
{ "type": "Feature", "properties": { "FEATURECLA": "Admin-1 boundary", "NAME": "Utah - Nevada", "ADM0_A3": "USA", "ADM0_NAME": "United States of America", "SHAPE_LENG": 428.520032302, "MAPCOLOR13": 1.0, "MAPCOLOR9": 1.0, "SOV_A3": "US1", "NAME_L": "Utah", "NAME_R": "Nevada", "NAME_ALT_L": "UT", "NAME_ALT_R": "NV|Nev.", "NAME_LOC_L": null, "NAME_LOC_R": null, "NAME_LEN_L": 4.0, "NAME_LEN_R": 6.0, "NOTE": "US_108", "TYPE": null, "MIN_ZOOM": 2.0, "MIN_LABEL": 7.5, "SCALERANK": 2, "FCLASS_ISO": null, "FCLASS_US": null, "FCLASS_FR": null, "FCLASS_RU": null, "FCLASS_ES": null, "FCLASS_CN": null, "FCLASS_TW": null, "FCLASS_IN": null, "FCLASS_NP": null, "FCLASS_PK": null, "FCLASS_DE": null, "FCLASS_GB": null, "FCLASS_BR": null, "FCLASS_IL": null, "FCLASS_PS": null, "FCLASS_SA": null, "FCLASS_EG": null, "FCLASS_MA": null, "FCLASS_PT": null, "FCLASS_AR": null, "FCLASS_JP": null, "FCLASS_KO": null, "FCLASS_VN": null, "FCLASS_TR": null, "FCLASS_ID": null, "FCLASS_PL": null, "FCLASS_GR": null, "FCLASS_IT": null, "FCLASS_NL": null, "FCLASS_SE": null, "FCLASS_BD": null, "FCLASS_UA": null, "ne_id": 1746714503, "BRK_A3": null, "FCLASS_OSM": null, "FCLASS_TLC": null }, "geometry": { "type": "LineString", "coordinates": [ [ -114.042547649554365, 42.000077329804924 ], [ -114.042523235658791, 41.843900572253574 ], [ -114.042401166180866, 41.687797057288321 ], [ -114.042352338389662, 41.531571471046504 ], [ -114.042254681008671, 41.375467955181989 ], [ -114.042205853217524, 41.219315611526213 ], [ -114.042108196735853, 41.0631388530756 ], [ -114.042059368944706, 40.907010924214774 ], [ -114.041961713362355, 40.750834165764104 ], [ -114.041888470776257, 40.594681822108384 ], [ -114.041790814294643, 40.438505064557035 ], [ -114.041741985604119, 40.282401548692519 ], [ -114.041644330021768, 40.126200377245596 ], [ -114.041595502230621, 39.97007244748545 ], [ -114.041473430954056, 39.81392010293041 ], [ -114.041424603162852, 39.65774334627838 ], [ -114.041375775371705, 39.501591001723341 ], [ -114.041326946681238, 39.345463071963195 ], [ -114.041278118890034, 39.189286314411845 ], [ -114.041180463307683, 39.033109556860552 ], [ -114.041131634617216, 38.87700604099598 ], [ -114.041009564239971, 38.720804869549056 ], [ -114.040960736448824, 38.56467693888959 ], [ -114.040863079967153, 38.408500182237617 ], [ -114.040814252175949, 38.252347838581841 ], [ -114.040716595694335, 38.096195494026801 ], [ -114.040643353108237, 37.940067564266656 ], [ -114.040545696626566, 37.783890806715362 ], [ -114.040496868835419, 37.627738463059586 ], [ -114.040399213253068, 37.47161053329944 ], [ -114.040350384562601, 37.315384947057623 ], [ -114.04025272808093, 37.159281432092371 ], [ -114.040203900289725, 37.003129088436651 ] ] } },
{ "type": "Feature", "properties": { "FEATURECLA": "Admin-1 boundary", "NAME": "Utah - Arizona", "ADM0_A3": "USA", "ADM0_NAME": "United States of America", "SHAPE_LENG": 555.882761684, "MAPCOLOR13": 1.0, "MAPCOLOR9": 1.0, "SOV_A3": "US1", "NAME_L": "Utah", "NAME_R": "Arizona", "NAME_ALT_L": "UT", "NAME_ALT_R": "AZ|Ariz.", "NAME_LOC_L": null, "NAME_LOC_R": null, "NAME_LEN_L": 4.0, "NAME_LEN_R": 7.0, "NOTE": "US_107", "TYPE": null, "MIN_ZOOM": 2.0, "MIN_LABEL": 7.5, "SCALERANK": 2, "FCLASS_ISO": null, "FCLASS_US": null, "FCLASS_FR": null, "FCLASS_RU": null, "FCLASS_ES": null, "FCLASS_CN": null, "FCLASS_TW": null, "FCLASS_IN": null, "FCLASS_NP": null, "FCLASS_PK": null, "FCLASS_DE": null, "FCLASS_GB": null, "FCLASS_BR": null, "FCLASS_IL": null, "FCLASS_PS": null, "FCLASS_SA": null, "FCLASS_EG": null, "FCLASS_MA": null, "FCLASS_PT": null, "FCLASS_AR": null, "FCLASS_JP": null, "FCLASS_KO": null, "FCLASS_VN": null, "FCLASS_TR": null, "FCLASS_ID": null, "FCLASS_PL": null, "FCLASS_GR": null, "FCLASS_IT": null, "FCLASS_NL": null, "FCLASS_SE": null, "FCLASS_BD": null, "FCLASS_UA": null, "ne_id": 1746714507, "BRK_A3": null, "FCLASS_OSM": null, "FCLASS_TLC": null }, "geometry": { "type": "LineString", "coordinates": [ [ -114.040203900289725, 37.003129088436651 ], [ -113.884149213115677, 37.003007018059407 ], [ -113.728118938937882, 37.002909361577736 ], [ -113.572039837868203, 37.002811705096065 ], [ -113.415985149794778, 37.00268963471882 ], [ -113.259979291311197, 37.002591978237206 ], [ -113.103924603237829, 37.002494321755535 ], [ -112.947869916063723, 37.002396666173183 ], [ -112.791815227990355, 37.002299009691512 ], [ -112.63578495471188, 37.002201353209841 ], [ -112.479705852742882, 37.002079282832597 ], [ -112.323651165568833, 37.001981627250302 ], [ -112.167645306185932, 37.001883970768631 ], [ -112.011590619011827, 37.001761900391386 ], [ -111.855511517042828, 37.001664243909715 ], [ -111.699481243764353, 37.001566588327364 ], [ -111.543426555690985, 37.001468931845693 ], [ -111.387347454621306, 37.001371275364022 ], [ -111.231317181342831, 37.001249204986777 ], [ -111.075262494168726, 37.001151549404483 ], [ -110.919207806095358, 37.001053892922812 ], [ -110.763177532816883, 37.000931822545567 ], [ -110.607122845642778, 37.000834166063896 ], [ -110.451043743673836, 37.000736510481545 ], [ -110.295013471294624, 37.000638853100554 ], [ -110.138983197116829, 37.000541197518203 ], [ -109.982928509942781, 37.000443541036589 ], [ -109.826849407973782, 37.000321471558664 ], [ -109.670843548590881, 37.000223814177673 ], [ -109.514788861416775, 37.000126157696002 ], [ -109.358709760347153, 37.000004088218077 ], [ -109.202679486169302, 36.999906431736406 ], [ -109.046624798995254, 36.999808775254735 ] ] } },
{ "type": "Feature", "properties": { "FEATURECLA": "Admin-1 boundary", "NAME": "New Mexico - Arizona", "ADM0_A3": "USA", "ADM0_NAME": "United States of America", "SHAPE_LENG": 520.97214222699995, "MAPCOLOR13": 1.0, "MAPCOLOR9": 1.0, "SOV_A3": "US1", "NAME_L": "New Mexico", "NAME_R": "Arizona", "NAME_ALT_L": "NM|N.M.", "NAME_ALT_R": "AZ|Ariz.", "NAME_LOC_L": null, "NAME_LOC_R": null, "NAME_LEN_L": 10.0, "NAME_LEN_R": 7.0, "NOTE": "US_106", "TYPE": null, "MIN_ZOOM": 2.0, "MIN_LABEL": 7.5, "SCALERANK": 2, "FCLASS_ISO": null, "FCLASS_US": null, "FCLASS_FR": null, "FCLASS_RU": null, "FCLASS_ES": null, "FCLASS_CN": null, "FCLASS_TW": null, "FCLASS_IN": null, "FCLASS_NP": null, "FCLASS_PK": null, "FCLASS_DE": null, "FCLASS_GB": null, "FCLASS_BR": null, "FCLASS_IL": null, "FCLASS_PS": null, "FCLASS_SA": null, "FCLASS_EG": null, "FCLASS_MA": null, "FCLASS_PT": null, "FCLASS_AR": null, "FCLASS_JP": null, "FCLASS_KO": null, "FCLASS_VN": null, "FCLASS_TR": null, "FCLASS_ID": null, "FCLASS_PL": null, "FCLASS_GR": null, "FCLASS_IT": null, "FCLASS_NL": null, "FCLASS_SE": null, "FCLASS_BD": null, "FCLASS_UA": null, "ne_id": 1746714511, "BRK_A3": null, "FCLASS_OSM": null, "FCLASS_TLC": null }, "geometry": { "type": "LineString", "coordinates": [ [ -109.046624798995254, 36.999808775254735 ], [ -109.046649212890827, 36.822709166195068 ], [ -109.046649212890827, 36.645609557135344 ], [ -109.046698040682031, 36.468461119385154 ], [ -109.046746869372498, 36.291385924221004 ], [ -109.046746869372498, 36.114310728157534 ], [ -109.046771283268072, 35.937186705202237 ], [ -109.046795697163645, 35.76008709614257 ], [ -109.046795697163645, 35.582987486183526 ], [ -109.046844524954849, 35.405912291019376 ], [ -109.046893352745997, 35.22881268195971 ], [ -109.046893352745997, 35.051688658105093 ], [ -109.046942181436521, 34.874589049045369 ], [ -109.046942181436521, 34.697513852981899 ], [ -109.046942181436521, 34.520365416131028 ], [ -109.047015424022561, 34.343265807071305 ], [ -109.047064251813765, 34.166190611007892 ], [ -109.047064251813765, 33.989091001948168 ], [ -109.047088665709339, 33.812015806784018 ], [ -109.047113079604912, 33.634891782929401 ], [ -109.047113079604912, 33.457816587765308 ], [ -109.047161908295436, 33.280716977806264 ], [ -109.047210736086583, 33.103592954850967 ], [ -109.047210736086583, 32.926493345791243 ], [ -109.047235149982157, 32.7493937358322 ], [ -109.047259563877731, 32.572294126772533 ], [ -109.047259563877731, 32.395218932507703 ], [ -109.047332805564508, 32.218070493858193 ], [ -109.047381635154295, 32.040995298694043 ], [ -109.047381635154295, 31.863895688734999 ], [ -109.047381635154295, 31.686771665779759 ], [ -109.047430462945499, 31.509672056720035 ], [ -109.047430462945499, 31.332572446760992 ], [ -109.047430462945499, 31.332425963387493 ], [ -109.047430462945499, 31.332279478215355 ], [ -109.047430462945499, 31.33213299394248 ], [ -109.047430462945499, 31.331962095774088 ], [ -109.047430462945499, 31.33181561150127 ], [ -109.047430462945499, 31.331644713332821 ], [ -109.047430462945499, 31.331498228160683 ], [ -109.047430462945499, 31.331351743887865 ], [ -109.047430462945499, 31.331180845719416 ], [ -109.047430462945499, 31.331034361446598 ], [ -109.047430462945499, 31.330863463278206 ], [ -109.047430462945499, 31.330716978106011 ], [ -109.047430462945499, 31.330570493833193 ], [ -109.047430462945499, 31.330424010459694 ], [ -109.047430462945499, 31.330253111391983 ], [ -109.047430462945499, 31.330106627119108 ], [ -109.047430462945499, 31.329935728051396 ], [ -109.047430462945499, 31.329789243778578 ], [ -109.047430462945499, 31.329642760405022 ], [ -109.047430462945499, 31.329496275232884 ], [ -109.047430462945499, 31.329325377064492 ], [ -109.047430462945499, 31.329178892791674 ], [ -109.047430462945499, 31.329007993723906 ], [ -109.047430462945499, 31.328861510350407 ], [ -109.047430462945499, 31.328715025178269 ], [ -109.047430462945499, 31.32854412700982 ], [ -109.047430462945499, 31.328373227942109 ], [ -109.047430462945499, 31.328251158464184 ], [ -109.047430462945499, 31.328080260295735 ], [ -109.047430462945499, 31.327909361228023 ], [ -109.047430462945499, 31.327787290850779 ], [ -109.047430462945499, 31.327689635268428 ], [ -109.047430462945499, 31.32739125640137 ] ] } },
{ "type": "Feature", "properties": { "FEATURECLA": "Admin-1 boundary", "NAME": "Wyoming - Colorado", "ADM0_A3": "USA", "ADM0_NAME": "United States of America", "SHAPE_LENG": 555.77397229400003, "MAPCOLOR13": 1.0, "MAPCOLOR9": 1.0, "SOV_A3": "US1", "NAME_L": "Wyoming", "NAME_R": "Colorado", "NAME_ALT_L": "WY|Wyo.", "NAME_ALT_R": "CO|Colo.", "NAME_LOC_L": null, "NAME_LOC_R": null, "NAME_LEN_L": 7.0, "NAME_LEN_R": 8.0, "NOTE": "US_105", "TYPE": null, "MIN_ZOOM": 2.0, "MIN_LABEL": 7.5, "SCALERANK": 2, "FCLASS_ISO": null, "FCLASS_US": null, "FCLASS_FR": null, "FCLASS_RU": null, "FCLASS_ES": null, "FCLASS_CN": null, "FCLASS_TW": null, "FCLASS_IN": null, "FCLASS_NP": null, "FCLASS_PK": null, "FCLASS_DE": null, "FCLASS_GB": null, "FCLASS_BR": null, "FCLASS_IL": null, "FCLASS_PS": null, "FCLASS_SA": null, "FCLASS_EG": null, "FCLASS_MA": null, "FCLASS_PT": null, "FCLASS_AR": null, "FCLASS_JP": null, "FCLASS_KO": null, "FCLASS_VN": null, "FCLASS_TR": null, "FCLASS_ID": null, "FCLASS_PL": null, "FCLASS_GR": null, "FCLASS_IT": null, "FCLASS_NL": null, "FCLASS_SE": null, "FCLASS_BD": null, "FCLASS_UA": null, "ne_id": 1746714515, "BRK_A3": null, "FCLASS_OSM": null, "FCLASS_TLC": null }, "geometry": { "type": "LineString", "coordinates": [ [ -109.046331829550297, 40.999833189250239 ], [ -108.889324994153128, 40.999833189250239 ], [ -108.732269330065492, 40.999833189250239 ], [ -108.57526249376906, 40.999833189250239 ], [ -108.418255658371891, 40.999833189250239 ], [ -108.261273235971032, 40.999833189250239 ], [ -108.104217571883396, 40.999833189250239 ], [ -107.94718632169139, 40.999833189250239 ], [ -107.790155072398647, 40.999833189250239 ], [ -107.633123822206585, 40.999833189250239 ], [ -107.476092572014579, 40.999833189250239 ], [ -107.319061321822517, 40.999833189250239 ], [ -107.162054486425404, 40.999833189250239 ], [ -107.005072064024489, 40.999833189250239 ], [ -106.84801639993691, 40.999833189250239 ], [ -106.690985149744847, 40.999833189250239 ], [ -106.533953899552785, 40.999833189250239 ], [ -106.376922650260099, 40.999833189250239 ], [ -106.219891400068036, 40.999833189250239 ], [ -106.062860149875974, 40.999833189250239 ], [ -105.905853313579541, 40.999833189250239 ], [ -105.748870892078003, 40.999833189250239 ], [ -105.591815227990367, 40.999833189250239 ], [ -105.434783977798304, 40.999833189250239 ], [ -105.277752727606298, 40.999833189250239 ], [ -105.120721478313556, 40.999833189250239 ], [ -104.963714642017067, 40.999833189250239 ], [ -104.806732221414848, 40.999833189250239 ], [ -104.649700971222842, 40.999833189250239 ], [ -104.492645306235886, 40.999833189250239 ], [ -104.335614056043823, 40.999833189250239 ], [ -104.178582805851761, 40.999833189250239 ], [ -104.053729291273726, 40.999833189250239 ] ] } },
{ "type": "Feature", "properties": { "FEATURECLA": "Admin-1 boundary", "NAME": "Colorado - Utah", "ADM0_A3": "USA", "ADM0_NAME": "United States of America", "SHAPE_LENG": 345.49104430800003, "MAPCOLOR13": 1.0, "MAPCOLOR9": 1.0, "SOV_A3": "US1", "NAME_L": "Colorado", "NAME_R": "Utah", "NAME_ALT_L": "CO|Colo.", "NAME_ALT_R": "UT", "NAME_LOC_L": null, "NAME_LOC_R": null, "NAME_LEN_L": 8.0, "NAME_LEN_R": 4.0, "NOTE": "US_104", "TYPE": null, "MIN_ZOOM": 2.0, "MIN_LABEL": 7.5, "SCALERANK": 2, "FCLASS_ISO": null, "FCLASS_US": null, "FCLASS_FR": null, "FCLASS_RU": null, "FCLASS_ES": null, "FCLASS_CN": null, "FCLASS_TW": null, "FCLASS_IN": null, "FCLASS_NP": null, "FCLASS_PK": null, "FCLASS_DE": null, "FCLASS_GB": null, "FCLASS_BR": null, "FCLASS_IL": null, "FCLASS_PS": null, "FCLASS_SA": null, "FCLASS_EG": null, "FCLASS_MA": null, "FCLASS_PT": null, "FCLASS_AR": null, "FCLASS_JP": null, "FCLASS_KO": null, "FCLASS_VN": null, "FCLASS_TR": null, "FCLASS_ID": null, "FCLASS_PL": null, "FCLASS_GR": null, "FCLASS_IT": null, "FCLASS_NL": null, "FCLASS_SE": null, "FCLASS_BD": null, "FCLASS_UA": null, "ne_id": 1746714521, "BRK_A3": null, "FCLASS_OSM": null, "FCLASS_TLC": null }, "geometry": { "type": "LineString", "coordinates": [ [ -109.046331829550297, 40.999833189250239 ], [ -109.046331829550297, 40.874808774705173 ], [ -109.046331829550297, 40.749833188850573 ], [ -109.046331829550297, 40.624857602995974 ], [ -109.046380658240764, 40.49983318935017 ], [ -109.046453899927542, 40.374808774805103 ], [ -109.046453899927542, 40.2497843611593 ], [ -109.046453899927542, 40.1248087753047 ], [ -109.046453899927542, 39.999833189450101 ], [ -109.046453899927542, 39.874833188800608 ], [ -109.046453899927542, 39.749808775154804 ], [ -109.046453899927542, 39.624808775404631 ], [ -109.046453899927542, 39.499808774755138 ], [ -109.046502727718689, 39.374784361109334 ], [ -109.046502727718689, 39.249808775254735 ], [ -109.046502727718689, 39.124808775504562 ], [ -109.046502727718689, 38.999808774855069 ], [ -109.046502727718689, 38.874833189000469 ], [ -109.046502727718689, 38.749833189250239 ], [ -109.046502727718689, 38.624833189500066 ], [ -109.046551556409156, 38.499808774955 ], [ -109.04660038509968, 38.374759947413622 ], [ -109.04660038509968, 38.249784361559023 ], [ -109.04660038509968, 38.124808774805103 ], [ -109.04660038509968, 37.99980877505493 ], [ -109.04660038509968, 37.8748087753047 ], [ -109.04660038509968, 37.749784360759634 ], [ -109.04660038509968, 37.624833188800608 ], [ -109.04660038509968, 37.499808775154804 ], [ -109.04660038509968, 37.374759946714164 ], [ -109.04660038509968, 37.249759946963934 ], [ -109.04660038509968, 37.124784361109334 ], [ -109.046624798995254, 36.999808775254735 ] ] } },
{ "type": "Feature", "properties": { "FEATURECLA": "Admin-1 boundary", "NAME": "New Mexico - Colorado", "ADM0_A3": "USA", "ADM0_NAME": "United States of America", "SHAPE_LENG": 673.01818219699999, "MAPCOLOR13": 1.0, "MAPCOLOR9": 1.0, "SOV_A3": "US1", "NAME_L": "New Mexico", "NAME_R": "Colorado", "NAME_ALT_L": "NM|N.M.", "NAME_ALT_R": "CO|Colo.", "NAME_LOC_L": null, "NAME_LOC_R": null, "NAME_LEN_L": 10.0, "NAME_LEN_R": 8.0, "NOTE": "US_103", "TYPE": null, "MIN_ZOOM": 2.0, "MIN_LABEL": 7.5, "SCALERANK": 2, "FCLASS_ISO": null, "FCLASS_US": null, "FCLASS_FR": null, "FCLASS_RU": null, "FCLASS_ES": null, "FCLASS_CN": null, "FCLASS_TW": null, "FCLASS_IN": null, "FCLASS_NP": null, "FCLASS_PK": null, "FCLASS_DE": null, "FCLASS_GB": null, "FCLASS_BR": null, "FCLASS_IL": null, "FCLASS_PS": null, "FCLASS_SA": null, "FCLASS_EG": null, "FCLASS_MA": null, "FCLASS_PT": null, "FCLASS_AR": null, "FCLASS_JP": null, "FCLASS_KO": null, "FCLASS_VN": null, "FCLASS_TR": null, "FCLASS_ID": null, "FCLASS_PL": null, "FCLASS_GR": null, "FCLASS_IT": null, "FCLASS_NL": null, "FCLASS_SE": null, "FCLASS_BD": null, "FCLASS_UA": null, "ne_id": 1746714525, "BRK_A3": null, "FCLASS_OSM": null, "FCLASS_TLC": null }, "geometry": { "type": "LineString", "coordinates": [ [ -103.000799603418955, 36.999808775254735 ], [ -103.189740032776285, 36.999808775254735 ], [ -103.378680463032936, 36.999808775254735 ], [ -103.567596477595316, 36.999808775254735 ], [ -103.756536907851967, 36.999808775254735 ], [ -103.945452924213043, 36.999808775254735 ], [ -104.134368938775481, 36.999808775254735 ], [ -104.323284955136558, 36.999808775254735 ], [ -104.512249799288782, 36.999808775254735 ], [ -104.701239056437259, 36.999808775254735 ], [ -104.890130658003443, 36.999808775254735 ], [ -105.079071088260093, 36.999808775254735 ], [ -105.267987102822531, 36.999808775254735 ], [ -105.456903119183607, 36.999808775254735 ], [ -105.645819134645308, 36.999808775254735 ], [ -105.834735150107065, 36.999808775254735 ], [ -106.023699994259289, 36.999808775254735 ], [ -106.212664838411513, 36.999808775254735 ], [ -106.40158085297395, 36.999808775254735 ], [ -106.590521283230601, 36.999808775254735 ], [ -106.779437298692358, 36.999808775254735 ], [ -106.968353314154115, 36.999808775254735 ], [ -107.157269329615872, 36.999808775254735 ], [ -107.346209759872522, 36.999808775254735 ], [ -107.535174603125427, 36.999808775254735 ], [ -107.724115033382077, 36.999808775254735 ], [ -107.913055462739408, 36.999808775254735 ], [ -108.101971478201108, 36.999808775254735 ], [ -108.290887493662865, 36.999808775254735 ], [ -108.479803510023942, 36.999808775254735 ], [ -108.668743939381272, 36.999808775254735 ], [ -108.857659954843029, 36.999808775254735 ], [ -109.046624798995254, 36.999808775254735 ] ] } },
{ "type": "Feature", "properties": { "FEATURECLA": "Admin-1 statistical meta bounds", "NAME": "Texas - New Mexico", "ADM0_A3": "USA", "ADM0_NAME": "United States of America", "SHAPE_LENG": 848.48244363100002, "MAPCOLOR13": 1.0, "MAPCOLOR9": 1.0, "SOV_A3": "US1", "NAME_L": "Texas", "NAME_R": "New Mexico", "NAME_ALT_L": "TX|Tex.", "NAME_ALT_R": "NM|N.M.", "NAME_LOC_L": null, "NAME_LOC_R": null, "NAME_LEN_L": 5.0, "NAME_LEN_R": 10.0, "NOTE": "US_102", "TYPE": null, "MIN_ZOOM": 2.0, "MIN_LABEL": 7.5, "SCALERANK": 2, "FCLASS_ISO": null, "FCLASS_US": null, "FCLASS_FR": null, "FCLASS_RU": null, "FCLASS_ES": null, "FCLASS_CN": null, "FCLASS_TW": null, "FCLASS_IN": null, "FCLASS_NP": null, "FCLASS_PK": null, "FCLASS_DE": null, "FCLASS_GB": null, "FCLASS_BR": null, "FCLASS_IL": null, "FCLASS_PS": null, "FCLASS_SA": null, "FCLASS_EG": null, "FCLASS_MA": null, "FCLASS_PT": null, "FCLASS_AR": null, "FCLASS_JP": null, "FCLASS_KO": null, "FCLASS_VN": null, "FCLASS_TR": null, "FCLASS_ID": null, "FCLASS_PL": null, "FCLASS_GR": null, "FCLASS_IT": null, "FCLASS_NL": null, "FCLASS_SE": null, "FCLASS_BD": null, "FCLASS_UA": null, "ne_id": 1746714529, "BRK_A3": null, "FCLASS_OSM": null, "FCLASS_TLC": null }, "geometry": { "type": "LineString", "coordinates": [ [ -103.000238080223198, 36.500199400381973 ], [ -103.042108197135576, 36.49958904939507 ], [ -103.041522260044246, 36.481644712933132 ], [ -103.041717572108269, 36.450248228273097 ], [ -103.042449994371736, 36.311234557129069 ], [ -103.043182415735885, 36.172220885085778 ], [ -103.0439636657905, 36.033231626938004 ], [ -103.044720501949598, 35.894193540999083 ], [ -103.045452924213066, 35.755155455060162 ], [ -103.046234174267681, 35.616166196912445 ], [ -103.046966595631886, 35.477152524869098 ], [ -103.047674603100404, 35.33813885282575 ], [ -103.048431439259502, 35.199100767786206 ], [ -103.049188275418544, 35.060111510537752 ], [ -103.049969524573896, 34.921122252390035 ], [ -103.050677532941791, 34.78205975255554 ], [ -103.051434369100832, 34.643046080512192 ], [ -103.052215619155504, 34.503983579778378 ], [ -103.052923626624022, 34.364994322529924 ], [ -103.05368046278312, 34.225980650486633 ], [ -103.054412885046588, 34.086966978443286 ], [ -103.055145306410736, 33.947953307299258 ], [ -103.055926555566089, 33.808890807464763 ], [ -103.056658977829557, 33.669877135421416 ], [ -103.057391400093024, 33.530839049482552 ], [ -103.05817265014764, 33.391849791334778 ], [ -103.058905072411164, 33.252860533187061 ], [ -103.059637493775313, 33.11382244724814 ], [ -103.060394329934354, 32.974784361309219 ], [ -103.061126752197822, 32.835770689265871 ], [ -103.061834759666397, 32.696781432017474 ], [ -103.062591595825438, 32.557767759974126 ], [ -103.063348431085217, 32.418705260139632 ], [ -103.064056438553791, 32.279740415887488 ], [ -103.064837688608407, 32.140726743844141 ], [ -103.065594524767505, 32.00168865790522 ], [ -103.287738079648648, 32.001615416218442 ], [ -103.50988163542911, 32.001542174531721 ], [ -103.73200077461604, 32.001468931945624 ], [ -103.954144330396502, 32.001346861568379 ], [ -104.176263471382072, 32.001224791191134 ], [ -104.398407025363895, 32.001151549504414 ], [ -104.620501751554571, 32.001078306918316 ], [ -104.842669721230607, 32.000980650436645 ], [ -105.064764447421283, 32.000907407850548 ], [ -105.286932416197999, 32.000834166163827 ], [ -105.509027142388675, 32.000760924477049 ], [ -105.731219525061022, 32.000687681891009 ], [ -105.953363079942164, 32.000590025409338 ], [ -106.175506634823307, 32.000541196718814 ], [ -106.397625774909557, 32.000443541136519 ], [ -106.619769329790699, 32.000345885554168 ], [ -106.645623822381481, 32.000297056863644 ], [ -106.66217655600326, 32.000297056863644 ], [ -106.661419720743481, 31.983402525106442 ], [ -106.64044804144396, 31.947294127122234 ], [ -106.635076946643721, 31.926053893172593 ], [ -106.632366986247405, 31.903129087837101 ], [ -106.62496952462385, 31.885550963406217 ], [ -106.600335735805515, 31.854984557491321 ], [ -106.607782025220274, 31.847538268076619 ], [ -106.60072636083288, 31.835941588533444 ], [ -106.591497846248558, 31.827201352760198 ], [ -106.580023236183365, 31.821634946795314 ], [ -106.566180462957959, 31.819608579971941 ], [ -106.56627811943963, 31.819608579971941 ], [ -106.553070111096702, 31.812186705352133 ], [ -106.506052409690938, 31.77025828089495 ] ] } },
{ "type": "Feature", "properties": { "FEATURECLA": "Admin-1 statistical meta bounds", "NAME": "North Dakota - Montana", "ADM0_A3": "USA", "ADM0_NAME": "United States of America", "SHAPE_LENG": 229.67079049700001, "MAPCOLOR13": 1.0, "MAPCOLOR9": 1.0, "SOV_A3": "US1", "NAME_L": "North Dakota", "NAME_R": "Montana", "NAME_ALT_L": "ND|N.D.", "NAME_ALT_R": "MT|Mont.", "NAME_LOC_L": null, "NAME_LOC_R": null, "NAME_LEN_L": 12.0, "NAME_LEN_R": 7.0, "NOTE": "US_101", "TYPE": null, "MIN_ZOOM": 2.0, "MIN_LABEL": 7.5, "SCALERANK": 2, "FCLASS_ISO": null, "FCLASS_US": null, "FCLASS_FR": null, "FCLASS_RU": null, "FCLASS_ES": null, "FCLASS_CN": null, "FCLASS_TW": null, "FCLASS_IN": null, "FCLASS_NP": null, "FCLASS_PK": null, "FCLASS_DE": null, "FCLASS_GB": null, "FCLASS_BR": null, "FCLASS_IL": null, "FCLASS_PS": null, "FCLASS_SA": null, "FCLASS_EG": null, "FCLASS_MA": null, "FCLASS_PT": null, "FCLASS_AR": null, "FCLASS_JP": null, "FCLASS_KO": null, "FCLASS_VN": null, "FCLASS_TR": null, "FCLASS_ID": null, "FCLASS_PL": null, "FCLASS_GR": null, "FCLASS_IT": null, "FCLASS_NL": null, "FCLASS_SE": null, "FCLASS_BD": null, "FCLASS_UA": null, "ne_id": 1746714533, "BRK_A3": null, "FCLASS_OSM": null, "FCLASS_TLC": null }, "geometry": { "type": "LineString", "coordinates": [ [ -104.047574447202976, 48.992617899896118 ], [ -104.046234174067877, 48.802299010390982 ], [ -104.04625858796345, 48.635453306724685 ], [ -104.04625858796345, 48.468607603058388 ], [ -104.04625858796345, 48.301761900291467 ], [ -104.04625858796345, 48.134891782729539 ], [ -104.04625858796345, 47.968021666066988 ], [ -104.04625858796345, 47.801175963300068 ], [ -104.04625858796345, 47.63433026053309 ], [ -104.04625858796345, 47.467484556866793 ], [ -104.04625858796345, 47.300638853200496 ], [ -104.04625858796345, 47.133793150433519 ], [ -104.04625858796345, 46.966947446767222 ], [ -104.04625858796345, 46.800101744000244 ], [ -104.04625858796345, 46.633256041233267 ], [ -104.04625858796345, 46.466410338466346 ], [ -104.04625858796345, 46.299564634800049 ], [ -104.04625858796345, 46.132694518137498 ], [ -104.044891399918129, 45.942020688703792 ] ] } },
{ "type": "Feature", "properties": { "FEATURECLA": "Admin-1 statistical meta bounds", "NAME": "Montana - South Dakota", "ADM0_A3": "USA", "ADM0_NAME": "United States of America", "SHAPE_LENG": 75.4898802636, "MAPCOLOR13": 1.0, "MAPCOLOR9": 1.0, "SOV_A3": "US1", "NAME_L": "Montana", "NAME_R": "South Dakota", "NAME_ALT_L": "MT|Mont.", "NAME_ALT_R": "SD|S.D.", "NAME_LOC_L": null, "NAME_LOC_R": null, "NAME_LEN_L": 7.0, "NAME_LEN_R": 12.0, "NOTE": "US_100", "TYPE": null, "MIN_ZOOM": 2.0, "MIN_LABEL": 7.5, "SCALERANK": 2, "FCLASS_ISO": null, "FCLASS_US": null, "FCLASS_FR": null, "FCLASS_RU": null, "FCLASS_ES": null, "FCLASS_CN": null, "FCLASS_TW": null, "FCLASS_IN": null, "FCLASS_NP": null, "FCLASS_PK": null, "FCLASS_DE": null, "FCLASS_GB": null, "FCLASS_BR": null, "FCLASS_IL": null, "FCLASS_PS": null, "FCLASS_SA": null, "FCLASS_EG": null, "FCLASS_MA": null, "FCLASS_PT": null, "FCLASS_AR": null, "FCLASS_JP": null, "FCLASS_KO": null, "FCLASS_VN": null, "FCLASS_TR": null, "FCLASS_ID": null, "FCLASS_PL": null, "FCLASS_GR": null, "FCLASS_IT": null, "FCLASS_NL": null, "FCLASS_SE": null, "FCLASS_BD": null, "FCLASS_UA": null, "ne_id": 1746714539, "BRK_A3": null, "FCLASS_OSM": null, "FCLASS_TLC": null }, "geometry": { "type": "MultiLineString", "coordinates": [ [ [ -104.039300580057727, 44.999930845831841 ], [ -104.038592571689833, 45.012455259702449 ], [ -104.038665814275873, 45.070023619394476 ], [ -104.039764446771756, 45.182523619169672 ], [ -104.04047245513965, 45.290970885298066 ], [ -104.041229291298748, 45.399515807008868 ], [ -104.041961712662896, 45.508011900029146 ], [ -104.042694134926364, 45.616507993948744 ], [ -104.043426556290513, 45.725004087868342 ], [ -104.044183391550234, 45.833524596582834 ], [ -104.044891399918129, 45.942020688703792 ] ], [ [ -104.056658977629695, 45.000101744000233 ], [ -104.039300580057727, 44.999930845831841 ] ] ] } },
{ "type": "Feature", "properties": { "FEATURECLA": "Admin-1 statistical meta bounds", "NAME": "Wyoming - South Dakota", "ADM0_A3": "USA", "ADM0_NAME": "United States of America", "SHAPE_LENG": 160.08494164300001, "MAPCOLOR13": 1.0, "MAPCOLOR9": 1.0, "SOV_A3": "US1", "NAME_L": "Wyoming", "NAME_R": "South Dakota", "NAME_ALT_L": "WY|Wyo.", "NAME_ALT_R": "SD|S.D.", "NAME_LOC_L": null, "NAME_LOC_R": null, "NAME_LEN_L": 7.0, "NAME_LEN_R": 12.0, "NOTE": "US_99", "TYPE": null, "MIN_ZOOM": 2.0, "MIN_LABEL": 7.5, "SCALERANK": 2, "FCLASS_ISO": null, "FCLASS_US": null, "FCLASS_FR": null, "FCLASS_RU": null, "FCLASS_ES": null, "FCLASS_CN": null, "FCLASS_TW": null, "FCLASS_IN": null, "FCLASS_NP": null, "FCLASS_PK": null, "FCLASS_DE": null, "FCLASS_GB": null, "FCLASS_BR": null, "FCLASS_IL": null, "FCLASS_PS": null, "FCLASS_SA": null, "FCLASS_EG": null, "FCLASS_MA": null, "FCLASS_PT": null, "FCLASS_AR": null, "FCLASS_JP": null, "FCLASS_KO": null, "FCLASS_VN": null, "FCLASS_TR": null, "FCLASS_ID": null, "FCLASS_PL": null, "FCLASS_GR": null, "FCLASS_IT": null, "FCLASS_NL": null, "FCLASS_SE": null, "FCLASS_BD": null, "FCLASS_UA": null, "ne_id": 1746714543, "BRK_A3": null, "FCLASS_OSM": null, "FCLASS_TLC": null }, "geometry": { "type": "LineString", "coordinates": [ [ -104.053118939387502, 43.000370299050019 ], [ -104.053485149619917, 43.125370298800249 ], [ -104.053949017233322, 43.250394713345315 ], [ -104.05468143859747, 43.375345885304341 ], [ -104.054827923769665, 43.500321471158941 ], [ -104.054949994146909, 43.625272643117967 ], [ -104.055145306210875, 43.750248228073247 ], [ -104.055365033069791, 43.87524822782342 ], [ -104.05468143859747, 44.000223814577339 ], [ -104.054583783015175, 44.125223814327569 ], [ -104.055389446965364, 44.250223814077742 ], [ -104.055633587719853, 44.375223813827915 ], [ -104.055902142369973, 44.500174985786941 ], [ -104.055731244201525, 44.625834166113862 ], [ -104.055828899783876, 44.748978697209111 ], [ -104.056121869228832, 44.87510174425006 ], [ -104.056658977629695, 45.000101744000233 ] ] } },
{ "type": "Feature", "properties": { "FEATURECLA": "Admin-1 boundary", "NAME": "South Dakota - North Dakota", "ADM0_A3": "USA", "ADM0_NAME": "United States of America", "SHAPE_LENG": 833.62155227599999, "MAPCOLOR13": 1.0, "MAPCOLOR9": 1.0, "SOV_A3": "US1", "NAME_L": "South Dakota", "NAME_R": "North Dakota", "NAME_ALT_L": "SD|S.D.", "NAME_ALT_R": "ND|N.D.", "NAME_LOC_L": null, "NAME_LOC_R": null, "NAME_LEN_L": 12.0, "NAME_LEN_R": 12.0, "NOTE": "US_98", "TYPE": null, "MIN_ZOOM": 2.0, "MIN_LABEL": 7.5, "SCALERANK": 2, "FCLASS_ISO": null, "FCLASS_US": null, "FCLASS_FR": null, "FCLASS_RU": null, "FCLASS_ES": null, "FCLASS_CN": null, "FCLASS_TW": null, "FCLASS_IN": null, "FCLASS_NP": null, "FCLASS_PK": null, "FCLASS_DE": null, "FCLASS_GB": null, "FCLASS_BR": null, "FCLASS_IL": null, "FCLASS_PS": null, "FCLASS_SA": null, "FCLASS_EG": null, "FCLASS_MA": null, "FCLASS_PT": null, "FCLASS_AR": null, "FCLASS_JP": null, "FCLASS_KO": null, "FCLASS_VN": null, "FCLASS_TR": null, "FCLASS_ID": null, "FCLASS_PL": null, "FCLASS_GR": null, "FCLASS_IT": null, "FCLASS_NL": null, "FCLASS_SE": null, "FCLASS_BD": null, "FCLASS_UA": null, "ne_id": 1746714547, "BRK_A3": null, "FCLASS_OSM": null, "FCLASS_TLC": null }, "geometry": { "type": "MultiLineString", "coordinates": [ [ [ -103.77807011124662, 45.941996274808218 ], [ -104.044891399918129, 45.942020688703792 ] ], [ [ -100.98258671270662, 45.941898619225867 ], [ -101.215545697076266, 45.941947447017014 ], [ -101.448504681445854, 45.941996274808218 ] ], [ [ -101.448504681445854, 45.941996274808218 ], [ -101.681488079711073, 45.941996274808218 ], [ -101.914422650185145, 45.941996274808218 ], [ -102.14738163455479, 45.941996274808218 ], [ -102.380340618924379, 45.941996274808218 ], [ -102.613299603294024, 45.941996274808218 ], [ -102.846258587663669, 45.941996274808218 ], [ -103.079217572033315, 45.941996274808218 ], [ -103.31217655640296, 45.941996274808218 ], [ -103.545086712981401, 45.941996274808218 ], [ -103.77807011124662, 45.941996274808218 ] ], [ [ -99.118866009958367, 45.94184979143472 ], [ -99.351824994328013, 45.941874205330294 ], [ -99.584783977798338, 45.941898619225867 ] ], [ [ -99.584783977798338, 45.941898619225867 ], [ -99.81779179085845, 45.941898619225867 ], [ -100.050726361332465, 45.941898619225867 ], [ -100.283685345702111, 45.941898619225867 ], [ -100.516644330071756, 45.941898619225867 ], [ -100.749578899646508, 45.941898619225867 ], [ -100.98258671270662, 45.941898619225867 ] ], [ [ -97.255218548896892, 45.941752134953049 ], [ -97.488177533266537, 45.941800962744196 ], [ -97.721136516736863, 45.94184979143472 ] ], [ [ -97.721136516736863, 45.94184979143472 ], [ -97.954095502005771, 45.94184979143472 ], [ -98.187054486375416, 45.94184979143472 ], [ -98.420013470745062, 45.94184979143472 ], [ -98.652948041219133, 45.94184979143472 ], [ -98.885907024689402, 45.94184979143472 ], [ -99.118866009958367, 45.94184979143472 ] ], [ [ -96.556341595788012, 45.941752134953049 ], [ -96.789276166262027, 45.941752134953049 ], [ -97.02228397842282, 45.941752134953049 ], [ -97.255218548896892, 45.941752134953049 ] ] ] } },
{ "type": "Feature", "properties": { "FEATURECLA": "Admin-1 statistical meta bounds", "NAME": "Wyoming - Nebraska", "ADM0_A3": "USA", "ADM0_NAME": "United States of America", "SHAPE_LENG": 165.37167165400001, "MAPCOLOR13": 1.0, "MAPCOLOR9": 1.0, "SOV_A3": "US1", "NAME_L": "Wyoming", "NAME_R": "Nebraska", "NAME_ALT_L": "WY|Wyo.", "NAME_ALT_R": "NE|Nebr.", "NAME_LOC_L": null, "NAME_LOC_R": null, "NAME_LEN_L": 7.0, "NAME_LEN_R": 8.0, "NOTE": "US_97", "TYPE": null, "MIN_ZOOM": 2.0, "MIN_LABEL": 7.5, "SCALERANK": 2, "FCLASS_ISO": null, "FCLASS_US": null, "FCLASS_FR": null, "FCLASS_RU": null, "FCLASS_ES": null, "FCLASS_CN": null, "FCLASS_TW": null, "FCLASS_IN": null, "FCLASS_NP": null, "FCLASS_PK": null, "FCLASS_DE": null, "FCLASS_GB": null, "FCLASS_BR": null, "FCLASS_IL": null, "FCLASS_PS": null, "FCLASS_SA": null, "FCLASS_EG": null, "FCLASS_MA": null, "FCLASS_PT": null, "FCLASS_AR": null, "FCLASS_JP": null, "FCLASS_KO": null, "FCLASS_VN": null, "FCLASS_TR": null, "FCLASS_ID": null, "FCLASS_PL": null, "FCLASS_GR": null, "FCLASS_IT": null, "FCLASS_NL": null, "FCLASS_SE": null, "FCLASS_BD": null, "FCLASS_UA": null, "ne_id": 1746714551, "BRK_A3": null, "FCLASS_OSM": null, "FCLASS_TLC": null }, "geometry": { "type": "LineString", "coordinates": [ [ -104.053729291273726, 40.999833189250239 ], [ -104.052923627323537, 41.124857602896043 ], [ -104.052923627323537, 41.249882018340429 ], [ -104.052484173605706, 41.374906431986233 ], [ -104.052362103228461, 41.49995526042693 ], [ -104.052972455114684, 41.624979674072677 ], [ -104.052899213427963, 41.750004087718423 ], [ -104.052996869010258, 41.875077330054694 ], [ -104.052703899565302, 42.000126158495391 ], [ -104.05260624398295, 42.125126158245564 ], [ -104.052801556046973, 42.250199400581835 ], [ -104.052801556046973, 42.375248228123212 ], [ -104.053094524592609, 42.500248227873385 ], [ -104.05260624398295, 42.625297057213402 ], [ -104.052801556046973, 42.750297056963575 ], [ -104.052996869010258, 42.875370299299846 ], [ -104.053118939387502, 43.000370299050019 ] ] } },
{ "type": "Feature", "properties": { "FEATURECLA": "Admin-1 statistical meta bounds", "NAME": "Colorado - Nebraska", "ADM0_A3": "USA", "ADM0_NAME": "United States of America", "SHAPE_LENG": 307.36764555600001, "MAPCOLOR13": 1.0, "MAPCOLOR9": 1.0, "SOV_A3": "US1", "NAME_L": "Colorado", "NAME_R": "Nebraska", "NAME_ALT_L": "CO|Colo.", "NAME_ALT_R": "NE|Nebr.", "NAME_LOC_L": null, "NAME_LOC_R": null, "NAME_LEN_L": 8.0, "NAME_LEN_R": 8.0, "NOTE": "US_96", "TYPE": null, "MIN_ZOOM": 2.0, "MIN_LABEL": 7.5, "SCALERANK": 2, "FCLASS_ISO": null, "FCLASS_US": null, "FCLASS_FR": null, "FCLASS_RU": null, "FCLASS_ES": null, "FCLASS_CN": null, "FCLASS_TW": null, "FCLASS_IN": null, "FCLASS_NP": null, "FCLASS_PK": null, "FCLASS_DE": null, "FCLASS_GB": null, "FCLASS_BR": null, "FCLASS_IL": null, "FCLASS_PS": null, "FCLASS_SA": null, "FCLASS_EG": null, "FCLASS_MA": null, "FCLASS_PT": null, "FCLASS_AR": null, "FCLASS_JP": null, "FCLASS_KO": null, "FCLASS_VN": null, "FCLASS_TR": null, "FCLASS_ID": null, "FCLASS_PL": null, "FCLASS_GR": null, "FCLASS_IT": null, "FCLASS_NL": null, "FCLASS_SE": null, "FCLASS_BD": null, "FCLASS_UA": null, "ne_id": 1746714559, "BRK_A3": null, "FCLASS_OSM": null, "FCLASS_TLC": null }, "geometry": { "type": "MultiLineString", "coordinates": [ [ [ -103.664471478076223, 40.999735532768625 ], [ -103.783538860729834, 40.999759947563518 ], [ -103.902533001696668, 40.999833189250239 ] ], [ [ -103.902533001696668, 40.999833189250239 ], [ -104.053729291273726, 40.999833189250239 ] ], [ [ -102.950262494218691, 40.999662291081847 ], [ -103.069256635185525, 40.999711118872995 ], [ -103.188299603044243, 40.999735532768625 ] ], [ [ -103.188299603044243, 40.999735532768625 ], [ -103.307342571802224, 40.999735532768625 ], [ -103.426385540560204, 40.999735532768625 ], [ -103.545404096321988, 40.999735532768625 ], [ -103.664471478076223, 40.999735532768625 ] ], [ [ -102.236004680771373, 40.99958904939507 ], [ -102.35504765042873, 40.9996134632907 ], [ -102.474090619186711, 40.999662291081847 ] ], [ [ -102.474090619186711, 40.999662291081847 ], [ -102.593109174049118, 40.999662291081847 ], [ -102.712152141907779, 40.999662291081847 ], [ -102.831170696770243, 40.999662291081847 ], [ -102.950262494218691, 40.999662291081847 ] ], [ [ -102.051263471132245, 40.000101744100164 ], [ -102.051312298923449, 40.062577330079705 ], [ -102.051312298923449, 40.12505291605919 ], [ -102.051361126714596, 40.187504088143157 ], [ -102.05140995540512, 40.249955260227068 ], [ -102.05140995540512, 40.312430846206553 ], [ -102.051483197091841, 40.374906432186094 ], [ -102.051532024883045, 40.437406432061152 ], [ -102.051556438778618, 40.499857603245744 ], [ -102.051580852674192, 40.562333189225285 ], [ -102.051629681364659, 40.624784361309196 ], [ -102.051629681364659, 40.687235533393107 ], [ -102.051678510055183, 40.749711119372648 ], [ -102.051702923950756, 40.812235533143337 ], [ -102.051702923950756, 40.874662291331674 ], [ -102.05172733784633, 40.937137877311159 ], [ -102.051800580432428, 40.99958904939507 ] ], [ [ -102.051800580432428, 40.99958904939507 ], [ -102.116961712912712, 40.99958904939507 ], [ -102.236004680771373, 40.99958904939507 ] ] ] } },
{ "type": "Feature", "properties": { "FEATURECLA": "Admin-1 boundary", "NAME": "Nebraska - South Dakota", "ADM0_A3": "USA", "ADM0_NAME": "United States of America", "SHAPE_LENG": 862.54203029300004, "MAPCOLOR13": 1.0, "MAPCOLOR9": 1.0, "SOV_A3": "US1", "NAME_L": "Nebraska", "NAME_R": "South Dakota", "NAME_ALT_L": "NE|Nebr.", "NAME_ALT_R": "SD|S.D.", "NAME_LOC_L": null, "NAME_LOC_R": null, "NAME_LEN_L": 8.0, "NAME_LEN_R": 12.0, "NOTE": "US_95", "TYPE": null, "MIN_ZOOM": 2.0, "MIN_LABEL": 7.5, "SCALERANK": 2, "FCLASS_ISO": null, "FCLASS_US": null, "FCLASS_FR": null, "FCLASS_RU": null, "FCLASS_ES": null, "FCLASS_CN": null, "FCLASS_TW": null, "FCLASS_IN": null, "FCLASS_NP": null, "FCLASS_PK": null, "FCLASS_DE": null, "FCLASS_GB": null, "FCLASS_BR": null, "FCLASS_IL": null, "FCLASS_PS": null, "FCLASS_SA": null, "FCLASS_EG": null, "FCLASS_MA": null, "FCLASS_PT": null, "FCLASS_AR": null, "FCLASS_JP": null, "FCLASS_KO": null, "FCLASS_VN": null, "FCLASS_TR": null, "FCLASS_ID": null, "FCLASS_PL": null, "FCLASS_GR": null, "FCLASS_IT": null, "FCLASS_NL": null, "FCLASS_SE": null, "FCLASS_BD": null, "FCLASS_UA": null, "ne_id": 1746714563, "BRK_A3": null, "FCLASS_OSM": null, "FCLASS_TLC": null }, "geometry": { "type": "MultiLineString", "coordinates": [ [ [ -102.495526166099637, 43.000321471258871 ], [ -102.665887494112553, 43.000345885154445 ], [ -102.836273236020986, 43.000370299050019 ] ], [ [ -102.836273236020986, 43.000370299050019 ], [ -103.006610150138272, 43.000370299050019 ], [ -103.176947064255614, 43.000370299050019 ], [ -103.347332806164047, 43.000370299050019 ], [ -103.517694135076226, 43.000370299050019 ], [ -103.688079876984716, 43.000370299050019 ], [ -103.858490032788779, 43.000370299050019 ], [ -104.053118939387502, 43.000370299050019 ] ], [ [ -100.451116985560418, 43.000223813877881 ], [ -100.621478313573277, 43.000272643467724 ], [ -100.791815227690563, 43.000321471258871 ] ], [ [ -100.791815227690563, 43.000321471258871 ], [ -100.962176555703479, 43.000321471258871 ], [ -101.132562299410552, 43.000321471258871 ], [ -101.302923627423468, 43.000321471258871 ], [ -101.473309369331901, 43.000321471258871 ], [ -101.64369511124039, 43.000321471258871 ], [ -101.81405643925325, 43.000321471258871 ], [ -101.984417767266109, 43.000321471258871 ], [ -102.154754681383395, 43.000321471258871 ], [ -102.325140424191204, 43.000321471258871 ], [ -102.495526166099637, 43.000321471258871 ] ], [ [ -98.577044720937124, 43.000199399982307 ], [ -98.747406048949983, 43.000223813877881 ] ], [ [ -98.747406048949983, 43.000223813877881 ], [ -98.917791790858416, 43.000223813877881 ], [ -99.088153118871332, 43.000223813877881 ], [ -99.258563274675339, 43.000223813877881 ], [ -99.428924602688255, 43.000223813877881 ], [ -99.599261516805541, 43.000223813877881 ], [ -99.76962284571772, 43.000223813877881 ], [ -99.939984173730636, 43.000223813877881 ], [ -100.110369915639069, 43.000223813877881 ], [ -100.280755658446878, 43.000223813877881 ], [ -100.451116985560418, 43.000223813877881 ] ], [ [ -97.979876752010455, 42.782328307405464 ], [ -98.006878704888322, 42.784086119578717 ], [ -98.078460735974147, 42.80249432185542 ], [ -98.090057416416641, 42.808304869474114 ], [ -98.094354290817819, 42.820121274976827 ], [ -98.10473026658849, 42.828348814446201 ], [ -98.242913860786018, 42.872440611145237 ], [ -98.284027142438674, 42.899906432535829 ], [ -98.325775188973751, 42.921000182212595 ], [ -98.331268353251858, 42.921976744331289 ], [ -98.343182416135562, 42.92239178325417 ], [ -98.349163861023328, 42.923490415750052 ], [ -98.454217572283142, 42.974637876836539 ], [ -98.461810345970662, 42.979813657774059 ], [ -98.482025189111141, 42.998148619263361 ], [ -98.485101360639248, 43.000199399982307 ] ], [ [ -98.485101360639248, 43.000199399982307 ], [ -98.49098514994472, 43.000199399982307 ], [ -98.577044720937124, 43.000199399982307 ] ], [ [ -96.774578900395909, 42.679642760205184 ], [ -96.787225384643762, 42.681669127028556 ], [ -96.799383588281955, 42.686796080174929 ], [ -96.804657024801827, 42.692216001866996 ], [ -96.808026165774891, 42.699222838463186 ], [ -96.814544720862159, 42.70896404935138 ], [ -96.825701946687445, 42.721219908571925 ], [ -96.839324993953312, 42.732230650124393 ], [ -96.856951947074663, 42.740091978462033 ], [ -96.947088665609385, 42.745145689022308 ], [ -96.96537479930754, 42.749955259727415 ], [ -96.975726361182581, 42.75676678336032 ], [ -96.982830853361179, 42.763651549579322 ], [ -96.992376752185351, 42.76890057220362 ], [ -97.019476360645513, 42.773050963231356 ], [ -97.041473430754195, 42.782035337960451 ], [ -97.051336712918953, 42.784086119578717 ], [ -97.103607221296215, 42.785453306724719 ], [ -97.127264447096536, 42.789628110748708 ], [ -97.150335735805527, 42.798368346521954 ], [ -97.171649213240585, 42.809891783478975 ], [ -97.208172650147674, 42.835404477934276 ], [ -97.23815311897124, 42.864457213329729 ], [ -97.255340619274136, 42.876444517900154 ], [ -97.275848430960309, 42.88428143234222 ], [ -97.301165814250908, 42.887089049220208 ] ], [ [ -97.301165814250908, 42.887089049220208 ], [ -97.500408977692132, 42.859818540793015 ] ], [ [ -97.500408977692132, 42.859818540793015 ], [ -97.52748417405536, 42.860306822301993 ], [ -97.599725384818612, 42.873466001954398 ] ], [ [ -97.599725384818612, 42.873466001954398 ], [ -97.622015424372307, 42.869584166476102 ], [ -97.661199993884566, 42.854130064450885 ], [ -97.684759564102592, 42.852958189368906 ] ], [ [ -97.770404096172058, 42.859818540793015 ], [ -97.838787885352588, 42.871512876817803 ] ], [ [ -97.838787885352588, 42.871512876817803 ], [ -97.863494915857643, 42.867264830207716 ], [ -97.875335736155307, 42.863065611388834 ], [ -97.886590619361584, 42.857670102693078 ], [ -97.89498905610003, 42.849222838163428 ], [ -97.898284955386373, 42.835892760342574 ], [ -97.91095585263048, 42.809403501969996 ], [ -97.914715618630851, 42.804569518268636 ], [ -97.921234173718119, 42.801737485696378 ], [ -97.94188847057643, 42.788382993979951 ], [ -97.952874799132644, 42.784086119578717 ], [ -97.979876752010455, 42.782328307405464 ] ], [ [ -97.684759564102592, 42.852958189368906 ], [ -97.696453900127381, 42.856254087755929 ], [ -97.716693158062753, 42.865336118966695 ], [ -97.729437298792277, 42.867264830207716 ] ], [ [ -97.729437298792277, 42.867264830207716 ], [ -97.770404096172058, 42.859818540793015 ] ], [ [ -96.482659955292661, 42.518339049507517 ], [ -96.611297649766698, 42.534305846037967 ], [ -96.628533977860798, 42.542582213298488 ], [ -96.639447063830914, 42.556205260564298 ], [ -96.643231243726916, 42.575541197168491 ], [ -96.652264447146479, 42.591581236284981 ], [ -96.693548626967527, 42.615189635193474 ], [ -96.705291790783519, 42.627030455491081 ], [ -96.705780072292498, 42.6399943221802 ], [ -96.700750774728476, 42.648295103336352 ], [ -96.694647260362729, 42.655350767723746 ], [ -96.691644329622079, 42.664579283207331 ], [ -96.696795696664026, 42.672172056894908 ], [ -96.708856243820549, 42.677494322105247 ], [ -96.72257694666871, 42.680643736219452 ], [ -96.732928510342447, 42.681669127028556 ] ], [ [ -96.732928510342447, 42.681669127028556 ], [ -96.774578900395909, 42.679642760205184 ] ] ] } },
{ "type": "Feature", "properties": { "FEATURECLA": "Admin-1 statistical meta bounds", "NAME": "Colorado - Kansas", "ADM0_A3": "USA", "ADM0_NAME": "United States of America", "SHAPE_LENG": 260.9598792, "MAPCOLOR13": 1.0, "MAPCOLOR9": 1.0, "SOV_A3": "US1", "NAME_L": "Colorado", "NAME_R": "Kansas", "NAME_ALT_L": "CO|Colo.", "NAME_ALT_R": "KS|Kans.", "NAME_LOC_L": null, "NAME_LOC_R": null, "NAME_LEN_L": 8.0, "NAME_LEN_R": 6.0, "NOTE": "US_94", "TYPE": null, "MIN_ZOOM": 2.0, "MIN_LABEL": 7.5, "SCALERANK": 2, "FCLASS_ISO": null, "FCLASS_US": null, "FCLASS_FR": null, "FCLASS_RU": null, "FCLASS_ES": null, "FCLASS_CN": null, "FCLASS_TW": null, "FCLASS_IN": null, "FCLASS_NP": null, "FCLASS_PK": null, "FCLASS_DE": null, "FCLASS_GB": null, "FCLASS_BR": null, "FCLASS_IL": null, "FCLASS_PS": null, "FCLASS_SA": null, "FCLASS_EG": null, "FCLASS_MA": null, "FCLASS_PT": null, "FCLASS_AR": null, "FCLASS_JP": null, "FCLASS_KO": null, "FCLASS_VN": null, "FCLASS_TR": null, "FCLASS_ID": null, "FCLASS_PL": null, "FCLASS_GR": null, "FCLASS_IT": null, "FCLASS_NL": null, "FCLASS_SE": null, "FCLASS_BD": null, "FCLASS_UA": null, "ne_id": 1746714565, "BRK_A3": null, "FCLASS_OSM": null, "FCLASS_TLC": null }, "geometry": { "type": "LineString", "coordinates": [ [ -102.039569135107456, 36.999808775254735 ], [ -102.03993534623919, 37.093558775517067 ], [ -102.040325971266554, 37.187308774880023 ], [ -102.040643352808445, 37.281083189037929 ], [ -102.041009563940179, 37.374857603195835 ], [ -102.041400188967543, 37.468607603458111 ], [ -102.041741986203704, 37.562357602821066 ], [ -102.042083783439807, 37.656107603083399 ], [ -102.042474407567852, 37.749833189450101 ], [ -102.042865032595159, 37.8436320184029 ], [ -102.04320682983132, 37.937357602970962 ], [ -102.043573040963054, 38.031107603233295 ], [ -102.043963665990361, 38.12485760349557 ], [ -102.044354291017669, 38.21865643244837 ], [ -102.044671674358256, 38.312382017915752 ], [ -102.04503788459067, 38.406156432073658 ], [ -102.045428509617977, 38.499930846231564 ], [ -102.045819134645342, 38.593705260389413 ], [ -102.046160930982182, 38.687455259752426 ], [ -102.046527142113916, 38.781205260014701 ], [ -102.046917767141224, 38.875004088068181 ], [ -102.047283978272958, 38.968729674434883 ], [ -102.047650189404692, 39.062504087693469 ], [ -102.047991985741533, 39.156254087955745 ], [ -102.04838261076884, 39.250004088218077 ], [ -102.048773235796148, 39.343802916271557 ], [ -102.049090619136734, 39.437552916533832 ], [ -102.049456830268468, 39.531327329792418 ], [ -102.049847455295776, 39.625077330054694 ], [ -102.050189251632617, 39.7188517442126 ], [ -102.050555462764351, 39.812601744474932 ], [ -102.050921673896084, 39.906327329942314 ], [ -102.051263471132245, 40.000101744100164 ] ] } },
{ "type": "Feature", "properties": { "FEATURECLA": "Admin-1 boundary", "NAME": "Kansas - Nebraska", "ADM0_A3": "USA", "ADM0_NAME": "United States of America", "SHAPE_LENG": 749.62642955299998, "MAPCOLOR13": 1.0, "MAPCOLOR9": 1.0, "SOV_A3": "US1", "NAME_L": "Kansas", "NAME_R": "Nebraska", "NAME_ALT_L": "KS|Kans.", "NAME_ALT_R": "NE|Nebr.", "NAME_LOC_L": null, "NAME_LOC_R": null, "NAME_LEN_L": 6.0, "NAME_LEN_R": 8.0, "NOTE": "US_93", "TYPE": null, "MIN_ZOOM": 2.0, "MIN_LABEL": 7.5, "SCALERANK": 2, "FCLASS_ISO": null, "FCLASS_US": null, "FCLASS_FR": null, "FCLASS_RU": null, "FCLASS_ES": null, "FCLASS_CN": null, "FCLASS_TW": null, "FCLASS_IN": null, "FCLASS_NP": null, "FCLASS_PK": null, "FCLASS_DE": null, "FCLASS_GB": null, "FCLASS_BR": null, "FCLASS_IL": null, "FCLASS_PS": null, "FCLASS_SA": null, "FCLASS_EG": null, "FCLASS_MA": null, "FCLASS_PT": null, "FCLASS_AR": null, "FCLASS_JP": null, "FCLASS_KO": null, "FCLASS_VN": null, "FCLASS_TR": null, "FCLASS_ID": null, "FCLASS_PL": null, "FCLASS_GR": null, "FCLASS_IT": null, "FCLASS_NL": null, "FCLASS_SE": null, "FCLASS_BD": null, "FCLASS_UA": null, "ne_id": 1746714569, "BRK_A3": null, "FCLASS_OSM": null, "FCLASS_TLC": null }, "geometry": { "type": "LineString", "coordinates": [ [ -95.317254680658948, 40.000101744100164 ], [ -95.526849407773909, 40.000101744100164 ], [ -95.73644413488887, 40.000101744100164 ], [ -95.946063275000142, 40.000101744100164 ], [ -96.155658002115103, 40.000101744100164 ], [ -96.365252728330745, 40.000101744100164 ], [ -96.574847455445706, 40.000101744100164 ], [ -96.784442180762028, 40.000101744100164 ], [ -96.994061321772563, 40.000101744100164 ], [ -97.203656048887524, 40.000101744100164 ], [ -97.413250775103165, 40.000101744100164 ], [ -97.622845502218127, 40.000101744100164 ], [ -97.832440228433768, 40.000101744100164 ], [ -98.042059369444303, 40.000101744100164 ], [ -98.251654095659944, 40.000101744100164 ], [ -98.461248821875586, 40.000101744100164 ], [ -98.670843548990547, 40.000101744100164 ], [ -98.880438275206188, 40.000101744100164 ], [ -99.09005741621678, 40.000101744100164 ], [ -99.299627727637528, 40.000101744100164 ], [ -99.509222454752489, 40.000101744100164 ], [ -99.718817180968131, 40.000101744100164 ], [ -99.928411908083092, 40.000101744100164 ], [ -100.138006635198053, 40.000101744100164 ], [ -100.347625775309268, 40.000101744100164 ], [ -100.557220502424229, 40.000101744100164 ], [ -100.766815227740551, 40.000101744100164 ], [ -100.976409954855512, 40.000101744100164 ], [ -101.186004681071154, 40.000101744100164 ], [ -101.395623822081689, 40.000101744100164 ], [ -101.60521854919665, 40.000101744100164 ], [ -101.814837689307922, 40.000101744100164 ], [ -102.051263471132245, 40.000101744100164 ] ] } },
{ "type": "Feature", "properties": { "FEATURECLA": "Admin-1 statistical meta bounds", "NAME": "New Mexico - Oklahoma", "ADM0_A3": "USA", "ADM0_NAME": "United States of America", "SHAPE_LENG": 44.477249160699998, "MAPCOLOR13": 1.0, "MAPCOLOR9": 1.0, "SOV_A3": "US1", "NAME_L": "New Mexico", "NAME_R": "Oklahoma", "NAME_ALT_L": "NM|N.M.", "NAME_ALT_R": "OK|Okla.", "NAME_LOC_L": null, "NAME_LOC_R": null, "NAME_LEN_L": 10.0, "NAME_LEN_R": 8.0, "NOTE": "US_92", "TYPE": null, "MIN_ZOOM": 2.0, "MIN_LABEL": 7.5, "SCALERANK": 2, "FCLASS_ISO": null, "FCLASS_US": null, "FCLASS_FR": null, "FCLASS_RU": null, "FCLASS_ES": null, "FCLASS_CN": null, "FCLASS_TW": null, "FCLASS_IN": null, "FCLASS_NP": null, "FCLASS_PK": null, "FCLASS_DE": null, "FCLASS_GB": null, "FCLASS_BR": null, "FCLASS_IL": null, "FCLASS_PS": null, "FCLASS_SA": null, "FCLASS_EG": null, "FCLASS_MA": null, "FCLASS_PT": null, "FCLASS_AR": null, "FCLASS_JP": null, "FCLASS_KO": null, "FCLASS_VN": null, "FCLASS_TR": null, "FCLASS_ID": null, "FCLASS_PL": null, "FCLASS_GR": null, "FCLASS_IT": null, "FCLASS_NL": null, "FCLASS_SE": null, "FCLASS_BD": null, "FCLASS_UA": null, "ne_id": 1746714577, "BRK_A3": null, "FCLASS_OSM": null, "FCLASS_TLC": null }, "geometry": { "type": "LineString", "coordinates": [ [ -103.000238080223198, 36.500199400381973 ], [ -103.000360149701123, 36.625126158445426 ], [ -103.000531048768892, 36.750004087818354 ], [ -103.00067753304171, 36.874882018090659 ], [ -103.000799603418955, 36.999808775254735 ] ] } },
{ "type": "Feature", "properties": { "FEATURECLA": "Admin-1 statistical meta bounds", "NAME": "Oklahoma - Colorado", "ADM0_A3": "USA", "ADM0_NAME": "United States of America", "SHAPE_LENG": 107.00368626700001, "MAPCOLOR13": 1.0, "MAPCOLOR9": 1.0, "SOV_A3": "US1", "NAME_L": "Oklahoma", "NAME_R": "Colorado", "NAME_ALT_L": "OK|Okla.", "NAME_ALT_R": "CO|Colo.", "NAME_LOC_L": null, "NAME_LOC_R": null, "NAME_LEN_L": 8.0, "NAME_LEN_R": 8.0, "NOTE": "US_91", "TYPE": null, "MIN_ZOOM": 2.0, "MIN_LABEL": 7.5, "SCALERANK": 2, "FCLASS_ISO": null, "FCLASS_US": null, "FCLASS_FR": null, "FCLASS_RU": null, "FCLASS_ES": null, "FCLASS_CN": null, "FCLASS_TW": null, "FCLASS_IN": null, "FCLASS_NP": null, "FCLASS_PK": null, "FCLASS_DE": null, "FCLASS_GB": null, "FCLASS_BR": null, "FCLASS_IL": null, "FCLASS_PS": null, "FCLASS_SA": null, "FCLASS_EG": null, "FCLASS_MA": null, "FCLASS_PT": null, "FCLASS_AR": null, "FCLASS_JP": null, "FCLASS_KO": null, "FCLASS_VN": null, "FCLASS_TR": null, "FCLASS_ID": null, "FCLASS_PL": null, "FCLASS_GR": null, "FCLASS_IT": null, "FCLASS_NL": null, "FCLASS_SE": null, "FCLASS_BD": null, "FCLASS_UA": null, "ne_id": 1746714581, "BRK_A3": null, "FCLASS_OSM": null, "FCLASS_TLC": null }, "geometry": { "type": "LineString", "coordinates": [ [ -102.039569135107456, 36.999808775254735 ], [ -102.136199993934554, 36.999808775254735 ], [ -102.259735150057111, 36.999808775254735 ], [ -102.383245892284094, 36.999808775254735 ], [ -102.506756635410397, 36.999808775254735 ], [ -102.630291790633635, 36.999808775254735 ], [ -102.753802532860561, 36.999808775254735 ], [ -102.877313275087545, 36.999808775254735 ], [ -103.000799603418955, 36.999808775254735 ] ] } },
{ "type": "Feature", "properties": { "FEATURECLA": "Admin-1 boundary", "NAME": "Texas - Oklahoma", "ADM0_A3": "USA", "ADM0_NAME": "United States of America", "SHAPE_LENG": 1282.9869781800001, "MAPCOLOR13": 1.0, "MAPCOLOR9": 1.0, "SOV_A3": "US1", "NAME_L": "Texas", "NAME_R": "Oklahoma", "NAME_ALT_L": "TX|Tex.", "NAME_ALT_R": "OK|Okla.", "NAME_LOC_L": null, "NAME_LOC_R": null, "NAME_LEN_L": 5.0, "NAME_LEN_R": 8.0, "NOTE": "US_90", "TYPE": null, "MIN_ZOOM": 2.0, "MIN_LABEL": 7.5, "SCALERANK": 2, "FCLASS_ISO": null, "FCLASS_US": null, "FCLASS_FR": null, "FCLASS_RU": null, "FCLASS_ES": null, "FCLASS_CN": null, "FCLASS_TW": null, "FCLASS_IN": null, "FCLASS_NP": null, "FCLASS_PK": null, "FCLASS_DE": null, "FCLASS_GB": null, "FCLASS_BR": null, "FCLASS_IL": null, "FCLASS_PS": null, "FCLASS_SA": null, "FCLASS_EG": null, "FCLASS_MA": null, "FCLASS_PT": null, "FCLASS_AR": null, "FCLASS_JP": null, "FCLASS_KO": null, "FCLASS_VN": null, "FCLASS_TR": null, "FCLASS_ID": null, "FCLASS_PL": null, "FCLASS_GR": null, "FCLASS_IT": null, "FCLASS_NL": null, "FCLASS_SE": null, "FCLASS_BD": null, "FCLASS_UA": null, "ne_id": 1746714585, "BRK_A3": null, "FCLASS_OSM": null, "FCLASS_TLC": null }, "geometry": { "type": "MultiLineString", "coordinates": [ [ [ -102.542108197235507, 36.5001749864864 ], [ -102.729657024651942, 36.500199400381973 ] ], [ [ -102.729657024651942, 36.500199400381973 ], [ -102.874285931350641, 36.500199400381973 ], [ -102.967352338039973, 36.500199400381973 ], [ -103.000238080223198, 36.500199400381973 ] ], [ [ -102.072454877290738, 36.500150571691506 ], [ -102.320184369213223, 36.5001749864864 ] ], [ [ -102.320184369213223, 36.5001749864864 ], [ -102.542108197235507, 36.5001749864864 ] ], [ [ -100.747967571746017, 36.500101743900359 ], [ -100.995697063668558, 36.500150571691506 ] ], [ [ -100.995697063668558, 36.500150571691506 ], [ -101.260589641998365, 36.500150571691506 ], [ -101.53407597092928, 36.500150571691506 ], [ -101.807537885065301, 36.500150571691506 ], [ -102.072454877290738, 36.500150571691506 ] ], [ [ -100.338470502411724, 36.500052916109155 ], [ -100.52604374372379, 36.500101743900359 ] ], [ [ -100.52604374372379, 36.500101743900359 ], [ -100.747967571746017, 36.500101743900359 ] ], [ [ -99.999285930801022, 34.575467955281908 ], [ -99.999285930801022, 34.585697446779704 ], [ -99.999383588182013, 34.632035338060405 ], [ -99.999578900246036, 34.745682799021949 ], [ -99.999725385418174, 34.859330259983494 ], [ -99.999920696582876, 34.973002134840613 ], [ -100.000116010445481, 35.086649595802157 ], [ -100.000311321610184, 35.200272642868129 ], [ -100.000506634573526, 35.31392010293041 ], [ -100.000677532741918, 35.427591977787529 ], [ -100.000897259600833, 35.541239438749074 ], [ -100.001092571664856, 35.654935728401142 ], [ -100.001287884628141, 35.768534361571483 ], [ -100.001434368900959, 35.882157407738134 ], [ -100.001629680964982, 35.995853697390203 ], [ -100.001824993928324, 36.109476744456174 ], [ -100.001971478201142, 36.223173033208866 ], [ -100.002191205060058, 36.336820494170468 ], [ -100.00236210322845, 36.450443541236439 ], [ -100.002386517124023, 36.49985760314587 ], [ -100.013421674370761, 36.500052916109155 ] ], [ [ -100.013421674370761, 36.500052916109155 ], [ -100.067840619049321, 36.500052916109155 ], [ -100.10077518902375, 36.500052916109155 ], [ -100.193866009608655, 36.500052916109155 ], [ -100.338470502411724, 36.500052916109155 ] ], [ [ -99.601727338246064, 34.385038268401331 ], [ -99.662249799088954, 34.389896665998322 ], [ -99.680804485638475, 34.394681821908534 ], [ -99.693573041162892, 34.406156431973727 ], [ -99.713153119420895, 34.430839049482529 ], [ -99.882000775115671, 34.564921080443469 ], [ -99.891693158212661, 34.570414243822256 ], [ -99.913836712594218, 34.573832213485844 ], [ -99.922967571596132, 34.578251158264322 ], [ -99.938397259725718, 34.58198651036912 ] ], [ [ -99.938397259725718, 34.58198651036912 ], [ -99.98331913516995, 34.576713072050609 ], [ -99.999285930801022, 34.575467955281908 ] ], [ [ -99.153533978210532, 34.21692303317144 ], [ -99.175921674245842, 34.220609557485091 ], [ -99.193035931063321, 34.232230650024462 ], [ -99.197137494299909, 34.248295103036583 ], [ -99.199725385218358, 34.302445493964342 ], [ -99.196136517386321, 34.314139829989131 ], [ -99.192059368944683, 34.322220885185686 ], [ -99.209393352621134, 34.339750181825423 ], [ -99.24020390018984, 34.362552915884351 ], [ -99.249481244363892, 34.378324400350778 ], [ -99.255682416110574, 34.396561705358408 ], [ -99.265496868685545, 34.411551938870844 ], [ -99.285516399762002, 34.417801939308049 ], [ -99.304803510373688, 34.418876157908358 ], [ -99.314886516699346, 34.420804869149379 ], [ -99.323358196923209, 34.424003111054731 ], [ -99.332049603106668, 34.431009946751601 ], [ -99.336199994134404, 34.438260924102337 ], [ -99.339080852699169, 34.445243345903691 ], [ -99.343866010408021, 34.451322447273128 ], [ -99.362371869166395, 34.462259947138818 ], [ -99.377362102678887, 34.46269939995733 ] ], [ [ -99.377362102678887, 34.46269939995733 ], [ -99.387396283012038, 34.451444518549692 ], [ -99.393377727899804, 34.401664243709831 ], [ -99.401385541409581, 34.386381040752383 ], [ -99.416473431403688, 34.380375181969043 ] ], [ [ -99.416473431403688, 34.380375181969043 ], [ -99.440057416416607, 34.382425962687989 ], [ -99.460809368857269, 34.389310728007672 ], [ -99.49901737715021, 34.406840025546728 ], [ -99.547283977873235, 34.41245526020208 ] ], [ [ -99.547283977873235, 34.41245526020208 ], [ -99.556121869228889, 34.41035564989329 ], [ -99.56498417358074, 34.405643736569175 ], [ -99.57650761143708, 34.394632994117387 ], [ -99.58346561934286, 34.389896665998322 ], [ -99.601727338246064, 34.385038268401331 ] ], [ [ -99.028558392355876, 34.204300962819161 ], [ -99.048529095641243, 34.206547057400769 ], [ -99.08644413538849, 34.216312682184537 ], [ -99.107049602657014, 34.218583188863079 ] ], [ [ -99.107049602657014, 34.218583188863079 ], [ -99.153533978210532, 34.21692303317144 ] ], [ [ -98.720062298836012, 34.136625182006526 ], [ -98.732147259888109, 34.142093932389059 ], [ -98.857537884665646, 34.164799009966316 ], [ -98.877703900014978, 34.170780454854082 ], [ -98.952825971141635, 34.211722838338289 ], [ -98.975262494068829, 34.215897643261599 ] ], [ [ -98.975262494068829, 34.215897643261599 ], [ -98.991351360976523, 34.212748228248131 ], [ -99.007098430648057, 34.207230650074393 ], [ -99.028558392355876, 34.204300962819161 ] ], [ [ -98.490692181399027, 34.075174985936826 ], [ -98.505780072292509, 34.082572447560381 ], [ -98.539178509880287, 34.114969908234684 ], [ -98.551873821919344, 34.122367368958862 ], [ -98.558709760347142, 34.127787291550248 ], [ -98.574725384668739, 34.151688658105058 ], [ -98.586004680871326, 34.157108579797125 ], [ -98.618548626717711, 34.162919127415762 ], [ -98.630682415561012, 34.1633341663387 ] ], [ [ -98.630682415561012, 34.1633341663387 ], [ -98.653167767178672, 34.159672056819943 ], [ -98.720062298836012, 34.136625182006526 ] ], [ [ -97.965936322303435, 33.993265806871477 ], [ -98.001434369300682, 34.003568540955371 ], [ -98.050506634873273, 34.011918149902669 ], [ -98.088397259825683, 34.027836119541291 ], [ -98.090057416416641, 34.060917173788539 ], [ -98.095330852936513, 34.082108579946976 ], [ -98.091278119289768, 34.111820494120479 ], [ -98.090667767403545, 34.138285337698164 ], [ -98.106512493556693, 34.149662291281686 ] ], [ [ -98.106512493556693, 34.149662291281686 ], [ -98.131878704638495, 34.146488463271965 ], [ -98.178778119114895, 34.132352721500865 ], [ -98.209539837993134, 34.129178893491144 ] ], [ [ -98.209539837993134, 34.129178893491144 ], [ -98.343280071717913, 34.143461119535004 ] ], [ [ -98.343280071717913, 34.143461119535004 ], [ -98.368597455008512, 34.137528502438443 ], [ -98.384295696888898, 34.122904478259045 ], [ -98.396405071836568, 34.104740415837512 ], [ -98.410955853429869, 34.088212096111306 ], [ -98.416546674189647, 34.079007994523295 ], [ -98.440692180599626, 34.07529705721339 ], [ -98.490692181399027, 34.075174985936826 ] ], [ [ -97.884002728443136, 33.861649596451684 ], [ -97.926654096309505, 33.873148619513131 ], [ -97.949285931300665, 33.883158385051388 ], [ -97.959100384774899, 33.893021666316827 ], [ -97.9566833920249, 33.907865416455763 ], [ -97.954949993747221, 33.914066588202445 ], [ -97.952874799132644, 33.924369322286395 ], [ -97.946087689395313, 33.945023619144706 ], [ -97.946209759772557, 33.954667174450492 ], [ -97.952874799132644, 33.965311704871283 ], [ -97.946649212591069, 33.977054868687219 ], [ -97.948602337727664, 33.98743084625653 ], [ -97.955950970660751, 33.995316588489743 ] ], [ [ -97.955950970660751, 33.995316588489743 ], [ -97.965936322303435, 33.993265806871477 ] ], [ [ -97.570941204972598, 33.898978697309019 ], [ -97.585736127320388, 33.90635174413768 ], [ -97.594744915945114, 33.925004088068192 ], [ -97.593914838099295, 33.962113462965931 ], [ -97.602825971141613, 33.97898357992824 ], [ -97.640643352608606, 33.994510924539497 ] ], [ [ -97.640643352608606, 33.994510924539497 ], [ -97.679974408192379, 33.98350018208771 ], [ -97.714959759785074, 33.960038268351354 ], [ -97.800750775228096, 33.887845885379306 ], [ -97.84022831418531, 33.868021666366815 ], [ -97.884002728443136, 33.861649596451684 ] ], [ [ -94.707928509892781, 33.691581236085142 ], [ -94.713665814026058, 33.693607602908514 ], [ -94.722186322041125, 33.70261639333188 ], [ -94.73961796309851, 33.709989439261165 ], [ -94.755487103147289, 33.733426939101946 ], [ -94.769696088403748, 33.738773619107235 ], [ -94.781927532829343, 33.739652524744201 ], [ -94.807244916119942, 33.746195493727043 ], [ -94.872747845836386, 33.755912290719607 ], [ -94.910272259657063, 33.786576353116175 ], [ -94.924920696832658, 33.808426938952039 ], [ -94.930145305561382, 33.814506041220795 ], [ -94.939910931244469, 33.820414244421841 ], [ -94.948675580013969, 33.823563658535988 ], [ -94.954998822137895, 33.82976483028267 ], [ -94.957440227884206, 33.844925962862874 ], [ -94.960076946593801, 33.849711118773087 ], [ -94.966522259994292, 33.855253110842398 ], [ -94.974481243914283, 33.859794126897441 ], [ -94.981658977779603, 33.861649596451684 ], [ -95.016400188617808, 33.862577329879855 ], [ -95.031756635060617, 33.866727720907591 ], [ -95.047454876941003, 33.875931822495602 ], [ -95.079412884796795, 33.903055845750657 ], [ -95.096991010126999, 33.912992368702817 ], [ -95.128314252200937, 33.919340024722317 ], [ -95.13370975999743, 33.925150572341011 ], [ -95.137664838061824, 33.932108580246734 ], [ -95.143035931063366, 33.938041197343352 ], [ -95.154315228165217, 33.944193541298887 ], [ -95.22030643939064, 33.96294354081175 ] ], [ [ -95.22030643939064, 33.96294354081175 ], [ -95.236737102635175, 33.960673033233888 ], [ -95.255682416010643, 33.947953307299258 ], [ -95.26178593127571, 33.933060728469798 ], [ -95.263250774903327, 33.915458189244021 ], [ -95.268597454908615, 33.904569518068797 ] ], [ [ -96.83395390005245, 33.869291197031089 ], [ -96.843524212772195, 33.869925962812886 ], [ -96.850775189223612, 33.871927915740685 ], [ -96.855560346033144, 33.8748331891004 ], [ -96.867620892290347, 33.885331236147636 ], [ -96.87389530572375, 33.893656432098624 ], [ -96.878558392156037, 33.903422056882391 ], [ -96.884759563902719, 33.931571470946608 ], [ -96.889202924375468, 33.94145916610762 ], [ -96.894061321972401, 33.946268735913407 ], [ -96.9008972604002, 33.950834165864023 ], [ -96.914520305867427, 33.955936705114823 ], [ -96.924090618587172, 33.957328307055718 ] ], [ [ -96.924090618587172, 33.957328307055718 ], [ -96.932708783083854, 33.957328307055718 ], [ -96.966888470726303, 33.9520792835321 ], [ -96.972601360964006, 33.950004088018204 ], [ -96.977874799282517, 33.947538268376377 ], [ -96.985076947043467, 33.939896665998333 ], [ -96.98417362661155, 33.926835142827542 ], [ -96.986541790671083, 33.902640806827776 ], [ -97.002166790864692, 33.875321471508698 ], [ -97.017669720681056, 33.858549010128684 ], [ -97.039813275062556, 33.853592955150759 ] ], [ [ -95.497088665809258, 33.875321471508698 ], [ -95.499310345595973, 33.87966717370108 ], [ -95.503436321828758, 33.884549986092964 ], [ -95.50570683030594, 33.888016783547698 ], [ -95.505535931238228, 33.889603697552559 ], [ -95.537127727962229, 33.889921079993826 ], [ -95.549774213109401, 33.8957316267132 ], [ -95.54025272818086, 33.910062682346904 ], [ -95.54808964172355, 33.925541197368318 ], [ -95.559124798970288, 33.933231627537566 ], [ -95.571893352696065, 33.938871275189172 ], [ -95.584954876766119, 33.947953307299258 ], [ -95.598114056418524, 33.9520792835321 ] ], [ [ -95.598114056418524, 33.9520792835321 ], [ -95.609515423897676, 33.943461119035419 ], [ -95.622821087822899, 33.924369322286395 ] ], [ [ -95.622821087822899, 33.924369322286395 ], [ -95.630389446715583, 33.924662290832032 ], [ -95.646991009927149, 33.929764830082831 ] ], [ [ -95.646991009927149, 33.929764830082831 ], [ -95.650116010145723, 33.927469907710076 ], [ -95.673724408154897, 33.916898618976063 ], [ -95.683953899652749, 33.914823424361543 ], [ -95.695159955067879, 33.909623227729753 ], [ -95.705096478020039, 33.902933775373413 ], [ -95.711590619211677, 33.896439635081094 ] ], [ [ -96.540887493762796, 33.828177916277809 ], [ -96.581976360620502, 33.838724791116192 ], [ -96.594232220740366, 33.84975994746361 ], [ -96.598065228427515, 33.853373228291844 ], [ -96.601068158268845, 33.857767760074069 ], [ -96.602508588000887, 33.862845885429238 ], [ -96.602557415792091, 33.868265807121304 ], [ -96.600701947137111, 33.873221861199909 ], [ -96.589862102853772, 33.891898619026051 ], [ -96.592498821563368, 33.897831236122613 ], [ -96.600799602719462, 33.904886900510007 ], [ -96.625555462814361, 33.913382993730181 ], [ -96.639276165662523, 33.916166196712595 ] ], [ [ -96.639276165662523, 33.916166196712595 ], [ -96.64935917378682, 33.915970885547893 ], [ -96.65453495472434, 33.913480650211795 ], [ -96.658807416129321, 33.910184751824829 ], [ -96.665155072148821, 33.901664243809762 ], [ -96.678070111046793, 33.87065838507641 ], [ -96.680780072342429, 33.865897643061771 ], [ -96.684002728143355, 33.861698424242888 ], [ -96.687616009870965, 33.857889830451313 ], [ -96.691961712962666, 33.854618345959864 ], [ -96.699481244064145, 33.851688657805312 ], [ -96.709686321666368, 33.849247252059001 ], [ -96.728851361001489, 33.847172057444482 ] ], [ [ -95.268597454908615, 33.904569518068797 ], [ -95.280194135351053, 33.910062682346904 ] ], [ [ -95.280194135351053, 33.910062682346904 ], [ -95.286248821925597, 33.902103697527593 ], [ -95.293743939131446, 33.898099790772733 ], [ -95.302850385137162, 33.894974791453421 ], [ -95.313714642416812, 33.889603697552559 ] ], [ [ -97.144110150163272, 33.725126157945795 ], [ -97.167547650003996, 33.737577330129682 ], [ -97.187176556053203, 33.76011151043781 ], [ -97.200579877359417, 33.786576353116175 ], [ -97.205584760128545, 33.810770689115998 ], [ -97.201336712619195, 33.827689634768831 ], [ -97.182415814038563, 33.852933775473332 ], [ -97.177655072023924, 33.869120298862697 ], [ -97.180316204629094, 33.881595884942101 ], [ -97.188104291280013, 33.892875182044008 ], [ -97.199188275418578, 33.902469907760008 ], [ -97.211785930975907, 33.910062682346904 ] ], [ [ -97.211785930975907, 33.910062682346904 ], [ -97.217987102722589, 33.906986509919477 ], [ -97.230584760078614, 33.902714049413817 ], [ -97.236004680871304, 33.899540221404095 ], [ -97.240423627448422, 33.894828307180603 ], [ -97.243646283249348, 33.887382017765901 ], [ -97.261444135438467, 33.861771665929609 ], [ -97.267034955298925, 33.855448423805683 ] ], [ [ -97.43644413508872, 33.826957213404683 ], [ -97.452459760309694, 33.835355650143129 ], [ -97.458831830224767, 33.858549010128684 ], [ -97.461248822075447, 33.879276549573092 ], [ -97.469256634685905, 33.89214275978054 ], [ -97.484002728343228, 33.899296079750286 ], [ -97.506634564233707, 33.902640806827776 ] ], [ [ -97.506634564233707, 33.902640806827776 ], [ -97.570941204972598, 33.898978697309019 ] ], [ [ -95.711590619211677, 33.896439635081094 ], [ -95.721991009777241, 33.897294126822487 ] ], [ [ -95.721991009777241, 33.897294126822487 ], [ -95.736981244189053, 33.895658385026422 ] ], [ [ -95.736981244189053, 33.895658385026422 ], [ -95.769622845617789, 33.896439635081094 ] ], [ [ -95.769622845617789, 33.896439635081094 ], [ -95.776556438728619, 33.890018736475497 ], [ -95.772283978223015, 33.86186932241128 ], [ -95.78327030587991, 33.855448423805683 ] ], [ [ -95.848895305973599, 33.851493345741289 ], [ -95.860394329934365, 33.853959166282493 ], [ -95.916961712712862, 33.884061705483305 ], [ -95.927581830137342, 33.893021666316827 ], [ -95.937884564221235, 33.895560728544751 ] ], [ [ -95.937884564221235, 33.895560728544751 ], [ -95.950457805882991, 33.889457213279741 ], [ -95.960980266825857, 33.879984557041666 ], [ -95.965423627298549, 33.872538268526228 ] ], [ [ -95.313714642416812, 33.889603697552559 ], [ -95.324847455245845, 33.895341001685836 ], [ -95.331756635360421, 33.895511899854284 ] ], [ [ -95.331756635360421, 33.895511899854284 ], [ -95.334832805989208, 33.886503111229558 ], [ -95.335491985666579, 33.878617368996345 ], [ -95.33768925155772, 33.874369322386315 ], [ -95.341912885171496, 33.871781432367186 ], [ -95.348455853255018, 33.869120298862697 ], [ -95.357049602956806, 33.86821697843078 ] ], [ [ -95.451507610687656, 33.869120298862697 ], [ -95.457830852811583, 33.876175963250091 ], [ -95.464422649585572, 33.880521666341792 ], [ -95.472015424172469, 33.882792173919654 ], [ -95.481610149888468, 33.883402524906558 ] ], [ [ -95.481610149888468, 33.883402524906558 ], [ -95.48607792425679, 33.88118084601922 ], [ -95.491961712662885, 33.877176939264302 ], [ -95.497088665809258, 33.875321471508698 ] ], [ [ -97.267034955298925, 33.855448423805683 ], [ -97.29374393873178, 33.875443540986623 ], [ -97.305780071992729, 33.877982603214548 ] ], [ [ -97.305780071992729, 33.877982603214548 ], [ -97.321649212940827, 33.869120298862697 ], [ -97.323846477932591, 33.866092955125737 ], [ -97.329486127382836, 33.855912291419088 ], [ -97.332489056324846, 33.851737486495779 ], [ -97.337762493744094, 33.847342954713554 ], [ -97.348211713000126, 33.841923033021544 ], [ -97.352679485569809, 33.838407407775605 ], [ -97.360443158325097, 33.833646665761023 ], [ -97.371746869322521, 33.830497252546138 ], [ -97.43644413508872, 33.826957213404683 ] ], [ [ -96.728851361001489, 33.847172057444482 ], [ -96.73981327476281, 33.847611510262993 ], [ -96.748407025363917, 33.848881040927267 ], [ -96.753704876678682, 33.851371275364045 ], [ -96.779827923919527, 33.86787518209394 ], [ -96.790106244107847, 33.872196471290124 ], [ -96.798309368782327, 33.873343932476473 ] ], [ [ -96.798309368782327, 33.873343932476473 ], [ -96.83395390005245, 33.869291197031089 ] ], [ [ -95.965423627298549, 33.872538268526228 ], [ -95.97252811857777, 33.873026549135886 ] ], [ [ -95.97252811857777, 33.873026549135886 ], [ -95.987835736330169, 33.866263853294186 ], [ -96.006414837674583, 33.855448423805683 ], [ -96.040203900289725, 33.843290221066809 ], [ -96.05421757168358, 33.841800963543619 ], [ -96.105413860561214, 33.841800963543619 ], [ -96.115301555722226, 33.83970135323483 ], [ -96.135858196998186, 33.830277524787903 ], [ -96.146698041281581, 33.828177916277809 ], [ -96.156414838274145, 33.821171080580882 ], [ -96.1740906191867, 33.786722838288313 ], [ -96.183905071761615, 33.773539243841014 ], [ -96.202728313860575, 33.763675963474896 ], [ -96.220770305904864, 33.762040220779568 ] ], [ [ -95.357049602956806, 33.86821697843078 ], [ -95.44059452471754, 33.870536313799846 ] ], [ [ -95.44059452471754, 33.870536313799846 ], [ -95.451507610687656, 33.869120298862697 ] ], [ [ -95.78327030587991, 33.855448423805683 ], [ -95.790155072098855, 33.8575968610063 ], [ -95.795574993790922, 33.862259947438588 ], [ -95.800946087691784, 33.869120298862697 ] ], [ [ -95.800946087691784, 33.869120298862697 ], [ -95.808880657716145, 33.866874205180409 ], [ -95.814740033125986, 33.862259947438588 ], [ -95.820819135394743, 33.855448423805683 ], [ -95.848895305973599, 33.851493345741289 ] ], [ [ -97.039813275062556, 33.853592955150759 ], [ -97.075238080373083, 33.861649596451684 ] ], [ [ -97.075238080373083, 33.861649596451684 ], [ -97.073846478432188, 33.846195494426524 ], [ -97.066571088085254, 33.839408384689193 ], [ -97.058538860679846, 33.834427915815638 ], [ -97.054754680783844, 33.824418150277381 ], [ -97.059149212566069, 33.817264830307636 ], [ -97.07831425190119, 33.807914244446806 ], [ -97.082684368888522, 33.797123227954557 ], [ -97.084954877365703, 33.767924010084982 ], [ -97.093817180818235, 33.742338072144321 ], [ -97.112518353439214, 33.726102720963809 ], [ -97.144110150163272, 33.725126157945795 ] ], [ [ -96.4964538998276, 33.786576353116175 ], [ -96.504046674414496, 33.789921080193665 ], [ -96.507806438616228, 33.797855650218082 ], [ -96.510199016571335, 33.807132994392134 ], [ -96.513494915857677, 33.814506041220795 ], [ -96.518914838449007, 33.818754087830882 ], [ -96.540814252076075, 33.828177916277809 ] ], [ [ -96.540814252076075, 33.828177916277809 ], [ -96.540887493762796, 33.828177916277809 ] ], [ [ -96.328778119214803, 33.701859557172781 ], [ -96.358612102866232, 33.725614439454773 ], [ -96.387054486375405, 33.762821470834183 ], [ -96.410467572320613, 33.786576353116175 ], [ -96.428704877328187, 33.789725768129699 ] ], [ [ -96.428704877328187, 33.789725768129699 ], [ -96.4964538998276, 33.786576353116175 ] ], [ [ -96.220770305904864, 33.762040220779568 ], [ -96.26337284598003, 33.766044127534428 ] ], [ [ -96.26337284598003, 33.766044127534428 ], [ -96.289520306217128, 33.763041196793779 ], [ -96.295867963135947, 33.754056822064683 ], [ -96.29547733810864, 33.739115416343395 ], [ -96.301214642241916, 33.718314635212209 ], [ -96.328778119214803, 33.701859557172781 ] ], [ [ -94.635955852880272, 33.677323423936855 ], [ -94.643573041362743, 33.685795103261398 ], [ -94.655047649629296, 33.691581236085142 ], [ -94.66871952468631, 33.695414243772291 ], [ -94.683099408111161, 33.697782407831824 ] ], [ [ -94.683099408111161, 33.697782407831824 ], [ -94.689471478026292, 33.697318541117738 ], [ -94.701068157569409, 33.692777525062695 ], [ -94.707928509892781, 33.691581236085142 ] ], [ [ -94.532904096346954, 33.650004087718457 ], [ -94.58034061922416, 33.663480649812129 ], [ -94.594964641604918, 33.669877135421416 ], [ -94.591741985803992, 33.675541196968652 ], [ -94.588446088316289, 33.679252135177876 ], [ -94.609857221333698, 33.681058775142333 ] ], [ [ -94.609857221333698, 33.681058775142333 ], [ -94.635955852880272, 33.677323423936855 ] ], [ [ -94.484100385424426, 33.647416196800009 ], [ -94.489398235839872, 33.648466002404064 ], [ -94.514740033026101, 33.649271666354309 ], [ -94.532904096346954, 33.65686443914251 ] ], [ [ -94.532904096346954, 33.65686443914251 ], [ -94.532904096346954, 33.650004087718457 ] ] ] } },
{ "type": "Feature", "properties": { "FEATURECLA": "Admin-1 statistical meta bounds", "NAME": "Oklahoma - Kansas", "ADM0_A3": "USA", "ADM0_NAME": "United States of America", "SHAPE_LENG": 826.16129716299997, "MAPCOLOR13": 1.0, "MAPCOLOR9": 1.0, "SOV_A3": "US1", "NAME_L": "Oklahoma", "NAME_R": "Kansas", "NAME_ALT_L": "OK|Okla.", "NAME_ALT_R": "KS|Kans.", "NAME_LOC_L": null, "NAME_LOC_R": null, "NAME_LEN_L": 8.0, "NAME_LEN_R": 6.0, "NOTE": "US_89", "TYPE": null, "MIN_ZOOM": 2.0, "MIN_LABEL": 7.5, "SCALERANK": 2, "FCLASS_ISO": null, "FCLASS_US": null, "FCLASS_FR": null, "FCLASS_RU": null, "FCLASS_ES": null, "FCLASS_CN": null, "FCLASS_TW": null, "FCLASS_IN": null, "FCLASS_NP": null, "FCLASS_PK": null, "FCLASS_DE": null, "FCLASS_GB": null, "FCLASS_BR": null, "FCLASS_IL": null, "FCLASS_PS": null, "FCLASS_SA": null, "FCLASS_EG": null, "FCLASS_MA": null, "FCLASS_PT": null, "FCLASS_AR": null, "FCLASS_JP": null, "FCLASS_KO": null, "FCLASS_VN": null, "FCLASS_TR": null, "FCLASS_ID": null, "FCLASS_PL": null, "FCLASS_GR": null, "FCLASS_IT": null, "FCLASS_NL": null, "FCLASS_SE": null, "FCLASS_BD": null, "FCLASS_UA": null, "ne_id": 1746714589, "BRK_A3": null, "FCLASS_OSM": null, "FCLASS_TLC": null }, "geometry": { "type": "LineString", "coordinates": [ [ -94.618035931213228, 36.999808775254735 ], [ -94.849090619136746, 36.999808775254735 ], [ -95.080145306160944, 36.999808775254735 ], [ -95.311224407980035, 36.999808775254735 ], [ -95.5423279236947, 36.999808775254735 ], [ -95.773407024614471, 36.999808775254735 ], [ -96.004510541228456, 36.999808775254735 ], [ -96.235589642148227, 36.999808775254735 ], [ -96.466693157862949, 36.999808775254735 ], [ -96.69777225968204, 36.999808775254735 ], [ -96.928851360601811, 36.999808775254735 ], [ -97.159954877215796, 36.999808775254735 ], [ -97.391058392031141, 36.999808775254735 ], [ -97.622137493850232, 36.999808775254735 ], [ -97.853216595669323, 36.999808775254735 ], [ -98.084271282693521, 36.999808775254735 ], [ -98.315350385411932, 36.999808775254735 ], [ -98.546453900227277, 36.999808775254735 ], [ -98.777508588150795, 36.999808775254735 ], [ -99.00861210296614, 36.999808775254735 ], [ -99.239691204785231, 36.999808775254735 ], [ -99.470794721399272, 36.999808775254735 ], [ -99.701873822319044, 36.999808775254735 ], [ -99.932977338033709, 36.999808775254735 ], [ -100.16405643895348, 36.999808775254735 ], [ -100.395135540772571, 36.999808775254735 ], [ -100.626239055587916, 36.999808775254735 ], [ -100.857318158306327, 36.999808775254735 ], [ -101.088421674020992, 36.999808775254735 ], [ -101.319525188836394, 36.999808775254735 ], [ -101.550604290655485, 36.999808775254735 ], [ -101.781658977679683, 36.999808775254735 ], [ -102.039569135107456, 36.999808775254735 ] ] } },
{ "type": "Feature", "properties": { "FEATURECLA": "Admin-1 boundary", "NAME": "Iowa - South Dakota", "ADM0_A3": "USA", "ADM0_NAME": "United States of America", "SHAPE_LENG": 138.28895892200001, "MAPCOLOR13": 1.0, "MAPCOLOR9": 1.0, "SOV_A3": "US1", "NAME_L": "Iowa", "NAME_R": "South Dakota", "NAME_ALT_L": "IA|Iowa", "NAME_ALT_R": "SD|S.D.", "NAME_LOC_L": null, "NAME_LOC_R": null, "NAME_LEN_L": 4.0, "NAME_LEN_R": 12.0, "NOTE": "US_88", "TYPE": null, "MIN_ZOOM": 2.0, "MIN_LABEL": 7.5, "SCALERANK": 2, "FCLASS_ISO": null, "FCLASS_US": null, "FCLASS_FR": null, "FCLASS_RU": null, "FCLASS_ES": null, "FCLASS_CN": null, "FCLASS_TW": null, "FCLASS_IN": null, "FCLASS_NP": null, "FCLASS_PK": null, "FCLASS_DE": null, "FCLASS_GB": null, "FCLASS_BR": null, "FCLASS_IL": null, "FCLASS_PS": null, "FCLASS_SA": null, "FCLASS_EG": null, "FCLASS_MA": null, "FCLASS_PT": null, "FCLASS_AR": null, "FCLASS_JP": null, "FCLASS_KO": null, "FCLASS_VN": null, "FCLASS_TR": null, "FCLASS_ID": null, "FCLASS_PL": null, "FCLASS_GR": null, "FCLASS_IT": null, "FCLASS_NL": null, "FCLASS_SE": null, "FCLASS_BD": null, "FCLASS_UA": null, "ne_id": 1746714593, "BRK_A3": null, "FCLASS_OSM": null, "FCLASS_TLC": null }, "geometry": { "type": "MultiLineString", "coordinates": [ [ [ -96.453558392106117, 43.500126158195599 ], [ -96.595282025445101, 43.498905455322472 ], [ -96.598553509936494, 43.496464049576218 ], [ -96.596380657940983, 43.489750182424928 ], [ -96.592987103072346, 43.484379088524065 ], [ -96.590643352908387, 43.478031432504565 ], [ -96.590106243608261, 43.470780455153886 ], [ -96.59242557987659, 43.459867369183712 ], [ -96.593182416035631, 43.450809751868519 ], [ -96.592523236358261, 43.44246014292122 ], [ -96.587616010070803, 43.433109557060391 ], [ -96.582855267156845, 43.427543150196186 ], [ -96.564422650085191, 43.412333188925516 ], [ -96.556536907851978, 43.404227720732706 ], [ -96.539276165862361, 43.389750181725503 ], [ -96.535614056343604, 43.385673033283808 ], [ -96.53307499411568, 43.375077329754959 ], [ -96.533465619142987, 43.323539244540484 ], [ -96.53673710273506, 43.298954283513353 ], [ -96.539276165862361, 43.295487486058619 ], [ -96.543182416135551, 43.292093932089244 ], [ -96.548577923932044, 43.289628111548097 ], [ -96.555462689251669, 43.288627135533829 ] ], [ [ -96.555462689251669, 43.288627135533829 ], [ -96.570062298636174, 43.289969907884938 ] ], [ [ -96.570062298636174, 43.289969907884938 ], [ -96.576727337996203, 43.289139830039119 ], [ -96.579583782665395, 43.284549986192872 ], [ -96.578582805751864, 43.277714049563713 ], [ -96.570257610700139, 43.266874205280317 ], [ -96.562957805558256, 43.262479674397412 ], [ -96.557440228283895, 43.258353697265306 ], [ -96.556195110615818, 43.254716002541443 ], [ -96.559149212666, 43.251151549504357 ], [ -96.567865032745033, 43.243778501776433 ], [ -96.571136517236482, 43.239432799583994 ], [ -96.572308392318405, 43.234086119578706 ], [ -96.570623821831873, 43.228568541405025 ], [ -96.564520305667543, 43.223466002154225 ], [ -96.556854291192565, 43.221293150158715 ], [ -96.548577923932044, 43.220780454754163 ] ], [ [ -96.533026166324476, 43.221390807539706 ], [ -96.510199016571335, 43.218387876799056 ] ], [ [ -96.548577923932044, 43.220780454754163 ], [ -96.533026166324476, 43.221390807539706 ] ], [ [ -96.493084759753856, 43.219266783335343 ], [ -96.486590618562161, 43.218802915721938 ], [ -96.480804485738417, 43.216630063726427 ], [ -96.476824993778393, 43.212894713420269 ], [ -96.474212688964428, 43.208109557510056 ], [ -96.470916790577405, 43.197318541017808 ], [ -96.462371868666764, 43.153739438824005 ], [ -96.459442181411532, 43.143729674185067 ], [ -96.456488080260669, 43.136210143083588 ], [ -96.455169720905872, 43.12971600189195 ], [ -96.455389446865468, 43.121732603177065 ], [ -96.466009564289948, 43.081547056751219 ], [ -96.46986698587267, 43.074589048845496 ], [ -96.474139447277651, 43.069144713257913 ], [ -96.507391399693347, 43.0452677596993 ], [ -96.509393352621089, 43.040580260270758 ], [ -96.509320110934368, 43.03501385340661 ], [ -96.505145306011059, 43.029300963168907 ], [ -96.501483197391622, 43.025687682340617 ], [ -96.499725385218312, 43.022635923808821 ], [ -96.498846477782706, 43.018046079962573 ], [ -96.501263471432026, 43.011063658161277 ], [ -96.507855267306695, 42.997367369208689 ], [ -96.512225385193346, 42.992386900335134 ], [ -96.512616010220654, 42.991215025253211 ], [ -96.512957805658175, 42.988578307442936 ], [ -96.512371868566845, 42.985111509988144 ], [ -96.510955852730376, 42.965531431730142 ], [ -96.514984174280187, 42.95391033829145 ], [ -96.518768353276869, 42.947513853581427 ], [ -96.53732304072571, 42.932181821933511 ], [ -96.538616986184934, 42.929838071769552 ], [ -96.539959760334625, 42.923075376827171 ], [ -96.542034954949202, 42.895780455403667 ], [ -96.544378705113104, 42.887967954857231 ], [ -96.546405071936476, 42.883500182287548 ], [ -96.550091596250127, 42.881156432123646 ], [ -96.554852338264766, 42.877396666123218 ], [ -96.556805463401417, 42.87307537692709 ], [ -96.558514446884203, 42.866996275557653 ], [ -96.559466596006587, 42.853812682009618 ], [ -96.56090702483931, 42.848343932526461 ], [ -96.56342167407098, 42.844510923939993 ], [ -96.567157025276458, 42.842899596039501 ], [ -96.582855267156845, 42.837845885479226 ], [ -96.586224408129908, 42.836161314093374 ], [ -96.590203900089875, 42.833378111110903 ], [ -96.594110150363122, 42.829667173800999 ], [ -96.597235149682376, 42.825345885504191 ], [ -96.599652142432433, 42.820218932357818 ], [ -96.601727337946272, 42.814603696803147 ], [ -96.604193157588156, 42.809427915865626 ], [ -96.607269330015527, 42.805057798878295 ], [ -96.622747845936317, 42.788334166188804 ], [ -96.631121868779189, 42.774247252208909 ], [ -96.635223431116458, 42.764774595970778 ], [ -96.637957806307668, 42.751053893122673 ], [ -96.635540813557668, 42.742924010134914 ], [ -96.630511516892966, 42.732474790878882 ], [ -96.614691204635392, 42.714188658080104 ], [ -96.605487103047324, 42.7059367047151 ], [ -96.597625774709741, 42.700297057063494 ], [ -96.544207806045392, 42.670463072512746 ], [ -96.53524784611119, 42.664017760011575 ], [ -96.527288861291879, 42.657059752105852 ], [ -96.524188274968878, 42.653177915728179 ], [ -96.523016399886899, 42.649076353390967 ], [ -96.52648319734169, 42.644730650299266 ], [ -96.537176555553572, 42.637919127565681 ], [ -96.538421674120968, 42.636674009897604 ], [ -96.541302532685734, 42.632694517937637 ], [ -96.541668743817468, 42.630179868705966 ], [ -96.540203900189795, 42.62727459624557 ], [ -96.522894330408974, 42.619584166076379 ], [ -96.518084759703868, 42.616874204780686 ], [ -96.514032025157803, 42.613505063807622 ], [ -96.51041874432957, 42.609427916265304 ], [ -96.503826946656261, 42.600077330404474 ], [ -96.500970501987069, 42.594291197580674 ], [ -96.499603313941748, 42.588309751793588 ], [ -96.500335736205216, 42.580179868805885 ], [ -96.499456829668929, 42.573978697059204 ], [ -96.494769330240388, 42.568461118885523 ], [ -96.489300579857854, 42.565751158489149 ], [ -96.482171673783682, 42.553690611332627 ], [ -96.482659955292661, 42.518339049507517 ] ], [ [ -96.510199016571335, 43.218387876799056 ], [ -96.503289838255398, 43.218387876799056 ], [ -96.493084759753856, 43.219266783335343 ] ] ] } },
{ "type": "Feature", "properties": { "FEATURECLA": "Admin-1 boundary", "NAME": "Nebraska - Iowa", "ADM0_A3": "USA", "ADM0_NAME": "United States of America", "SHAPE_LENG": 246.39736274500001, "MAPCOLOR13": 1.0, "MAPCOLOR9": 1.0, "SOV_A3": "US1", "NAME_L": "Nebraska", "NAME_R": "Iowa", "NAME_ALT_L": "NE|Nebr.", "NAME_ALT_R": "IA|Iowa", "NAME_LOC_L": null, "NAME_LOC_R": null, "NAME_LEN_L": 8.0, "NAME_LEN_R": 4.0, "NOTE": "US_87", "TYPE": null, "MIN_ZOOM": 2.0, "MIN_LABEL": 7.5, "SCALERANK": 2, "FCLASS_ISO": null, "FCLASS_US": null, "FCLASS_FR": null, "FCLASS_RU": null, "FCLASS_ES": null, "FCLASS_CN": null, "FCLASS_TW": null, "FCLASS_IN": null, "FCLASS_NP": null, "FCLASS_PK": null, "FCLASS_DE": null, "FCLASS_GB": null, "FCLASS_BR": null, "FCLASS_IL": null, "FCLASS_PS": null, "FCLASS_SA": null, "FCLASS_EG": null, "FCLASS_MA": null, "FCLASS_PT": null, "FCLASS_AR": null, "FCLASS_JP": null, "FCLASS_KO": null, "FCLASS_VN": null, "FCLASS_TR": null, "FCLASS_ID": null, "FCLASS_PL": null, "FCLASS_GR": null, "FCLASS_IT": null, "FCLASS_NL": null, "FCLASS_SE": null, "FCLASS_BD": null, "FCLASS_UA": null, "ne_id": 1746714599, "BRK_A3": null, "FCLASS_OSM": null, "FCLASS_TLC": null }, "geometry": { "type": "MultiLineString", "coordinates": [ [ [ -96.061029096215805, 41.537723814102719 ], [ -96.082147259788201, 41.549808775154816 ], [ -96.083416791351794, 41.570682798872042 ], [ -96.077655072423624, 41.590409361402862 ], [ -96.077777141901549, 41.599174010172419 ], [ -96.091571088235128, 41.606644713482694 ], [ -96.099041790646083, 41.62468670552704 ], [ -96.101898236214595, 41.64707439976371 ], [ -96.101190227846701, 41.689652525043982 ], [ -96.098553510036425, 41.697245298731502 ], [ -96.092059368844787, 41.705301939133165 ], [ -96.081610149588698, 41.715702329698729 ], [ -96.078973430879103, 41.720292174444296 ], [ -96.080242963342073, 41.725931822095902 ], [ -96.081488080110773, 41.739457212880041 ], [ -96.076654096409413, 41.758451353147393 ], [ -96.068035931013412, 41.776517759986632 ], [ -96.064227338121157, 41.795951353072439 ], [ -96.074041790696072, 41.818900572303562 ], [ -96.133026166224568, 41.866068541430025 ], [ -96.137664837861962, 41.871610533499279 ], [ -96.153436322328389, 41.89805096318139 ], [ -96.157220502224391, 41.907059751806059 ], [ -96.156268353102007, 41.918827330416946 ], [ -96.146356244045421, 41.938382993880055 ], [ -96.142962689176727, 41.948002135290267 ], [ -96.154339641860986, 41.987821471483699 ], [ -96.190643352808479, 42.010160337929221 ], [ -96.232415814138506, 42.028934752236978 ], [ -96.260272259657029, 42.057865416355867 ], [ -96.26430058030752, 42.080082213323465 ], [ -96.263812298798541, 42.100663268494998 ], [ -96.265667766554145, 42.119535338385163 ], [ -96.276727337696457, 42.136698423893108 ], [ -96.294378704713438, 42.148783384945261 ], [ -96.327899212678517, 42.165824400075962 ], [ -96.342205852618008, 42.181400572478424 ], [ -96.351336713418561, 42.205741392751065 ], [ -96.347674603000485, 42.224198423718235 ], [ -96.33937382184439, 42.240873227717259 ], [ -96.334759564102569, 42.260209166120092 ], [ -96.336492963279625, 42.283329283519606 ], [ -96.342352337790146, 42.300199400481915 ], [ -96.353094524692551, 42.31335858013432 ], [ -96.36720585256802, 42.322269713176695 ], [ -96.368450971135417, 42.33843182177111 ], [ -96.402166791164461, 42.368998227686063 ], [ -96.39721073618648, 42.411307799215535 ], [ -96.383514447233949, 42.455399595914571 ], [ -96.397430463045396, 42.496683774836299 ], [ -96.414544720762251, 42.506595884792205 ], [ -96.438446088216381, 42.51284588522941 ], [ -96.482659955292661, 42.518339049507517 ] ], [ [ -95.945745891659556, 41.467093932139221 ], [ -95.986590618662092, 41.474027525250051 ], [ -96.000457805783071, 41.480375182168871 ], [ -96.006414837674583, 41.4924113145305 ], [ -96.004510541228456, 41.501883970768631 ], [ -95.999847454796168, 41.514725767979769 ], [ -95.994158977554775, 41.52602947807793 ], [ -95.989032025307722, 41.530912291369134 ], [ -95.98766483816172, 41.534012876792815 ], [ -95.995672649872859, 41.54082440042572 ], [ -96.008123822056746, 41.547635924058625 ], [ -96.020037884940393, 41.550760924277199 ] ], [ [ -96.020037884940393, 41.550760924277199 ], [ -96.028533978160567, 41.548392760217666 ], [ -96.048480266650984, 41.538773618807454 ], [ -96.061029096215805, 41.537723814102719 ] ], [ [ -95.767645305686301, 40.600467954932128 ], [ -95.764178510030206, 40.61697186076276 ], [ -95.763104291429897, 40.638968931770762 ], [ -95.773040814382057, 40.660673033333808 ], [ -95.792083783339933, 40.671000182212595 ], [ -95.84472050194961, 40.688212096411121 ], [ -95.855560346232949, 40.70474041613727 ], [ -95.858367963110993, 40.714310727957695 ], [ -95.864227337621514, 40.720902524731684 ], [ -95.86930546297674, 40.728885924345889 ], [ -95.869842572276866, 40.742631041089624 ], [ -95.866888471126003, 40.753129088136859 ], [ -95.862445110653312, 40.758719907997317 ], [ -95.848114055918927, 40.769950377308021 ], [ -95.827655072023958, 40.794144713307844 ], [ -95.829852337915042, 40.802567563941921 ], [ -95.839715619180481, 40.816068540830486 ], [ -95.841912885071565, 40.82798260281487 ], [ -95.838006634798319, 40.851493346141012 ], [ -95.83024296294235, 40.869974791003756 ], [ -95.824774212559817, 40.888968932170485 ], [ -95.827655072023958, 40.913944518224923 ], [ -95.840106244207789, 40.93848065056153 ], [ -95.841912885071565, 40.951810728382384 ], [ -95.837835735730607, 40.972831236372429 ], [ -95.838250774653488, 40.982352721301027 ], [ -95.845037885290139, 40.992777524862845 ], [ -95.862640423616654, 41.004520689578158 ], [ -95.870965618668322, 41.012113463265678 ], [ -95.876043744023548, 41.023807799290466 ], [ -95.873968549409028, 41.032132994342192 ], [ -95.867962688826992, 41.037577329929832 ], [ -95.864422649685537, 41.042850768248343 ], [ -95.869842572276866, 41.050492368827747 ], [ -95.873895305923611, 41.05561932197412 ], [ -95.87565311899624, 41.059525572247367 ], [ -95.877655071923982, 41.062504088193066 ], [ -95.882293743561377, 41.064774595770928 ], [ -95.882293743561377, 41.070975768416929 ], [ -95.876190228296366, 41.077543150396025 ], [ -95.862420696757738, 41.105741393150765 ], [ -95.868743938881664, 41.120121274776977 ], [ -95.870916790877175, 41.152006040945992 ], [ -95.876043744023548, 41.167167174425515 ], [ -95.852777142351215, 41.175882994504548 ], [ -95.86537479880792, 41.18393963490621 ], [ -95.91017460297553, 41.195121275526446 ], [ -95.923846478032488, 41.207645689396998 ], [ -95.924823041050502, 41.224100768335745 ], [ -95.917034955298902, 41.266483579753356 ], [ -95.905999798951541, 41.271293150458519 ], [ -95.884491010351837, 41.289335143402127 ], [ -95.869769329690769, 41.308841978174712 ], [ -95.879168744242122, 41.317997251971576 ], [ -95.896551555709721, 41.319974791003801 ], [ -95.941741985803958, 41.33164471313296 ], [ -95.95797733788379, 41.338480649762175 ], [ -95.934466596356344, 41.402299009891351 ], [ -95.934100385224554, 41.413602720888832 ], [ -95.924481243814341, 41.454569518268613 ], [ -95.930877727624988, 41.464921080143711 ], [ -95.937323041025479, 41.467435728476062 ] ], [ [ -95.937323041025479, 41.467435728476062 ], [ -95.945745891659556, 41.467093932139221 ] ] ] } },
{ "type": "Feature", "properties": { "FEATURECLA": "Admin-1 boundary", "NAME": "Nebraska - Missouri", "ADM0_A3": "USA", "ADM0_NAME": "United States of America", "SHAPE_LENG": 92.363188046399998, "MAPCOLOR13": 1.0, "MAPCOLOR9": 1.0, "SOV_A3": "US1", "NAME_L": "Nebraska", "NAME_R": "Missouri", "NAME_ALT_L": "NE|Nebr.", "NAME_ALT_R": "MO", "NAME_LOC_L": null, "NAME_LOC_R": null, "NAME_LEN_L": 8.0, "NAME_LEN_R": 8.0, "NOTE": "US_86", "TYPE": null, "MIN_ZOOM": 2.0, "MIN_LABEL": 7.5, "SCALERANK": 2, "FCLASS_ISO": null, "FCLASS_US": null, "FCLASS_FR": null, "FCLASS_RU": null, "FCLASS_ES": null, "FCLASS_CN": null, "FCLASS_TW": null, "FCLASS_IN": null, "FCLASS_NP": null, "FCLASS_PK": null, "FCLASS_DE": null, "FCLASS_GB": null, "FCLASS_BR": null, "FCLASS_IL": null, "FCLASS_PS": null, "FCLASS_SA": null, "FCLASS_EG": null, "FCLASS_MA": null, "FCLASS_PT": null, "FCLASS_AR": null, "FCLASS_JP": null, "FCLASS_KO": null, "FCLASS_VN": null, "FCLASS_TR": null, "FCLASS_ID": null, "FCLASS_PL": null, "FCLASS_GR": null, "FCLASS_IT": null, "FCLASS_NL": null, "FCLASS_SE": null, "FCLASS_BD": null, "FCLASS_UA": null, "ne_id": 1746714603, "BRK_A3": null, "FCLASS_OSM": null, "FCLASS_TLC": null }, "geometry": { "type": "MultiLineString", "coordinates": [ [ [ -95.633636517311402, 40.309183774711414 ], [ -95.649945111078011, 40.311039244265714 ], [ -95.656366009683609, 40.32427166650416 ], [ -95.643475384681267, 40.331498228160683 ], [ -95.634246869197625, 40.338309751793588 ], [ -95.629022259569581, 40.345389830076556 ], [ -95.631488080110785, 40.349271666454229 ], [ -95.643304485613498, 40.379520689028539 ], [ -95.659491009902183, 40.398319518131245 ], [ -95.663787885202737, 40.406205260364459 ], [ -95.664886516799299, 40.413431822020925 ], [ -95.663324016690012, 40.428031432304749 ], [ -95.663787885202737, 40.43413494756976 ], [ -95.671234173718119, 40.450297057063494 ], [ -95.688958783321198, 40.467118346234656 ], [ -95.69791874415472, 40.481913268582446 ], [ -95.698895306273357, 40.495707213117385 ], [ -95.695086713381102, 40.507425963037747 ], [ -95.696136517186517, 40.51831463511229 ], [ -95.711590619211677, 40.529716001692123 ], [ -95.735540813557691, 40.536527525325027 ], [ -95.755096477920119, 40.539481627375153 ], [ -95.768231243676951, 40.548734556754368 ], [ -95.773040814382057, 40.574418150277381 ], [ -95.767645305686301, 40.600467954932128 ] ], [ [ -95.317254680658948, 40.000101744100164 ], [ -95.344207805745611, 40.019266783435285 ], [ -95.361639446802997, 40.026713071950667 ], [ -95.40824589183444, 40.033573424274095 ], [ -95.419549602831864, 40.045048033439969 ], [ -95.421991010376814, 40.062504088392927 ], [ -95.417376751735674, 40.084672057569378 ], [ -95.407562299160759, 40.10359295525069 ], [ -95.403753705369184, 40.11418865788022 ], [ -95.406805463001717, 40.118851744312508 ], [ -95.437249799438689, 40.142728696971744 ], [ -95.443231244326455, 40.157401548942289 ], [ -95.457220501824679, 40.1743937362819 ], [ -95.485028118652735, 40.200760924277233 ], [ -95.468621869303831, 40.225712096436098 ], [ -95.467449994221852, 40.238090025134511 ], [ -95.478192181124257, 40.249174010172396 ], [ -95.495306438841055, 40.254227720732729 ], [ -95.531658977579752, 40.256302916246568 ], [ -95.546502727718689, 40.262211119447556 ], [ -95.558660931356883, 40.275321471308814 ], [ -95.567034955099075, 40.288871275089264 ], [ -95.577240032701354, 40.301200376895849 ], [ -95.594891399718279, 40.310624205342776 ], [ -95.613299602894358, 40.311527524875373 ] ], [ [ -95.613299602894358, 40.311527524875373 ], [ -95.633636517311402, 40.309183774711414 ] ] ] } },
{ "type": "Feature", "properties": { "FEATURECLA": "Admin-1 boundary", "NAME": "Maryland - Virginia", "ADM0_A3": "USA", "ADM0_NAME": "United States of America", "SHAPE_LENG": 0.05654847044, "MAPCOLOR13": 1.0, "MAPCOLOR9": 1.0, "SOV_A3": "US1", "NAME_L": "Maryland", "NAME_R": "Virginia", "NAME_ALT_L": "MD", "NAME_ALT_R": "VA", "NAME_LOC_L": null, "NAME_LOC_R": null, "NAME_LEN_L": 8.0, "NAME_LEN_R": 8.0, "NOTE": "US_41", "TYPE": null, "MIN_ZOOM": 2.0, "MIN_LABEL": 7.5, "SCALERANK": 2, "FCLASS_ISO": null, "FCLASS_US": null, "FCLASS_FR": null, "FCLASS_RU": null, "FCLASS_ES": null, "FCLASS_CN": null, "FCLASS_TW": null, "FCLASS_IN": null, "FCLASS_NP": null, "FCLASS_PK": null, "FCLASS_DE": null, "FCLASS_GB": null, "FCLASS_BR": null, "FCLASS_IL": null, "FCLASS_PS": null, "FCLASS_SA": null, "FCLASS_EG": null, "FCLASS_MA": null, "FCLASS_PT": null, "FCLASS_AR": null, "FCLASS_JP": null, "FCLASS_KO": null, "FCLASS_VN": null, "FCLASS_TR": null, "FCLASS_ID": null, "FCLASS_PL": null, "FCLASS_GR": null, "FCLASS_IT": null, "FCLASS_NL": null, "FCLASS_SE": null, "FCLASS_BD": null, "FCLASS_UA": null, "ne_id": 1746716079, "BRK_A3": null, "FCLASS_OSM": null, "FCLASS_TLC": null }, "geometry": { "type": "LineString", "coordinates": [ [ -75.377882447117202, 38.015165387872344 ], [ -75.377375126960544, 38.015198383098891 ] ] } },
{ "type": "Feature", "properties": { "FEATURECLA": "Admin-1 boundary", "NAME": "Maryland - Virginia", "ADM0_A3": "USA", "ADM0_NAME": "United States of America", "SHAPE_LENG": 2.1997366888199998, "MAPCOLOR13": 1.0, "MAPCOLOR9": 1.0, "SOV_A3": "US1", "NAME_L": "Maryland", "NAME_R": "Virginia", "NAME_ALT_L": "MD", "NAME_ALT_R": "VA", "NAME_LOC_L": null, "NAME_LOC_R": null, "NAME_LEN_L": 8.0, "NAME_LEN_R": 8.0, "NOTE": "US_41", "TYPE": null, "MIN_ZOOM": 2.0, "MIN_LABEL": 7.5, "SCALERANK": 2, "FCLASS_ISO": null, "FCLASS_US": null, "FCLASS_FR": null, "FCLASS_RU": null, "FCLASS_ES": null, "FCLASS_CN": null, "FCLASS_TW": null, "FCLASS_IN": null, "FCLASS_NP": null, "FCLASS_PK": null, "FCLASS_DE": null, "FCLASS_GB": null, "FCLASS_BR": null, "FCLASS_IL": null, "FCLASS_PS": null, "FCLASS_SA": null, "FCLASS_EG": null, "FCLASS_MA": null, "FCLASS_PT": null, "FCLASS_AR": null, "FCLASS_JP": null, "FCLASS_KO": null, "FCLASS_VN": null, "FCLASS_TR": null, "FCLASS_ID": null, "FCLASS_PL": null, "FCLASS_GR": null, "FCLASS_IT": null, "FCLASS_NL": null, "FCLASS_SE": null, "FCLASS_BD": null, "FCLASS_UA": null, "ne_id": 1746716081, "BRK_A3": null, "FCLASS_OSM": null, "FCLASS_TLC": null }, "geometry": { "type": "LineString", "coordinates": [ [ -75.263030004331199, 38.022635191860616 ], [ -75.243335467557756, 38.024687543695165 ] ] } },
{ "type": "Feature", "properties": { "FEATURECLA": "Admin-1 boundary", "NAME": "Rhode Island - Massachusetts", "ADM0_A3": "USA", "ADM0_NAME": "United States of America", "SHAPE_LENG": 20.2876474312, "MAPCOLOR13": 1.0, "MAPCOLOR9": 1.0, "SOV_A3": "US1", "NAME_L": "Rhode Island", "NAME_R": "Massachusetts", "NAME_ALT_L": "State of Rhode Island and Providence Plantations|RI|R.I.", "NAME_ALT_R": "Commonwealth of Massachusetts|MA|Mass.", "NAME_LOC_L": null, "NAME_LOC_R": null, "NAME_LEN_L": 12.0, "NAME_LEN_R": 13.0, "NOTE": "US_122", "TYPE": null, "MIN_ZOOM": 2.0, "MIN_LABEL": 7.5, "SCALERANK": 2, "FCLASS_ISO": null, "FCLASS_US": null, "FCLASS_FR": null, "FCLASS_RU": null, "FCLASS_ES": null, "FCLASS_CN": null, "FCLASS_TW": null, "FCLASS_IN": null, "FCLASS_NP": null, "FCLASS_PK": null, "FCLASS_DE": null, "FCLASS_GB": null, "FCLASS_BR": null, "FCLASS_IL": null, "FCLASS_PS": null, "FCLASS_SA": null, "FCLASS_EG": null, "FCLASS_MA": null, "FCLASS_PT": null, "FCLASS_AR": null, "FCLASS_JP": null, "FCLASS_KO": null, "FCLASS_VN": null, "FCLASS_TR": null, "FCLASS_ID": null, "FCLASS_PL": null, "FCLASS_GR": null, "FCLASS_IT": null, "FCLASS_NL": null, "FCLASS_SE": null, "FCLASS_BD": null, "FCLASS_UA": null, "ne_id": 1746745025, "BRK_A3": null, "FCLASS_OSM": null, "FCLASS_TLC": null }, "geometry": { "type": "LineString", "coordinates": [ [ -71.121965637803953, 41.512959386166699 ], [ -71.12196659558191, 41.512967954907197 ], [ -71.122918743804973, 41.521488462922207 ], [ -71.12565311899624, 41.546122251740485 ], [ -71.128387494187507, 41.570756041458139 ], [ -71.131121869378774, 41.595414244171991 ], [ -71.133856243670721, 41.598148619363258 ], [ -71.136590618861987, 41.600882994554524 ], [ -71.139324994053197, 41.603617368846471 ], [ -71.142059369244464, 41.606376157933312 ], [ -71.139324994053197, 41.620072446885899 ], [ -71.136590618861987, 41.633744321942856 ], [ -71.133856243670721, 41.647440610895444 ], [ -71.131121869378774, 41.661136899848032 ], [ -71.147576947418202, 41.665238463084563 ], [ -71.163983196767106, 41.669340025421832 ], [ -71.180438274806534, 41.673441587759044 ], [ -71.193955883757042, 41.676857589706003 ] ] } },
{ "type": "Feature", "properties": { "FEATURECLA": "Admin-1 boundary", "NAME": "Oregon - Washington", "ADM0_A3": "USA", "ADM0_NAME": "United States of America", "SHAPE_LENG": 736.95319942900005, "MAPCOLOR13": 1.0, "MAPCOLOR9": 1.0, "SOV_A3": "US1", "NAME_L": "Oregon", "NAME_R": "Washington", "NAME_ALT_L": "OR|Ore.", "NAME_ALT_R": "WA|Wash.", "NAME_LOC_L": null, "NAME_LOC_R": null, "NAME_LEN_L": 6.0, "NAME_LEN_R": 10.0, "NOTE": "US_121", "TYPE": null, "MIN_ZOOM": 2.0, "MIN_LABEL": 7.5, "SCALERANK": 2, "FCLASS_ISO": null, "FCLASS_US": null, "FCLASS_FR": null, "FCLASS_RU": null, "FCLASS_ES": null, "FCLASS_CN": null, "FCLASS_TW": null, "FCLASS_IN": null, "FCLASS_NP": null, "FCLASS_PK": null, "FCLASS_DE": null, "FCLASS_GB": null, "FCLASS_BR": null, "FCLASS_IL": null, "FCLASS_PS": null, "FCLASS_SA": null, "FCLASS_EG": null, "FCLASS_MA": null, "FCLASS_PT": null, "FCLASS_AR": null, "FCLASS_JP": null, "FCLASS_KO": null, "FCLASS_VN": null, "FCLASS_TR": null, "FCLASS_ID": null, "FCLASS_PL": null, "FCLASS_GR": null, "FCLASS_IT": null, "FCLASS_NL": null, "FCLASS_SE": null, "FCLASS_BD": null, "FCLASS_UA": null, "ne_id": 1746745033, "BRK_A3": null, "FCLASS_OSM": null, "FCLASS_TLC": null }, "geometry": { "type": "MultiLineString", "coordinates": [ [ [ -122.594866985822705, 45.614432799334224 ], [ -122.673114056268673, 45.625736510331649 ], [ -122.697845501568622, 45.635673033283808 ], [ -122.721600384749934, 45.648881040727417 ], [ -122.738861126739607, 45.662845885229387 ], [ -122.748138470913659, 45.679520689228411 ], [ -122.754486126933159, 45.701908385263721 ], [ -122.759344525429469, 45.741019713089258 ], [ -122.758367963310832, 45.752103697227824 ], [ -122.754095501905852, 45.771341978249666 ], [ -122.753143352783468, 45.78232830680588 ], [ -122.757122845642812, 45.792191588071319 ], [ -122.779852338014962, 45.81987713542145 ], [ -122.780560346382856, 45.842679869480378 ], [ -122.775897259950568, 45.862894713520177 ], [ -122.774041791295588, 45.881376158382977 ], [ -122.792474408367241, 45.916337096080099 ], [ -122.800531048768846, 45.961576353066221 ], [ -122.806536907552186, 45.978129088486639 ], [ -122.82055057984536, 45.990824400525639 ], [ -122.836737103234725, 46.000394713245385 ], [ -122.850018353264375, 46.011503111279524 ], [ -122.860784954961673, 46.049662290881997 ], [ -122.874066204991323, 46.071976744331266 ], [ -122.891741985903877, 46.092484556916759 ], [ -122.91017460297553, 46.107889830251452 ], [ -122.935614055744054, 46.122294127571934 ], [ -122.966693157962823, 46.135746274870655 ], [ -122.999432415873287, 46.145609557035414 ], [ -123.02997440789261, 46.149466977718816 ], [ -123.043817181117959, 46.154862486414572 ], [ -123.078973430879103, 46.173343932176692 ], [ -123.092327924394169, 46.182718931933152 ], [ -123.111834760066074, 46.186478697034204 ] ], [ [ -123.111834760066074, 46.186478697034204 ], [ -123.172023077802749, 46.178518757134896 ] ], [ [ -123.172023077802749, 46.178518757134896 ], [ -123.177230550849231, 46.179186881469377 ] ], [ [ -123.177230550849231, 46.179186881469377 ], [ -123.180094813324956, 46.179102095185499 ] ], [ [ -116.878826947305754, 46.001468931845693 ], [ -117.014569134857652, 46.001371275364022 ], [ -117.143475384881071, 46.001273618882408 ], [ -117.272332806214024, 46.001151549404483 ], [ -117.401165813651346, 46.001029478127862 ], [ -117.529998821988045, 46.000907407750617 ], [ -117.658880658115834, 46.000809752168323 ], [ -117.787738080348106, 46.000687681791078 ], [ -117.916571087785428, 46.000541197518203 ], [ -118.045404096122127, 46.000443541036589 ], [ -118.174285931350653, 46.000345885454237 ], [ -118.303143352683549, 46.000223814177673 ], [ -118.432000774915821, 46.000077329904855 ], [ -118.560809369356889, 45.999979674322503 ], [ -118.689666790689785, 45.999882017840832 ], [ -118.818548626817631, 45.999711118773064 ], [ -118.947381635154329, 45.999589049295139 ], [ -118.993573041262835, 45.999515806709098 ], [ -119.002362103028588, 45.999515806709098 ], [ -119.044549603281553, 45.964481627325199 ], [ -119.09332890030845, 45.948832213236017 ], [ -119.341326946881054, 45.946146665835954 ], [ -119.429022259669523, 45.934257017747143 ], [ -119.479608196660934, 45.927421080218664 ] ], [ [ -119.479608196660934, 45.927421080218664 ], [ -119.548846477582856, 45.929740416486993 ] ], [ [ -119.548846477582856, 45.929740416486993 ], [ -119.575262494268657, 45.927591978387056 ], [ -119.591693158412511, 45.921146665885885 ], [ -119.620526166049672, 45.89560955753501 ], [ -119.662469524648827, 45.871830260458125 ], [ -119.934198041406432, 45.837967955256886 ], [ -120.080389447315099, 45.794779478090391 ], [ -120.127240033101032, 45.789091001748318 ], [ -120.145404096421885, 45.780570493733251 ], [ -120.176043744023559, 45.759037291237973 ], [ -120.20211796257388, 45.745829282895045 ], [ -120.229901166405682, 45.737064635024865 ], [ -120.245379681427153, 45.735966002528983 ] ], [ [ -120.245379681427153, 45.735966002528983 ], [ -120.27484745484611, 45.740189635243439 ], [ -120.290106243907985, 45.740409361203035 ] ], [ [ -120.290106243907985, 45.740409361203035 ], [ -120.300604290955221, 45.738407408275236 ], [ -120.339862103053576, 45.72180584596299 ], [ -120.362591596325103, 45.715238463084575 ], [ -120.374041790696083, 45.714164244484266 ] ], [ [ -120.470159955017891, 45.710135923833775 ], [ -120.620965618668322, 45.730863463278183 ] ], [ [ -120.620965618668322, 45.730863463278183 ], [ -120.63141483792441, 45.729056822414407 ], [ -120.657977337983709, 45.716581236334946 ], [ -120.664910931094539, 45.710770688716309 ], [ -120.66862186930382, 45.703373227992074 ], [ -120.715692181049292, 45.689921079793976 ], [ -120.78698124358948, 45.679593931814452 ], [ -120.794354291317461, 45.677372252027794 ], [ -120.838690227871666, 45.652567564141748 ], [ -120.84391483839903, 45.651371275164195 ], [ -120.857440228283906, 45.650712096386087 ], [ -120.900116010045792, 45.641800963343769 ] ], [ [ -121.154974408042449, 45.622220885085767 ], [ -121.172869915813919, 45.631791196906192 ], [ -121.186370891803165, 45.652714049313886 ], [ -121.194207806245231, 45.67031658853972 ], [ -121.204241985679062, 45.684940610920421 ], [ -121.22438358803214, 45.696952330285797 ], [ -121.271844524804976, 45.70876873578851 ], [ -121.570233197204288, 45.729447447441714 ] ], [ [ -121.570233197204288, 45.729447447441714 ], [ -121.71752323560878, 45.71001385345653 ] ], [ [ -121.71752323560878, 45.71001385345653 ], [ -121.792645305836174, 45.721390807040109 ] ], [ [ -121.792645305836174, 45.721390807040109 ], [ -121.820867963385751, 45.717460142871289 ], [ -121.862396283061969, 45.700785337972945 ], [ -121.930975385205841, 45.660087096142547 ], [ -121.971063275150016, 45.642338071744575 ], [ -122.149823040800641, 45.593924985849412 ], [ -122.224554486000727, 45.577933775423389 ], [ -122.241717572407993, 45.570023619294545 ], [ -122.261053509911505, 45.566312681984641 ] ], [ [ -120.374041790696083, 45.714164244484266 ], [ -120.425604290705451, 45.72087811073618 ] ], [ [ -120.425604290705451, 45.72087811073618 ], [ -120.434271282993279, 45.719486509694661 ], [ -120.45851444678425, 45.710966002578914 ], [ -120.470159955017891, 45.710135923833775 ] ], [ [ -121.001165813651369, 45.650028501913823 ], [ -121.006805463101614, 45.650394713045557 ], [ -121.017791790758508, 45.652616392832215 ], [ -121.03888554133465, 45.653324400300789 ] ], [ [ -121.03888554133465, 45.653324400300789 ], [ -121.043914837999353, 45.652933775273482 ], [ -121.132879680552776, 45.624149596326788 ], [ -121.154974408042449, 45.622220885085767 ] ], [ [ -120.900116010045792, 45.641800963343769 ], [ -120.942718549221638, 45.645633971030918 ], [ -120.95709843084785, 45.650248227873419 ], [ -120.968231243676939, 45.651346861268621 ] ], [ [ -120.968231243676939, 45.651346861268621 ], [ -121.001165813651369, 45.650028501913823 ] ], [ [ -122.261053509911505, 45.566312681984641 ], [ -122.341619915726483, 45.587089049220197 ], [ -122.42611698571028, 45.588187681716136 ], [ -122.456024212847126, 45.600272642768232 ], [ -122.507171673933556, 45.609965024965902 ], [ -122.539617963298326, 45.621879087849607 ], [ -122.554534955124041, 45.622245298981341 ] ], [ [ -122.554534955124041, 45.622245298981341 ], [ -122.594866985822705, 45.614432799334224 ] ] ] } },
{ "type": "Feature", "properties": { "FEATURECLA": "Admin-1 boundary", "NAME": "California - Oregon", "ADM0_A3": "USA", "ADM0_NAME": "United States of America", "SHAPE_LENG": 469.07479867199999, "MAPCOLOR13": 1.0, "MAPCOLOR9": 1.0, "SOV_A3": "US1", "NAME_L": "California", "NAME_R": "Oregon", "NAME_ALT_L": "CA|Calif.", "NAME_ALT_R": "OR|Ore.", "NAME_LOC_L": null, "NAME_LOC_R": null, "NAME_LEN_L": 10.0, "NAME_LEN_R": 6.0, "NOTE": "US_120", "TYPE": null, "MIN_ZOOM": 2.0, "MIN_LABEL": 7.5, "SCALERANK": 2, "FCLASS_ISO": null, "FCLASS_US": null, "FCLASS_FR": null, "FCLASS_RU": null, "FCLASS_ES": null, "FCLASS_CN": null, "FCLASS_TW": null, "FCLASS_IN": null, "FCLASS_NP": null, "FCLASS_PK": null, "FCLASS_DE": null, "FCLASS_GB": null, "FCLASS_BR": null, "FCLASS_IL": null, "FCLASS_PS": null, "FCLASS_SA": null, "FCLASS_EG": null, "FCLASS_MA": null, "FCLASS_PT": null, "FCLASS_AR": null, "FCLASS_JP": null, "FCLASS_KO": null, "FCLASS_VN": null, "FCLASS_TR": null, "FCLASS_ID": null, "FCLASS_PL": null, "FCLASS_GR": null, "FCLASS_IT": null, "FCLASS_NL": null, "FCLASS_SE": null, "FCLASS_BD": null, "FCLASS_UA": null, "ne_id": 1746745037, "BRK_A3": null, "FCLASS_OSM": null, "FCLASS_TLC": null }, "geometry": { "type": "LineString", "coordinates": [ [ -120.000750774928292, 41.999540221404061 ], [ -120.262347454871133, 41.999540221404061 ], [ -120.52389530612345, 41.999540221404061 ], [ -120.785443158275086, 41.999540221404061 ], [ -121.047015424322353, 41.999540221404061 ], [ -121.308612103365874, 41.999540221404061 ], [ -121.570135540722617, 41.999540221404061 ], [ -121.831707805870508, 41.999540221404061 ], [ -122.093280071917775, 41.999540221404061 ], [ -122.354852337964985, 41.999540221404061 ], [ -122.616424603112932, 41.999540221404061 ], [ -122.877948041368995, 41.999540221404061 ], [ -123.139520305617566, 41.999540221404061 ], [ -123.401092571664833, 41.999540221404061 ], [ -123.662664837712043, 41.999540221404061 ], [ -123.924188275068786, 41.999540221404061 ], [ -124.185760541116053, 41.999540221404061 ], [ -124.214521385353635, 41.999540221404061 ] ] } },
{ "type": "Feature", "properties": { "FEATURECLA": "Admin-1 statistical boundary", "NAME": "Washington - Idaho", "ADM0_A3": "USA", "ADM0_NAME": "United States of America", "SHAPE_LENG": 239.31279593799999, "MAPCOLOR13": 1.0, "MAPCOLOR9": 1.0, "SOV_A3": "US1", "NAME_L": "Washington", "NAME_R": "Idaho", "NAME_ALT_L": "WA|Wash.", "NAME_ALT_R": "ID|Idaho", "NAME_LOC_L": null, "NAME_LOC_R": null, "NAME_LEN_L": 10.0, "NAME_LEN_R": 5.0, "NOTE": "US_119", "TYPE": null, "MIN_ZOOM": 2.0, "MIN_LABEL": 7.5, "SCALERANK": 2, "FCLASS_ISO": null, "FCLASS_US": null, "FCLASS_FR": null, "FCLASS_RU": null, "FCLASS_ES": null, "FCLASS_CN": null, "FCLASS_TW": null, "FCLASS_IN": null, "FCLASS_NP": null, "FCLASS_PK": null, "FCLASS_DE": null, "FCLASS_GB": null, "FCLASS_BR": null, "FCLASS_IL": null, "FCLASS_PS": null, "FCLASS_SA": null, "FCLASS_EG": null, "FCLASS_MA": null, "FCLASS_PT": null, "FCLASS_AR": null, "FCLASS_JP": null, "FCLASS_KO": null, "FCLASS_VN": null, "FCLASS_TR": null, "FCLASS_ID": null, "FCLASS_PL": null, "FCLASS_GR": null, "FCLASS_IT": null, "FCLASS_NL": null, "FCLASS_SE": null, "FCLASS_BD": null, "FCLASS_UA": null, "ne_id": 1746745041, "BRK_A3": null, "FCLASS_OSM": null, "FCLASS_TLC": null }, "geometry": { "type": "LineString", "coordinates": [ [ -116.878826947305754, 46.001468931845693 ], [ -116.902288861042052, 46.046415221185498 ], [ -116.955096477820177, 46.094193541298864 ], [ -116.960638470788751, 46.104764830032877 ], [ -116.931195111265367, 46.128080260395677 ], [ -116.918304486263025, 46.141947447516657 ], [ -116.909100384675014, 46.162479673997723 ], [ -116.909149213365481, 46.183426939401727 ], [ -116.930755658446856, 46.210721860825174 ], [ -116.94208378333991, 46.259720884711044 ], [ -116.955975385255783, 46.280839049182759 ], [ -116.989422649735445, 46.320145689072262 ], [ -117.036834759616454, 46.36326092455198 ], [ -117.044036908276667, 46.378470884923388 ], [ -117.040106244107847, 46.396488463072103 ], [ -117.038577521635261, 46.424307012058932 ], [ -117.040034650878397, 46.4549067198692 ], [ -117.041491780121532, 46.603533877486427 ], [ -117.040034650878397, 46.769646582423832 ], [ -117.040034650878397, 46.940130674191209 ], [ -117.041491780121532, 47.091672089395388 ], [ -117.041491780121532, 47.255599100018401 ], [ -117.041491780121532, 47.42025467571267 ], [ -117.042948909364668, 47.571796090916848 ], [ -117.042948909364668, 47.737180230782997 ], [ -117.042948909364668, 47.893093032817205 ], [ -117.042948909364668, 48.054834350924523 ], [ -117.037207031279422, 48.212176825000427 ], [ -117.034930463170326, 48.358915221060556 ], [ -117.035736127120572, 48.517386900085341 ], [ -117.036541791070761, 48.67588299390502 ], [ -117.037386290240562, 48.846457812653064 ], [ -117.038151102691188, 48.992514547108613 ] ] } },
{ "type": "Feature", "properties": { "FEATURECLA": "Admin-1 statistical boundary", "NAME": "Oregon - Idaho", "ADM0_A3": "USA", "ADM0_NAME": "United States of America", "SHAPE_LENG": 434.62102338, "MAPCOLOR13": 1.0, "MAPCOLOR9": 1.0, "SOV_A3": "US1", "NAME_L": "Oregon", "NAME_R": "Idaho", "NAME_ALT_L": "OR|Ore.", "NAME_ALT_R": "ID|Idaho", "NAME_LOC_L": null, "NAME_LOC_R": null, "NAME_LEN_L": 6.0, "NAME_LEN_R": 5.0, "NOTE": "US_118", "TYPE": null, "MIN_ZOOM": 2.0, "MIN_LABEL": 7.5, "SCALERANK": 2, "FCLASS_ISO": null, "FCLASS_US": null, "FCLASS_FR": null, "FCLASS_RU": null, "FCLASS_ES": null, "FCLASS_CN": null, "FCLASS_TW": null, "FCLASS_IN": null, "FCLASS_NP": null, "FCLASS_PK": null, "FCLASS_DE": null, "FCLASS_GB": null, "FCLASS_BR": null, "FCLASS_IL": null, "FCLASS_PS": null, "FCLASS_SA": null, "FCLASS_EG": null, "FCLASS_MA": null, "FCLASS_PT": null, "FCLASS_AR": null, "FCLASS_JP": null, "FCLASS_KO": null, "FCLASS_VN": null, "FCLASS_TR": null, "FCLASS_ID": null, "FCLASS_PL": null, "FCLASS_GR": null, "FCLASS_IT": null, "FCLASS_NL": null, "FCLASS_SE": null, "FCLASS_BD": null, "FCLASS_UA": null, "ne_id": 1746745045, "BRK_A3": null, "FCLASS_OSM": null, "FCLASS_TLC": null }, "geometry": { "type": "MultiLineString", "coordinates": [ [ [ -117.140252728180826, 44.264432799334202 ], [ -117.178875775396705, 44.284720885060779 ], [ -117.195062298786013, 44.297709166544792 ], [ -117.201702924250526, 44.316263853094313 ], [ -117.200653118646471, 44.326542174181952 ], [ -117.195916791426782, 44.339676939039464 ], [ -117.194891399718301, 44.350052915709455 ], [ -117.197674602700715, 44.362797057338298 ], [ -117.210931438834791, 44.38320721344212 ], [ -117.215350385411909, 44.39475506429477 ], [ -117.212078900021197, 44.417801939108188 ], [ -117.201092572364303, 44.437601744225105 ], [ -117.193524212572299, 44.455570494582616 ], [ -117.203802532760676, 44.482499204874387 ], [ -117.197283977673408, 44.489701353534599 ], [ -117.18810429088029, 44.49556072804512 ], [ -117.183465619242895, 44.500907408050409 ], [ -117.179998821788161, 44.513578307093155 ], [ -117.171356244295225, 44.518827329717453 ], [ -117.16027226015666, 44.521146665985839 ], [ -117.149334760290913, 44.525101744050232 ], [ -117.135565227852965, 44.537113463415608 ], [ -117.122283977823315, 44.554081235960268 ], [ -117.112274213184378, 44.572831236372451 ], [ -117.103753705169311, 44.611844907716318 ], [ -117.092694134926376, 44.633036313874754 ], [ -117.06740116643067, 44.668485533080855 ], [ -117.039910931144505, 44.71919354134883 ], [ -117.029241985928877, 44.733646666460459 ], [ -117.010565228102791, 44.749979674122642 ], [ -116.950091595950369, 44.778348814146455 ], [ -116.931512493706578, 44.790238463134529 ], [ -116.917279096353184, 44.802591977937425 ], [ -116.863934369375613, 44.866092954726071 ], [ -116.840838665871729, 44.901249205386478 ], [ -116.83280643936564, 44.919877135421416 ], [ -116.821966595981621, 44.96655682213958 ], [ -116.82035526718181, 44.987528502338478 ], [ -116.822576946968525, 44.99048260348934 ], [ -116.827508588050875, 44.995487486258469 ], [ -116.832415814338333, 45.003422057182149 ], [ -116.834637494125047, 45.014823423761982 ], [ -116.831341595738024, 45.02500408836795 ], [ -116.823504681295958, 45.03579510306156 ], [ -116.71744999402199, 45.151371275264125 ], [ -116.696844524954827, 45.189847838207129 ], [ -116.67897343107893, 45.251346861168656 ], [ -116.665814252325845, 45.268412291094307 ], [ -116.656073041437708, 45.284720884860917 ], [ -116.653045696801428, 45.326273619332028 ], [ -116.649041790945887, 45.347513853281669 ], [ -116.636151165943545, 45.365677915703202 ], [ -116.601532024583264, 45.394584165926517 ], [ -116.58668827534359, 45.428080259995966 ], [ -116.539178509880287, 45.471024596407972 ], [ -116.535272259607098, 45.480887876774091 ], [ -116.530658001865277, 45.501957213454602 ], [ -116.511834759766316, 45.53562420479318 ], [ -116.506219525110964, 45.542411314530511 ], [ -116.476678510005229, 45.566507994048663 ], [ -116.462957806257748, 45.581913268282676 ], [ -116.454998822337757, 45.600760924277211 ], [ -116.455902141870297, 45.621927916540074 ], [ -116.463665813726323, 45.642435728226246 ], [ -116.498773235696262, 45.690970885398031 ], [ -116.517205852767859, 45.731888853188025 ], [ -116.530120891665774, 45.751566587927641 ], [ -116.54279179070852, 45.762430846106611 ], [ -116.557440227884172, 45.772098814408707 ], [ -116.599432416073114, 45.778031432404646 ], [ -116.657440227684333, 45.803544126859947 ], [ -116.678143353233168, 45.820560728095074 ], [ -116.687786907639634, 45.826713072050609 ], [ -116.759393352621089, 45.837967955256886 ], [ -116.769696087604359, 45.850882994154858 ], [ -116.77887577529674, 45.86650799434841 ], [ -116.838592572189441, 45.909867368784035 ], [ -116.867865032645113, 45.96609295522569 ], [ -116.876507611037368, 45.996976744481174 ], [ -116.878826947305754, 46.001468931845693 ] ], [ [ -117.044012494381093, 44.259647643423989 ], [ -117.064520306067266, 44.264432799334202 ], [ -117.072943157600605, 44.271952330435681 ], [ -117.078826946906077, 44.281742369115022 ], [ -117.086175579839107, 44.289896665998299 ], [ -117.099285930801045, 44.292338071744609 ] ], [ [ -117.099285930801045, 44.292338071744609 ], [ -117.112908978066855, 44.288456236266256 ], [ -117.122235150032111, 44.281327330192084 ], [ -117.130291791333093, 44.272709165695403 ], [ -117.140252728180826, 44.264432799334202 ] ], [ [ -116.931390424228653, 44.110062681747365 ], [ -116.920526166049683, 44.113578306993247 ], [ -116.912420696957554, 44.123636900322651 ], [ -116.90839237720644, 44.13501385300691 ], [ -116.907000775265544, 44.146830260308263 ], [ -116.906854290992726, 44.158280455578563 ], [ -116.903143352783502, 44.163651549479425 ], [ -116.896136517086575, 44.16953533788552 ], [ -116.891986126958159, 44.176688657855266 ], [ -116.89694218103682, 44.18591717423817 ], [ -116.91691288522145, 44.200199400282088 ], [ -116.934173627211123, 44.20981854079298 ], [ -116.955926555665997, 44.218436705289719 ], [ -116.96139530604853, 44.223832213086155 ], [ -116.968963665840477, 44.237089049220231 ], [ -116.970965618768275, 44.248148619463166 ], [ -116.970452924263043, 44.25947674435622 ], [ -116.973480267100626, 44.268314634812498 ], [ -116.986004680971234, 44.271879087849584 ] ], [ [ -116.986004680971234, 44.271879087849584 ], [ -117.008538861279419, 44.268729673735436 ], [ -117.026629681114855, 44.262870299224915 ], [ -117.044012494381093, 44.259647643423989 ] ], [ [ -116.945135540972387, 44.110257993811331 ], [ -116.931390424228653, 44.110062681747365 ] ], [ [ -117.016619915576598, 41.999540221404061 ], [ -117.016864056331087, 42.102640807527223 ], [ -117.017034955398856, 42.205814635337106 ], [ -117.017254681358452, 42.309012877042619 ], [ -117.017474408217367, 42.412162290956928 ], [ -117.017645306385759, 42.515311704871237 ], [ -117.017865033244675, 42.61850994747607 ], [ -117.018084760103591, 42.72165936139038 ], [ -117.018280072167556, 42.824808775304689 ], [ -117.018475385130898, 42.927982603114629 ], [ -117.018719524986068, 43.031107603133364 ], [ -117.018890424053779, 43.134281431842567 ], [ -117.019110150013375, 43.237455260551826 ], [ -117.019329876872291, 43.340604674466135 ], [ -117.019525188936313, 43.443802916171649 ], [ -117.019720501899599, 43.546952330085958 ], [ -117.019964641754768, 43.650101744000267 ], [ -117.020037885240185, 43.695121275026793 ], [ -117.020184368613684, 43.785087096292443 ], [ -117.023602338277271, 43.798148619463177 ], [ -117.023577924381698, 43.798295102836676 ], [ -117.023577924381698, 43.80569256446023 ], [ -117.031414837924387, 43.8286906114825 ], [ -117.015765423835205, 43.844828307080661 ], [ -116.993719525035999, 43.857694518187429 ], [ -116.982586713106286, 43.870902524731719 ], [ -116.971063275249946, 43.893363463353126 ], [ -116.967303510148838, 43.917264829907936 ], [ -116.954657025001666, 43.949711119272706 ], [ -116.947845502268081, 43.990702330548118 ], [ -116.943377727899815, 44.001713072100586 ], [ -116.938958783121336, 44.009305845788106 ], [ -116.935540814357068, 44.017045102849181 ], [ -116.934173627211123, 44.028544126810004 ], [ -116.941351361076443, 44.049564634800049 ], [ -116.968695111190414, 44.083500181688009 ], [ -116.968963665840477, 44.099955259727437 ], [ -116.958660930857263, 44.10867107980647 ], [ -116.945135540972387, 44.110257993811331 ] ] ] } },
{ "type": "Feature", "properties": { "FEATURECLA": "Admin-1 boundary", "NAME": "Idaho - Montana", "ADM0_A3": "USA", "ADM0_NAME": "United States of America", "SHAPE_LENG": 1003.4377656, "MAPCOLOR13": 1.0, "MAPCOLOR9": 1.0, "SOV_A3": "US1", "NAME_L": "Idaho", "NAME_R": "Montana", "NAME_ALT_L": "ID|Idaho", "NAME_ALT_R": "MT|Mont.", "NAME_LOC_L": null, "NAME_LOC_R": null, "NAME_LEN_L": 5.0, "NAME_LEN_R": 7.0, "NOTE": "US_117", "TYPE": null, "MIN_ZOOM": 2.0, "MIN_LABEL": 7.5, "SCALERANK": 2, "FCLASS_ISO": null, "FCLASS_US": null, "FCLASS_FR": null, "FCLASS_RU": null, "FCLASS_ES": null, "FCLASS_CN": null, "FCLASS_TW": null, "FCLASS_IN": null, "FCLASS_NP": null, "FCLASS_PK": null, "FCLASS_DE": null, "FCLASS_GB": null, "FCLASS_BR": null, "FCLASS_IL": null, "FCLASS_PS": null, "FCLASS_SA": null, "FCLASS_EG": null, "FCLASS_MA": null, "FCLASS_PT": null, "FCLASS_AR": null, "FCLASS_JP": null, "FCLASS_KO": null, "FCLASS_VN": null, "FCLASS_TR": null, "FCLASS_ID": null, "FCLASS_PL": null, "FCLASS_GR": null, "FCLASS_IT": null, "FCLASS_NL": null, "FCLASS_SE": null, "FCLASS_BD": null, "FCLASS_UA": null, "ne_id": 1746745049, "BRK_A3": null, "FCLASS_OSM": null, "FCLASS_TLC": null }, "geometry": { "type": "MultiLineString", "coordinates": [ [ [ -114.7513611274141, 46.714286313762329 ], [ -114.761224407780162, 46.715995299043811 ], [ -114.766571087785451, 46.719706236353716 ], [ -114.769378704663438, 46.724540220954395 ], [ -114.769525188936313, 46.729984557441355 ], [ -114.762347455070994, 46.754105649955761 ], [ -114.761859173561959, 46.76062420504303 ], [ -114.762713666202728, 46.767435727776615 ], [ -114.766424602613313, 46.774418150477231 ], [ -114.771624799245046, 46.778739438774039 ], [ -114.778704876628751, 46.78184002509704 ], [ -114.807269329615849, 46.787528502338489 ], [ -114.823602338177352, 46.792801938858361 ], [ -114.834222454702513, 46.799320493945629 ], [ -114.848553510336217, 46.810746275320298 ], [ -114.859368938925343, 46.817655455434874 ], [ -114.889862103153519, 46.831620299037525 ], [ -114.899041790845956, 46.83694256424792 ], [ -114.90541386076103, 46.841849791434697 ], [ -114.913763470607648, 46.85600994710137 ], [ -114.918304485763372, 46.866166196912445 ], [ -114.921283001709128, 46.877006041195841 ], [ -114.923284954636927, 46.894437682253226 ], [ -114.922625774959499, 46.900687681791055 ], [ -114.920867962786247, 46.906644712783248 ], [ -114.918524212622287, 46.912333189125377 ], [ -114.917083782890245, 46.917655455235035 ], [ -114.917865032944917, 46.922831236172613 ], [ -114.923968549109247, 46.92715252536874 ], [ -114.948919721268112, 46.937797056688794 ], [ -114.957440228383803, 46.942557798703433 ], [ -114.963885540884974, 46.947025572172379 ], [ -114.991888470676372, 46.973368346272139 ], [ -114.998699994309277, 46.978007017909533 ], [ -115.005145305911128, 46.980912291269192 ], [ -115.024945111028046, 46.984549985993056 ], [ -115.039373822244102, 46.988700377020734 ], [ -115.046991009827195, 46.992826353253577 ], [ -115.051702924050687, 46.996659360940725 ], [ -115.053338665846752, 46.999247251859174 ], [ -115.054168743692514, 47.001029477928057 ], [ -115.058758588438081, 47.01919354124891 ], [ -115.061053509911517, 47.024320494395283 ], [ -115.150408978391624, 47.092826353053738 ], [ -115.164715619230435, 47.116141783416538 ], [ -115.192108197135553, 47.142801939058188 ], [ -115.203387494237461, 47.150199399782423 ], [ -115.231024212897069, 47.16357830719312 ], [ -115.239617962598857, 47.170096861381012 ], [ -115.248919720668539, 47.179081236110108 ], [ -115.256073040638285, 47.184208189256481 ], [ -115.26415409583484, 47.188260923802545 ], [ -115.274066204891426, 47.191898619425729 ], [ -115.279949994196841, 47.1959269391769 ], [ -115.283563275025074, 47.200736509882006 ], [ -115.287078900271013, 47.211283384720389 ], [ -115.289984173630671, 47.21623943879905 ], [ -115.294110149863513, 47.22109783819468 ], [ -115.300482220677907, 47.226737485846286 ], [ -115.304632610806323, 47.231791197305881 ], [ -115.314227338320961, 47.246146665935839 ], [ -115.325286907664633, 47.258207213092362 ], [ -115.333270306379518, 47.264359557047896 ], [ -115.341668744017284, 47.268534361071886 ], [ -115.431805462552006, 47.293436705439603 ], [ -115.482171673583821, 47.29975994756353 ], [ -115.496820110759472, 47.304081235860338 ], [ -115.504730266888259, 47.308158385201295 ], [ -115.510125774684752, 47.312723814252593 ], [ -115.520184368913476, 47.325907407800628 ], [ -115.528631635241766, 47.339921080093745 ], [ -115.545013470695096, 47.356473813715525 ], [ -115.577117962823706, 47.38242596278792 ], [ -115.586199994034473, 47.388431822470579 ], [ -115.661297650366237, 47.422782408281478 ], [ -115.70062870505069, 47.430790220891936 ], [ -115.71725468125851, 47.436527525025213 ], [ -115.723992963204637, 47.441727720757683 ], [ -115.72670292360101, 47.447147643349012 ], [ -115.724847454946087, 47.45173748629594 ], [ -115.72211307975482, 47.455350768023493 ], [ -115.719403119358446, 47.457303893160145 ], [ -115.714471478276096, 47.459794126697545 ], [ -115.70787968060273, 47.461283385120112 ], [ -115.66525272843063, 47.464066588102526 ], [ -115.65797733808364, 47.465531431730142 ], [ -115.651507610787576, 47.467411314280696 ], [ -115.645623822381481, 47.470048032990292 ], [ -115.641253705394149, 47.474198424018027 ], [ -115.63917850988031, 47.479276549373253 ], [ -115.64310917404913, 47.485843932251669 ], [ -115.652240033051044, 47.490336118716868 ], [ -115.667669721180687, 47.495414244072094 ], [ -115.67797245526458, 47.499955260127138 ], [ -115.67855839235591, 47.500834165764104 ], [ -115.684442180762005, 47.521537291312939 ], [ -115.692034955348902, 47.532425963387482 ], [ -115.701068157869145, 47.538651549029737 ], [ -115.726849407873829, 47.550492369327344 ], [ -115.732757611074874, 47.555619322473717 ], [ -115.733123822206608, 47.560721860825197 ], [ -115.72880253301048, 47.564237486071079 ], [ -115.723284954836743, 47.56733807239408 ], [ -115.699237103109795, 47.577689635168497 ], [ -115.69393925179503, 47.580839049282702 ], [ -115.689154095884817, 47.584476744006508 ], [ -115.685003704857081, 47.588773619307062 ], [ -115.67887577479712, 47.59885662743136 ], [ -115.676532024633218, 47.604496275083022 ], [ -115.6788025331104, 47.612967955306885 ], [ -115.685589641948411, 47.623758970899758 ], [ -115.712982220752849, 47.652909360978185 ], [ -115.717791790558636, 47.661112486551986 ], [ -115.71515507184904, 47.685917174438032 ], [ -115.716156048762628, 47.692948424030533 ], [ -115.718914837849468, 47.699784361559011 ], [ -115.725311321660115, 47.708109557510056 ], [ -115.73239139994314, 47.712748228248131 ], [ -115.761370891853176, 47.726078306968247 ], [ -115.766619916276113, 47.731595885141985 ], [ -115.769769330390261, 47.738431821771144 ], [ -115.772210736136515, 47.745316587990146 ], [ -115.778289838405271, 47.754398619200913 ], [ -115.787518352989593, 47.759574400138433 ], [ -115.814129680840097, 47.770633971280745 ], [ -115.821209760022384, 47.776200377245573 ], [ -115.825628704800863, 47.781742369314884 ], [ -115.844622845967535, 47.829740416287166 ], [ -115.848602337927503, 47.835746275070505 ], [ -115.855047650428673, 47.843851744162635 ], [ -115.862957805658198, 47.84890545472291 ], [ -115.886688274943936, 47.858744322092775 ], [ -115.895990033013561, 47.865140806802742 ], [ -115.907147259738224, 47.874857602896043 ], [ -115.917791791058278, 47.882450377482883 ], [ -115.930365032720033, 47.889335142802565 ], [ -115.937005658184546, 47.894486509844512 ], [ -115.941400189067451, 47.899515807408534 ], [ -115.948919721068251, 47.9100382683514 ], [ -115.973724408054977, 47.932987485783826 ], [ -115.985491985766487, 47.948295103536168 ], [ -116.014813274912683, 47.973270688691287 ], [ -116.036859173711889, 47.98787029897511 ], [ -116.045501752104144, 47.997440610795536 ], [ -116.048944134763985, 48.003690611232685 ], [ -116.048944134763985, 48.053080260145862 ], [ -116.048846478282314, 48.170560727895236 ], [ -116.04872440790507, 48.288041197443306 ], [ -116.048651166218349, 48.405472838300796 ], [ -116.048553509736678, 48.523002134740693 ], [ -116.048407024564483, 48.640482603389387 ], [ -116.048333782877762, 48.757963072038137 ], [ -116.048236127295411, 48.875443540686831 ], [ -116.048163124828307, 48.992514547108613 ] ], [ [ -114.567034954899214, 46.644340025371832 ], [ -114.579559368769822, 46.646610532949694 ], [ -114.593866009608632, 46.651053893422443 ], [ -114.617938275231211, 46.661747252533644 ], [ -114.628704876928509, 46.668265806721593 ], [ -114.636004681171073, 46.674247252508678 ], [ -114.638324017439402, 46.679227721382233 ], [ -114.639740033275871, 46.684427916215327 ], [ -114.638812298948437, 46.690116393456776 ], [ -114.636004681171073, 46.694877135471415 ], [ -114.622308392218486, 46.707132993792584 ], [ -114.620672650422478, 46.712894712720811 ], [ -114.622747845936317, 46.720096861381023 ], [ -114.631121868779189, 46.730057799128076 ], [ -114.637835735930423, 46.735648618988535 ], [ -114.663153119221022, 46.748490416199729 ], [ -114.670135541022375, 46.750541196918675 ], [ -114.678143352733514, 46.751615416418304 ] ], [ [ -114.678143352733514, 46.751615416418304 ], [ -114.685784955111558, 46.751200377495422 ], [ -114.692840618599632, 46.749808775554527 ], [ -114.698748821800677, 46.747416196700101 ], [ -114.714910931294412, 46.737650571916333 ], [ -114.737176556053214, 46.718119322348798 ], [ -114.743621868554385, 46.715384947157588 ], [ -114.7513611274141, 46.714286313762329 ] ], [ [ -114.527117963123487, 45.567704283026217 ], [ -114.540960736348893, 45.569095884967112 ], [ -114.545452923713412, 45.572757994485812 ], [ -114.544915814413287, 45.576542174381814 ], [ -114.533172649697974, 45.58921307252524 ], [ -114.530438275406084, 45.594486509944431 ], [ -114.529119916051286, 45.599955260326965 ], [ -114.530706830056147, 45.606058774692656 ], [ -114.534368938675527, 45.612162290856986 ], [ -114.54042362704871, 45.62041424422199 ], [ -114.542205853117594, 45.626713072450286 ], [ -114.540496868735488, 45.631888853387863 ], [ -114.536468548984317, 45.63577068886616 ], [ -114.51559452526709, 45.648319518430981 ], [ -114.5028015558471, 45.658451353447163 ], [ -114.500116010245677, 45.6612833851201 ], [ -114.497821087872865, 45.664554868712173 ], [ -114.495648235877354, 45.669095884767216 ], [ -114.494305462626983, 45.674320494395261 ], [ -114.494085735768067, 45.680253111491879 ], [ -114.497625774909579, 45.690531432579519 ], [ -114.498040813832461, 45.695560728344901 ], [ -114.493670696845186, 45.705057799377926 ], [ -114.495379681227291, 45.711625182256341 ], [ -114.501873822418929, 45.718924986498905 ], [ -114.527410930769804, 45.737162291506536 ], [ -114.533465619142987, 45.743046079912631 ], [ -114.535760540616423, 45.747904478408941 ], [ -114.540936321553943, 45.761600768260848 ], [ -114.549334760091085, 45.771268736562945 ], [ -114.551263471332106, 45.778129087986997 ], [ -114.549920697182415, 45.78350018188786 ], [ -114.545379681127372, 45.787137877510986 ], [ -114.534930462770603, 45.793754088180606 ], [ -114.530194134651595, 45.797757994036147 ], [ -114.526776165887327, 45.80264080732735 ], [ -114.523895306423242, 45.807914243847279 ], [ -114.517157025376378, 45.817093932438979 ], [ -114.505853314378953, 45.829911313955961 ], [ -114.50048222137741, 45.838651548829887 ], [ -114.498480266650972, 45.841239438849016 ], [ -114.495086712681598, 45.844681822408177 ], [ -114.484808391593958, 45.850492369127494 ], [ -114.478363079992107, 45.852518735950866 ], [ -114.471112102641371, 45.853641783241699 ], [ -114.436908002002667, 45.854764830532474 ], [ -114.429461712587965, 45.855961119510027 ], [ -114.422650188955004, 45.858133971505538 ], [ -114.417059369094602, 45.860941588383582 ], [ -114.393084759953695, 45.878129087787158 ], [ -114.388909955030385, 45.882425963087712 ], [ -114.38751835308949, 45.888309752393127 ], [ -114.389105267094351, 45.895902525181384 ], [ -114.410150188980026, 45.919877135221611 ], [ -114.413079877134578, 45.924686705027398 ], [ -114.41535038471244, 45.929496274833184 ], [ -114.416229291248783, 45.935087096492282 ], [ -114.41535038471244, 45.94092205710723 ], [ -114.413787884603153, 45.94702557237224 ], [ -114.411151165893557, 45.952421080168676 ], [ -114.401263470732545, 45.966605649730923 ], [ -114.399285930801057, 45.972489439036337 ], [ -114.399993939168951, 45.978690610783019 ], [ -114.404022259819385, 45.98516033807914 ], [ -114.411151165893557, 45.98813885312552 ], [ -114.437518352989571, 45.993412291444088 ], [ -114.461444135238651, 46.000687681791078 ], [ -114.470501751654467, 46.006864438742809 ], [ -114.473553510186321, 46.013285338247726 ], [ -114.471527141564309, 46.018705259939793 ], [ -114.470330852586756, 46.02478436130923 ], [ -114.47169804063202, 46.031913268282665 ], [ -114.479608196760864, 46.041800963443677 ], [ -114.482489056224949, 46.049125182481134 ], [ -114.482928509942781, 46.055790220941901 ], [ -114.480828899633991, 46.061429869492883 ], [ -114.477899213278022, 46.066361510575234 ], [ -114.45773319702937, 46.087772642693267 ], [ -114.454217571783488, 46.09258221339843 ], [ -114.451678509555563, 46.097904477709449 ], [ -114.450726361332499, 46.103592954950898 ], [ -114.451287885427519, 46.109061705333431 ], [ -114.453680463382682, 46.114286314062099 ], [ -114.457879681302245, 46.118729674534848 ], [ -114.497552533222802, 46.148832212836339 ], [ -114.50221561875577, 46.154813657724105 ], [ -114.503167766978834, 46.160087096042616 ], [ -114.502606243783077, 46.165336119566234 ], [ -114.500408977891993, 46.169510924489543 ], [ -114.498211712900229, 46.171854673754183 ], [ -114.4937683533268, 46.174491393363098 ], [ -114.487738079748567, 46.176468932395267 ], [ -114.454364056056306, 46.179032408518822 ], [ -114.447186322190987, 46.180594907728789 ], [ -114.441082806026657, 46.183036314374363 ], [ -114.436492963079729, 46.186747252583643 ], [ -114.433197063793443, 46.191385924220981 ], [ -114.43200077481589, 46.197049985768217 ], [ -114.432269330365273, 46.202860533386854 ], [ -114.434832805589508, 46.21396893232037 ], [ -114.436908002002667, 46.230985533555497 ], [ -114.438079877084647, 46.236307798765893 ], [ -114.439837689257899, 46.241630063976231 ], [ -114.445648235977274, 46.252567563841978 ], [ -114.450433391887486, 46.259086118929247 ], [ -114.453363080042095, 46.264506041520576 ], [ -114.454364056056306, 46.269950377108216 ], [ -114.452508588300702, 46.274906432086141 ], [ -114.449261516805507, 46.279203307386695 ], [ -114.440936321753838, 46.287504088542846 ], [ -114.437591595575668, 46.292582212998695 ], [ -114.435662885233967, 46.29814861896358 ], [ -114.434686322215953, 46.309842954988369 ], [ -114.433026165624995, 46.315433774848827 ], [ -114.429949994096944, 46.320756040958486 ], [ -114.409417766716558, 46.341923033221406 ], [ -114.406121869228855, 46.346757017822085 ], [ -114.404632610806345, 46.352250182100192 ], [ -114.404046673715015, 46.358353697365203 ], [ -114.405804485888268, 46.370243346353334 ], [ -114.405487103447058, 46.38291424449676 ], [ -114.402948041219076, 46.395048033340061 ], [ -114.398699993709727, 46.406522643405253 ], [ -114.37538456424619, 46.441361509825811 ], [ -114.373040814082287, 46.447562682471812 ], [ -114.371307415804552, 46.45371502552797 ], [ -114.370574994440403, 46.460038268551216 ], [ -114.371209760222257, 46.465775571785173 ], [ -114.372674602950553, 46.471195494376559 ], [ -114.376483196742129, 46.476395689209653 ], [ -114.381585735992871, 46.481864438692867 ], [ -114.395867962936109, 46.493900571953816 ], [ -114.399139447427558, 46.4979533073992 ], [ -114.400067180855672, 46.499540221404061 ], [ -114.400213666027867, 46.500638853000623 ], [ -114.398211713100068, 46.505179869055667 ], [ -114.393792767422269, 46.507938658142507 ], [ -114.387908978116798, 46.510184751824795 ], [ -114.360638470588924, 46.51760662734398 ], [ -114.354437298842242, 46.520243346053576 ], [ -114.348895305873668, 46.523197447204382 ], [ -114.34396366569058, 46.526664243759797 ], [ -114.34054569692637, 46.530814634787532 ], [ -114.338690228271389, 46.535770688866194 ], [ -114.339862103353369, 46.540604674366193 ], [ -114.342425580376187, 46.545218932108014 ], [ -114.34537968062773, 46.549711119472533 ], [ -114.347039838118008, 46.554691588346088 ], [ -114.346453900127358, 46.560062682246951 ], [ -114.344134563859029, 46.56506756411676 ], [ -114.336981243889284, 46.574003111054708 ], [ -114.334124799220092, 46.579056822514303 ], [ -114.333148236202135, 46.584598814583615 ], [ -114.334295697388484, 46.590018736275624 ], [ -114.335980266975696, 46.595194518112521 ], [ -114.336663861448017, 46.600614438905211 ], [ -114.335369915988792, 46.606156431873785 ], [ -114.332830852861548, 46.611478697084181 ], [ -114.32665409590976, 46.621708189481353 ], [ -114.323333782727843, 46.633890807015121 ], [ -114.322943157700536, 46.651981626850556 ], [ -114.323797650341248, 46.658500181937825 ], [ -114.325335735655642, 46.664945494438996 ], [ -114.329461712787804, 46.671561705108559 ], [ -114.335516400261611, 46.675394712795708 ], [ -114.343133587844761, 46.677714049064093 ], [ -114.351727338445869, 46.67834881394657 ] ], [ [ -114.351727338445869, 46.67834881394657 ], [ -114.359808391843785, 46.677982602814836 ], [ -114.427679485619763, 46.665824400075962 ], [ -114.4341736268114, 46.663773619357016 ], [ -114.450433391887486, 46.655179868755909 ], [ -114.463006635347938, 46.650590024909718 ], [ -114.470184369213257, 46.649100768285791 ], [ -114.477581829937492, 46.648368346022323 ] ], [ [ -114.477581829937492, 46.648368346022323 ], [ -114.485418744379501, 46.649198423868143 ], [ -114.502020305792428, 46.653422057481919 ], [ -114.508538860879696, 46.654227721432164 ] ], [ [ -114.508538860879696, 46.654227721432164 ], [ -114.515448040994272, 46.653641783441515 ], [ -114.5382507750532, 46.647220884835917 ], [ -114.550262494418575, 46.645218931908175 ], [ -114.567034954899214, 46.644340025371832 ] ], [ [ -113.546795697163645, 45.123758971399411 ], [ -113.555242962592615, 45.125980650286749 ], [ -113.560589641698584, 45.129813657973898 ], [ -113.56198124363948, 45.135062682396835 ], [ -113.562347454771214, 45.147196471240136 ], [ -113.564520305867404, 45.1520792827327 ], [ -113.567791791258117, 45.156229673760436 ], [ -113.575921674245819, 45.164261900266467 ], [ -113.578729291123864, 45.168924985799435 ], [ -113.580389446815502, 45.174149596326799 ], [ -113.581317181142992, 45.179716002291627 ], [ -113.584491010052034, 45.18994549378948 ], [ -113.587200971347727, 45.194706235804119 ], [ -113.593597455158431, 45.203373228092005 ], [ -113.607928509892815, 45.214872252052771 ], [ -113.624041790696083, 45.223905455472391 ], [ -113.644207806045415, 45.240555846475104 ], [ -113.66161503320717, 45.250834165764104 ], [ -113.666253704844564, 45.255814635536979 ], [ -113.667816204953851, 45.261014830370129 ], [ -113.66857304111295, 45.272123228404269 ], [ -113.670379681077407, 45.277591977887425 ], [ -113.67526249436861, 45.282889830101567 ], [ -113.682684368988419, 45.288163268420078 ], [ -113.704852338164869, 45.300223813777961 ], [ -113.711395306248335, 45.304789243728578 ], [ -113.714837688908176, 45.309012877342411 ], [ -113.717474407617772, 45.31377361935705 ], [ -113.719012493831485, 45.325150572041252 ], [ -113.718621868804178, 45.331107603033445 ], [ -113.71613163526672, 45.343265807570958 ], [ -113.714227337921272, 45.368070494557628 ], [ -113.714544721261859, 45.380179869505355 ], [ -113.718255657672444, 45.386747252383771 ], [ -113.725921673946061, 45.393558775117356 ], [ -113.754022260219131, 45.410257993911273 ], [ -113.758343549415258, 45.417167174025849 ], [ -113.760125774584822, 45.428373228541659 ], [ -113.762518353439248, 45.433133971455618 ], [ -113.764398235989802, 45.43816326812032 ], [ -113.764227337821353, 45.444071471321308 ], [ -113.762738080298163, 45.449857603245789 ], [ -113.760418744029778, 45.455375182318789 ], [ -113.754315227865447, 45.465751158089461 ], [ -113.752386516624426, 45.471293150158715 ], [ -113.751678510055172, 45.477006041295738 ], [ -113.754315227865447, 45.493290221166774 ], [ -113.75458378341483, 45.499466978118505 ], [ -113.754315227865447, 45.500736510581476 ], [ -113.757196088228852, 45.507572447210634 ], [ -113.767572063999523, 45.514628110698709 ], [ -113.798699994009496, 45.524540221553934 ], [ -113.806707805720634, 45.529520689528169 ], [ -113.810638470788774, 45.53530682235197 ], [ -113.81027225965704, 45.541459166307448 ], [ -113.807684368738592, 45.554325377414216 ], [ -113.803045697101197, 45.565799986580089 ], [ -113.799945110778197, 45.570804869349217 ], [ -113.792157025026654, 45.579349791259858 ], [ -113.789251751666995, 45.583964049001622 ], [ -113.78844608771675, 45.589261900316444 ], [ -113.790399212853345, 45.594877134971796 ], [ -113.794574016877334, 45.600590025209499 ], [ -113.803241010064539, 45.607792173869711 ], [ -113.810809368957166, 45.611820494520202 ], [ -113.818939251944869, 45.614725767879861 ], [ -113.870770305705037, 45.62759197808731 ], [ -113.88258671300639, 45.632352721001268 ], [ -113.889495892221646, 45.637674986211607 ], [ -113.890716595994093, 45.648734557353919 ], [ -113.892645306335794, 45.653812681809768 ], [ -113.895648236177124, 45.658256041383197 ], [ -113.921356243595767, 45.674393736082038 ], [ -113.957269330415215, 45.692606627194039 ], [ -113.975946088241358, 45.699442563823254 ], [ -113.989544720712274, 45.702689635318393 ] ], [ [ -113.989544720712274, 45.702689635318393 ], [ -113.995574994290507, 45.701322447273071 ], [ -113.999212689014371, 45.699100768385733 ], [ -114.001434368801029, 45.696171080231125 ], [ -114.002899213328021, 45.691312681734871 ], [ -114.003216595769231, 45.685648619288315 ], [ -114.002899213328021, 45.680204282801412 ], [ -114.0015320252827, 45.675443540786773 ], [ -113.998284954686881, 45.668583189362664 ], [ -113.996991010126976, 45.663871275139229 ], [ -113.996673626786446, 45.659012877542239 ], [ -113.998333783377348, 45.65483807171961 ], [ -114.000799603019232, 45.652738463209459 ], [ -114.004925580151394, 45.651175963100172 ], [ -114.031610149688618, 45.644657408012961 ], [ -114.03790897791697, 45.642338071744575 ], [ -114.043524212572322, 45.639530454866588 ], [ -114.04843143885978, 45.636088072206746 ], [ -114.052435345614697, 45.631693541323841 ], [ -114.059002727593793, 45.621488462822299 ], [ -114.061639447202708, 45.615873228166947 ], [ -114.064886516899207, 45.610868346297138 ], [ -114.068695110690783, 45.60642498582439 ], [ -114.073577923981986, 45.603153502232317 ], [ -114.091278118790115, 45.595341001685881 ], [ -114.096160931181998, 45.591752134753165 ], [ -114.099847454596329, 45.587235533493072 ], [ -114.102581829787596, 45.58227947851509 ], [ -114.10480350957431, 45.577323424436486 ], [ -114.108856244120318, 45.573295102886675 ], [ -114.114324993603532, 45.570511899904261 ], [ -114.153875775146901, 45.558719908297121 ], [ -114.17684940827354, 45.547806822326947 ], [ -114.183123821706999, 45.54565838512633 ], [ -114.190692180599626, 45.545023619344533 ] ], [ [ -114.308660930757299, 45.482084165751644 ], [ -114.329583783165049, 45.48330486952409 ], [ -114.340741009889655, 45.485697447479197 ], [ -114.348016400236645, 45.489530455166346 ], [ -114.351947064405465, 45.493290221166774 ], [ -114.357440227784252, 45.5001749864864 ], [ -114.391131634817043, 45.513627135583818 ], [ -114.401507610587714, 45.518876158208116 ], [ -114.408050579570556, 45.524613463240712 ], [ -114.409515424097492, 45.529935728451107 ], [ -114.412396282662314, 45.535673033483704 ], [ -114.417547649704261, 45.540897643111691 ], [ -114.450579877059681, 45.558890807364833 ], [ -114.460345501843392, 45.561283385319939 ], [ -114.507440228383814, 45.567753110817364 ] ], [ [ -114.507440228383814, 45.567753110817364 ], [ -114.527117963123487, 45.567704283026217 ] ], [ [ -114.190692180599626, 45.545023619344533 ], [ -114.207635541047352, 45.5459025249815 ] ], [ [ -114.207635541047352, 45.5459025249815 ], [ -114.215448040694525, 45.545170102718032 ], [ -114.221966595781737, 45.543168149790233 ], [ -114.227606244332662, 45.540238463434321 ], [ -114.232244915970057, 45.536503111329523 ], [ -114.23644413478894, 45.532255063820116 ], [ -114.239740033175963, 45.527665220873246 ], [ -114.250164837637101, 45.506351744337508 ], [ -114.25460819721053, 45.500931821746178 ], [ -114.255609174124061, 45.500223814277604 ], [ -114.259881634629721, 45.497733579840826 ], [ -114.28368534560218, 45.488846860694025 ], [ -114.289276166361958, 45.486112486402078 ], [ -114.29757694661879, 45.483695494551398 ], [ -114.308660930757299, 45.482084165751644 ] ], [ [ -113.324115032982377, 44.792142760479976 ], [ -113.333563275324877, 44.794144713407775 ], [ -113.339227337771376, 44.798050962781701 ], [ -113.342010540753847, 44.814969908434477 ], [ -113.34411015016326, 44.819950377308032 ], [ -113.352459760009879, 44.825541197168491 ], [ -113.365985149894755, 44.831571470746781 ], [ -113.412786907889483, 44.847489439486026 ], [ -113.424676555978238, 44.854154477946793 ], [ -113.433856243670675, 44.862797057238367 ], [ -113.440106244107881, 44.871610532899751 ], [ -113.453460735824251, 44.900614438705361 ], [ -113.459686322365883, 44.909427916165384 ], [ -113.467108196985691, 44.917460143570736 ], [ -113.475946088341288, 44.924662291331629 ], [ -113.479559369169522, 44.928934751837289 ], [ -113.481414837824502, 44.93354901047843 ], [ -113.480120892365278, 44.938358580284216 ], [ -113.476336713368596, 44.942118346284644 ], [ -113.471087688945659, 44.944901549267058 ], [ -113.452044720887159, 44.9514445182499 ], [ -113.447137493700325, 44.954618346259622 ], [ -113.442816205403517, 44.958866392869709 ], [ -113.439666791289369, 44.963920103429984 ], [ -113.436932416098102, 44.969462096398615 ], [ -113.430609173974176, 44.993729674085159 ], [ -113.429925580401175, 44.999735532868499 ], [ -113.430072063774674, 45.000956235741683 ], [ -113.434466595556898, 45.016947447067025 ], [ -113.436492963279591, 45.021952329836154 ], [ -113.451971478301061, 45.050272642968082 ], [ -113.458392376906659, 45.059208189006711 ], [ -113.489886517149046, 45.091971860812691 ], [ -113.492840619199171, 45.096366393494236 ], [ -113.498992963154706, 45.114042174406791 ], [ -113.505584759928695, 45.121683774986195 ], [ -113.513104291030174, 45.124271665904644 ] ], [ [ -113.513104291030174, 45.124271665904644 ], [ -113.546795697163645, 45.123758971399411 ] ], [ [ -112.829437299191966, 44.376615415768811 ], [ -112.838177533166572, 44.376981626900545 ], [ -112.844549603081703, 44.379667174300607 ], [ -112.867742963067258, 44.403739439023866 ], [ -112.87245487729075, 44.407157407788134 ], [ -112.878460736074089, 44.4098917829794 ], [ -112.922967571696063, 44.42017010316772 ], [ -112.930316204629094, 44.423392759867966 ], [ -112.935321088297542, 44.426591001773261 ], [ -112.950994916282355, 44.442801939058199 ], [ -112.957196088029036, 44.447123228254384 ], [ -112.965838666421291, 44.451395688759987 ], [ -112.982562299110782, 44.455936704815031 ], [ -112.991278119189815, 44.459965025465522 ], [ -112.995526165799902, 44.465238462884713 ], [ -112.996380658440614, 44.47676189984179 ], [ -112.99777226038151, 44.481156432523335 ], [ -113.007074016652496, 44.494462096448558 ], [ -113.008001751879306, 44.498685728263752 ], [ -113.00778202502039, 44.501517759936633 ], [ -113.003826946955996, 44.510673032834177 ], [ -112.994403119408389, 44.526273619132212 ], [ -112.993035931363124, 44.531547057450723 ], [ -112.996087688995601, 44.537113463415608 ], [ -113.0031921811742, 44.542191587871457 ], [ -113.019061322122297, 44.548295103136468 ], [ -113.027606244032938, 44.552787291400364 ], [ -113.032537885115289, 44.557792174169492 ], [ -113.032684369388107, 44.569169126853694 ], [ -113.034075971329003, 44.574271666104494 ], [ -113.037030071580489, 44.578788268263963 ], [ -113.064105267044397, 44.600590025409304 ], [ -113.067498821913091, 44.604667173850942 ], [ -113.068817181267889, 44.609257017697189 ], [ -113.068206830280985, 44.614115416193499 ], [ -113.064764446721824, 44.618558774867552 ], [ -113.06046757232059, 44.62239178345402 ], [ -113.050140424341066, 44.628592955200702 ], [ -113.045574994390449, 44.632328307305499 ], [ -113.042498821963022, 44.636820493770756 ], [ -113.041864056181225, 44.642093932089267 ], [ -113.042987102572681, 44.647147643548863 ], [ -113.045062298985897, 44.652103696728204 ], [ -113.05109257166481, 44.661039244565472 ], [ -113.062078900221024, 44.673441588058836 ], [ -113.065252728230803, 44.677909361527782 ], [ -113.072186322240952, 44.692704282976251 ], [ -113.074920697432219, 44.697416197199743 ], [ -113.078387493987634, 44.701664243809773 ], [ -113.08681034642035, 44.709012876742861 ], [ -113.090545696726508, 44.713212096461064 ], [ -113.093182416335424, 44.71767986903069 ], [ -113.095526165600063, 44.722709165695392 ], [ -113.096844524954861, 44.727909361427862 ], [ -113.098895305673807, 44.732841002510213 ], [ -113.101702924350434, 44.737382018565256 ], [ -113.105340619074298, 44.741410338316427 ], [ -113.119793744185927, 44.751810727982672 ], [ -113.12399296300481, 44.755668150464771 ], [ -113.137469525098481, 44.772465024840983 ], [ -113.141375775371728, 44.776493346390794 ], [ -113.160247846161155, 44.790751158539138 ], [ -113.18334354876572, 44.804447447491668 ], [ -113.209637494175013, 44.814310727857787 ], [ -113.232855267156822, 44.818607603158341 ], [ -113.250164837836962, 44.818876157808404 ] ], [ [ -113.250164837836962, 44.818876157808404 ], [ -113.257049603156645, 44.817313657699117 ], [ -113.263250774903327, 44.815140807502246 ], [ -113.268768353077007, 44.812479673997757 ], [ -113.288494915607828, 44.798929869317988 ], [ -113.296160930982182, 44.795560728344924 ], [ -113.305975385355737, 44.793339049457529 ], [ -113.324115032982377, 44.792142760479976 ] ], [ [ -111.05138554061017, 44.497880064313506 ], [ -111.095306439140813, 44.506644713083006 ], [ -111.111541791220645, 44.515262877579687 ], [ -111.140374798857863, 44.541410337816785 ], [ -111.157586713056332, 44.562601743975279 ], [ -111.170770305705048, 44.574076353141152 ], [ -111.181634563884018, 44.580375182268824 ], [ -111.196991010326826, 44.586161314193248 ], [ -111.204608197010657, 44.590238463534263 ], [ -111.210223430766689, 44.594340024972155 ], [ -111.213250775402912, 44.598685728063856 ], [ -111.215545696876404, 44.603275571910103 ], [ -111.217572063699777, 44.608524596333041 ], [ -111.218377727649965, 44.620170102767986 ], [ -111.218182415586, 44.626981627300211 ], [ -111.218963665640615, 44.633549010178626 ], [ -111.22218632234086, 44.640702330148372 ], [ -111.228070110747012, 44.645292173994619 ], [ -111.235711713125056, 44.648905454822852 ], [ -111.245623822181642, 44.652421080068791 ], [ -111.25001835306449, 44.656302916446407 ], [ -111.25812382215662, 44.669047057175931 ], [ -111.298480266750857, 44.715311704971157 ], [ -111.307952923888308, 44.732352721001234 ], [ -111.317962689426565, 44.738309751993427 ], [ -111.354168743892387, 44.752738463209482 ], [ -111.366839642035814, 44.755204282851366 ] ], [ [ -111.366839642035814, 44.755204282851366 ], [ -111.375457805633175, 44.754886900410099 ], [ -111.380072064274316, 44.751542174231929 ], [ -111.390936321553966, 44.737528501938812 ], [ -111.396405071936499, 44.733793149833957 ], [ -111.404144329896894, 44.731595884842193 ], [ -111.433026166224579, 44.728763853169255 ], [ -111.439764447271386, 44.72705486878715 ], [ -111.451727337946238, 44.721781432267278 ], [ -111.461322063662294, 44.714579282707689 ], [ -111.464202924025699, 44.709794126797476 ], [ -111.465350385212105, 44.704764830132774 ], [ -111.463494915657805, 44.700223814077731 ], [ -111.460174603375208, 44.696024596158168 ], [ -111.456292766997592, 44.692313657948944 ], [ -111.452874799132644, 44.688065611338857 ], [ -111.450482221177538, 44.683622251765485 ], [ -111.44916386092342, 44.677884946732888 ], [ -111.449481244264007, 44.671952330535589 ], [ -111.451239056437259, 44.666215025502993 ], [ -111.455145305811186, 44.66201580758343 ], [ -111.460076946893537, 44.658939635156003 ], [ -111.48671268863967, 44.651591002222972 ], [ -111.491595501930817, 44.648466002004341 ], [ -111.494427532704435, 44.643900572053724 ], [ -111.495745892059233, 44.633378111110915 ], [ -111.497479291236289, 44.628910338541289 ], [ -111.504657025101608, 44.61753338495771 ], [ -111.506561322447055, 44.611918150302358 ], [ -111.507733196629715, 44.605814635037348 ], [ -111.507440228084022, 44.600077330004751 ], [ -111.506561322447055, 44.594632994417111 ], [ -111.503289837955606, 44.584452329811143 ], [ -111.501434369300682, 44.580204283201113 ], [ -111.49940800157799, 44.577494321905419 ], [ -111.49640507173666, 44.574589049445024 ], [ -111.492059368644902, 44.571634947394898 ], [ -111.486004681171096, 44.569169126853694 ], [ -111.462957806357679, 44.563431821821098 ], [ -111.457440228183941, 44.560526549360759 ], [ -111.454315227965367, 44.556522643505161 ], [ -111.454364055756571, 44.552274595995812 ], [ -111.460516399712048, 44.54907635319114 ], [ -111.470330853186283, 44.547147642849438 ], [ -111.487469524798712, 44.54580486869969 ] ], [ [ -112.185125775034464, 44.552494321955351 ], [ -112.196356244345168, 44.553275572010023 ], [ -112.204217571783488, 44.555424010109959 ], [ -112.21896366634013, 44.563895689434503 ], [ -112.233465619242907, 44.568705260139609 ] ], [ [ -112.233465619242907, 44.568705260139609 ], [ -112.242230267113086, 44.568705260139609 ], [ -112.248944135163697, 44.566532408144099 ], [ -112.257782024720655, 44.559720885410513 ], [ -112.262420697257369, 44.557084165801598 ], [ -112.269964642254422, 44.55459393226414 ], [ -112.29518436906335, 44.550052916209097 ], [ -112.310955852630457, 44.545243346403311 ], [ -112.322625774759672, 44.540287291425329 ], [ -112.327801555697192, 44.537113463415608 ], [ -112.331854291142577, 44.533256040933509 ], [ -112.335101360839133, 44.528202330373233 ], [ -112.342474407667737, 44.504618346259633 ], [ -112.359930462620753, 44.471390806840247 ], [ -112.365716596343816, 44.46648358055279 ], [ -112.374163860873466, 44.462406432111152 ], [ -112.390033001821564, 44.458329282770137 ], [ -112.401068158168925, 44.457743346578184 ] ], [ [ -111.487469524798712, 44.54580486869969 ], [ -111.496746868972821, 44.546439635380864 ], [ -111.502825971241577, 44.547611510462787 ], [ -111.515081829562746, 44.554081235960268 ], [ -111.546087689195474, 44.564823423761993 ], [ -111.558319135419765, 44.566678893316237 ], [ -111.66744999422184, 44.567240416511993 ] ], [ [ -111.66744999422184, 44.567240416511993 ], [ -111.682049602706968, 44.565751158089427 ], [ -111.726898235565102, 44.543754087980744 ], [ -111.732977337833859, 44.541410337816785 ], [ -111.750018352964616, 44.538675963524895 ], [ -111.770574994240576, 44.537382018065671 ], [ -111.779315228215182, 44.535428892929019 ], [ -111.799383587982163, 44.52849529891887 ], [ -111.808758587738623, 44.528080259995988 ] ], [ [ -111.808758587738623, 44.528080259995988 ], [ -111.816058391981187, 44.529740415687627 ], [ -111.82118534602688, 44.533011900179019 ], [ -111.824823040750687, 44.537113463415608 ], [ -111.827850385386967, 44.541410337816785 ], [ -111.835614056343616, 44.549515806908914 ], [ -111.842547650353765, 44.553568541454979 ], [ -111.852069135282363, 44.557474790828905 ], [ -111.870013470844981, 44.562406431911256 ], [ -111.912176556302995, 44.563529478302769 ] ], [ [ -111.912176556302995, 44.563529478302769 ], [ -111.921258588413082, 44.562430845806887 ], [ -111.928411908382827, 44.560477721569555 ], [ -111.933685345802019, 44.557474790828905 ], [ -111.940863079667395, 44.554398619300798 ], [ -111.951385540610204, 44.551957213554545 ], [ -111.970282025295205, 44.549808775454608 ] ], [ [ -112.081634563883995, 44.538724791316042 ], [ -112.091107221021389, 44.539579283057435 ], [ -112.115545696876381, 44.546830260408171 ], [ -112.144085735967906, 44.551883970968447 ], [ -112.162713666002844, 44.553129087737204 ] ], [ [ -112.162713666002844, 44.553129087737204 ], [ -112.185125775034464, 44.552494321955351 ] ], [ [ -111.970282025295205, 44.549808775454608 ], [ -111.986297649616802, 44.551273619082224 ] ], [ [ -111.986297649616802, 44.551273619082224 ], [ -112.081634563883995, 44.538724791316042 ] ], [ [ -112.496868939150204, 44.475443541386312 ], [ -112.503070110896886, 44.476053893272535 ], [ -112.511859173561959, 44.482328306705938 ], [ -112.517279096153345, 44.485453306924569 ], [ -112.523797650341294, 44.487992369152494 ], [ -112.64630741565469, 44.499027525499855 ], [ -112.680267377337543, 44.505472838001026 ] ], [ [ -112.680267377337543, 44.505472838001026 ], [ -112.691033978135579, 44.505350768523101 ], [ -112.699334760190993, 44.504105649955761 ], [ -112.71686405593141, 44.495682799321685 ], [ -112.722918744304593, 44.493778501976237 ], [ -112.751483197291691, 44.48852947845262 ], [ -112.757220502324287, 44.485819518056303 ], [ -112.814569135157456, 44.443949400244605 ], [ -112.81886600955869, 44.439969908284638 ], [ -112.822699017245839, 44.435526548711209 ], [ -112.825848431359987, 44.430716978006103 ], [ -112.827508587950945, 44.425492369277379 ], [ -112.827410930569954, 44.419779478140356 ], [ -112.825164837786986, 44.414945494438996 ], [ -112.807977338383409, 44.393558775317217 ], [ -112.808856244020433, 44.387992369352332 ], [ -112.813250774903338, 44.382523618969799 ], [ -112.829437299191966, 44.376615415768811 ] ], [ [ -112.401068158168925, 44.457743346578184 ], [ -112.409661907870714, 44.459086118929235 ], [ -112.415594524967332, 44.462089048770565 ], [ -112.420208782709153, 44.465751158289322 ], [ -112.426898235964813, 44.469999204899352 ], [ -112.435369916188677, 44.474174009822661 ], [ -112.454608197210518, 44.477909361028139 ], [ -112.469110150113295, 44.478226744368726 ] ], [ [ -112.469110150113295, 44.478226744368726 ], [ -112.496868939150204, 44.475443541386312 ] ] ] } },
{ "type": "Feature", "properties": { "FEATURECLA": "Admin-1 boundary", "NAME": "Wyoming - Idaho", "ADM0_A3": "USA", "ADM0_NAME": "United States of America", "SHAPE_LENG": 202.44841764399999, "MAPCOLOR13": 1.0, "MAPCOLOR9": 1.0, "SOV_A3": "US1", "NAME_L": "Wyoming", "NAME_R": "Idaho", "NAME_ALT_L": "WY|Wyo.", "NAME_ALT_R": "ID|Idaho", "NAME_LOC_L": null, "NAME_LOC_R": null, "NAME_LEN_L": 7.0, "NAME_LEN_R": 5.0, "NOTE": "US_116", "TYPE": null, "MIN_ZOOM": 2.0, "MIN_LABEL": 7.5, "SCALERANK": 2, "FCLASS_ISO": null, "FCLASS_US": null, "FCLASS_FR": null, "FCLASS_RU": null, "FCLASS_ES": null, "FCLASS_CN": null, "FCLASS_TW": null, "FCLASS_IN": null, "FCLASS_NP": null, "FCLASS_PK": null, "FCLASS_DE": null, "FCLASS_GB": null, "FCLASS_BR": null, "FCLASS_IL": null, "FCLASS_PS": null, "FCLASS_SA": null, "FCLASS_EG": null, "FCLASS_MA": null, "FCLASS_PT": null, "FCLASS_AR": null, "FCLASS_JP": null, "FCLASS_KO": null, "FCLASS_VN": null, "FCLASS_TR": null, "FCLASS_ID": null, "FCLASS_PL": null, "FCLASS_GR": null, "FCLASS_IT": null, "FCLASS_NL": null, "FCLASS_SE": null, "FCLASS_BD": null, "FCLASS_UA": null, "ne_id": 1746745053, "BRK_A3": null, "FCLASS_OSM": null, "FCLASS_TLC": null }, "geometry": { "type": "LineString", "coordinates": [ [ -111.05138554061017, 44.497880064313506 ], [ -111.051336712819023, 44.341800963243827 ], [ -111.051239056337351, 44.185624204793214 ], [ -111.051165813751254, 44.029496275033068 ], [ -111.051092572064533, 43.873392760067816 ], [ -111.051019330377756, 43.717240416412039 ], [ -111.050946087791715, 43.561112485752574 ], [ -111.050872846104937, 43.405008970787321 ], [ -111.05079960261952, 43.248856627131602 ], [ -111.050701947037226, 43.092728697371456 ], [ -111.050628705350448, 42.93660076851063 ], [ -111.050555462764351, 42.780472837851164 ], [ -111.050506634973203, 42.624320494195445 ], [ -111.05048222107763, 42.468216978330872 ], [ -111.050408977592213, 42.312089049470046 ], [ -111.050311322009861, 42.15593670491495 ], [ -111.05023808032314, 41.999833189050435 ] ] } },
{ "type": "Feature", "properties": { "FEATURECLA": "Admin-1 boundary", "NAME": "Montana - Wyoming", "ADM0_A3": "USA", "ADM0_NAME": "United States of America", "SHAPE_LENG": 818.28064141100003, "MAPCOLOR13": 1.0, "MAPCOLOR9": 1.0, "SOV_A3": "US1", "NAME_L": "Montana", "NAME_R": "Wyoming", "NAME_ALT_L": "MT|Mont.", "NAME_ALT_R": "WY|Wyo.", "NAME_LOC_L": null, "NAME_LOC_R": null, "NAME_LEN_L": 7.0, "NAME_LEN_R": 7.0, "NOTE": "US_115", "TYPE": null, "MIN_ZOOM": 2.0, "MIN_LABEL": 7.5, "SCALERANK": 2, "FCLASS_ISO": null, "FCLASS_US": null, "FCLASS_FR": null, "FCLASS_RU": null, "FCLASS_ES": null, "FCLASS_CN": null, "FCLASS_TW": null, "FCLASS_IN": null, "FCLASS_NP": null, "FCLASS_PK": null, "FCLASS_DE": null, "FCLASS_GB": null, "FCLASS_BR": null, "FCLASS_IL": null, "FCLASS_PS": null, "FCLASS_SA": null, "FCLASS_EG": null, "FCLASS_MA": null, "FCLASS_PT": null, "FCLASS_AR": null, "FCLASS_JP": null, "FCLASS_KO": null, "FCLASS_VN": null, "FCLASS_TR": null, "FCLASS_ID": null, "FCLASS_PL": null, "FCLASS_GR": null, "FCLASS_IT": null, "FCLASS_NL": null, "FCLASS_SE": null, "FCLASS_BD": null, "FCLASS_UA": null, "ne_id": 1746745057, "BRK_A3": null, "FCLASS_OSM": null, "FCLASS_TLC": null }, "geometry": { "type": "LineString", "coordinates": [ [ -111.05138554061017, 44.497880064313506 ], [ -111.05138554061017, 44.528226744268807 ], [ -111.051336712819023, 44.558622252015311 ], [ -111.051287885027875, 44.589017759761759 ], [ -111.051239056337351, 44.619340024922167 ], [ -111.051239056337351, 44.649759947463565 ], [ -111.051165813751254, 44.680106627418922 ], [ -111.051116985960107, 44.710453307374223 ], [ -111.051092572064533, 44.740824400325778 ], [ -111.05106815816896, 44.771219908072283 ], [ -111.051019330377756, 44.801566588027583 ], [ -111.050970501687289, 44.831937681878514 ], [ -111.050946087791715, 44.862284360934495 ], [ -111.050921673896084, 44.89265545478537 ], [ -111.050872846104937, 44.923050963431194 ], [ -111.050872846104937, 44.953422057282069 ], [ -111.05079960261952, 44.98379315023368 ], [ -111.05079960261952, 45.000028502313512 ], [ -111.000189251732536, 45.000028502313512 ], [ -110.891424603162875, 45.000028502313512 ], [ -110.78261112680201, 45.000028502313512 ], [ -110.673773235646308, 45.000028502313512 ], [ -110.56500858797591, 45.000028502313512 ], [ -110.456243939406249, 45.000028502313512 ], [ -110.347430463045384, 45.000028502313512 ], [ -110.238616985785256, 45.000028502313512 ], [ -110.129827924219285, 45.000028502313512 ], [ -110.021063274750304, 45.000028502313512 ], [ -109.912249799288759, 45.000028502313512 ], [ -109.803436322028631, 45.000028502313512 ], [ -109.694671674358233, 45.000028502313512 ], [ -109.585833783202531, 45.000028502313512 ], [ -109.477020305942347, 45.000028502313512 ], [ -109.368255658272005, 45.000028502313512 ], [ -109.259442181011821, 45.000028502313512 ], [ -109.150604290755382, 45.000028502313512 ], [ -109.041839642185721, 45.000028502313512 ], [ -108.933026165824856, 45.000028502313512 ], [ -108.824237103359621, 45.000028502313512 ], [ -108.71544804089433, 45.000028502313512 ], [ -108.606610149738572, 45.000028502313512 ], [ -108.497821088172657, 45.000028502313512 ], [ -108.389032024808103, 45.000028502313512 ], [ -108.280267377137704, 45.000028502313512 ], [ -108.171453899877577, 45.000028502313512 ], [ -108.062616009621138, 45.000028502313512 ], [ -107.95385136105142, 45.000028502313512 ], [ -107.845062298586186, 45.000028502313512 ], [ -107.736248822225321, 45.000028502313512 ], [ -107.627459759760086, 45.000028502313512 ], [ -107.518670697294795, 45.000052916209086 ], [ -107.409906048725134, 45.000101744000233 ], [ -107.301092572364325, 45.000101744000233 ], [ -107.192254681208567, 45.000101744000233 ], [ -107.083514447433799, 45.000101744000233 ], [ -106.974725384968508, 45.000101744000233 ], [ -106.86588749381275, 45.000101744000233 ], [ -106.757098431347515, 45.000101744000233 ], [ -106.648309368882224, 45.000101744000233 ], [ -106.539544721211882, 45.000101744000233 ], [ -106.430731243951698, 45.000101744000233 ], [ -106.321893352795996, 45.000101744000233 ], [ -106.213128705125598, 45.000101744000233 ], [ -106.10431522786547, 45.000101744000233 ], [ -105.995526166299499, 45.000101744000233 ], [ -105.886737102934944, 45.000101744000233 ], [ -105.777899212678506, 45.000101744000233 ], [ -105.669110150213214, 45.000101744000233 ], [ -105.56032108774798, 45.000101744000233 ], [ -105.451507611387115, 45.000101744000233 ], [ -105.342694135026306, 45.000101744000233 ], [ -105.233905071661695, 45.000101744000233 ], [ -105.12511601009578, 45.000101744000233 ], [ -105.016302532835596, 45.000101744000233 ], [ -104.907513471269681, 45.000101744000233 ], [ -104.798748821800643, 45.000101744000233 ], [ -104.689910930644885, 45.000101744000233 ], [ -104.581097455183397, 45.000101744000233 ], [ -104.472332805714416, 45.000101744000233 ], [ -104.363568158044018, 45.000101744000233 ], [ -104.25475468078389, 45.000101744000233 ], [ -104.145941205322345, 45.000101744000233 ], [ -104.056658977629695, 45.000101744000233 ] ] } },
{ "type": "Feature", "properties": { "FEATURECLA": "Admin-1 statistical boundary", "NAME": "Nevada - Oregon", "ADM0_A3": "USA", "ADM0_NAME": "United States of America", "SHAPE_LENG": 332.19192772399998, "MAPCOLOR13": 1.0, "MAPCOLOR9": 1.0, "SOV_A3": "US1", "NAME_L": "Nevada", "NAME_R": "Oregon", "NAME_ALT_L": "NV|Nev.", "NAME_ALT_R": "OR|Ore.", "NAME_LOC_L": null, "NAME_LOC_R": null, "NAME_LEN_L": 6.0, "NAME_LEN_R": 6.0, "NOTE": "US_114", "TYPE": null, "MIN_ZOOM": 2.0, "MIN_LABEL": 7.5, "SCALERANK": 2, "FCLASS_ISO": null, "FCLASS_US": null, "FCLASS_FR": null, "FCLASS_RU": null, "FCLASS_ES": null, "FCLASS_CN": null, "FCLASS_TW": null, "FCLASS_IN": null, "FCLASS_NP": null, "FCLASS_PK": null, "FCLASS_DE": null, "FCLASS_GB": null, "FCLASS_BR": null, "FCLASS_IL": null, "FCLASS_PS": null, "FCLASS_SA": null, "FCLASS_EG": null, "FCLASS_MA": null, "FCLASS_PT": null, "FCLASS_AR": null, "FCLASS_JP": null, "FCLASS_KO": null, "FCLASS_VN": null, "FCLASS_TR": null, "FCLASS_ID": null, "FCLASS_PL": null, "FCLASS_GR": null, "FCLASS_IT": null, "FCLASS_NL": null, "FCLASS_SE": null, "FCLASS_BD": null, "FCLASS_UA": null, "ne_id": 1746745061, "BRK_A3": null, "FCLASS_OSM": null, "FCLASS_TLC": null }, "geometry": { "type": "LineString", "coordinates": [ [ -117.016619915576598, 41.999540221404061 ], [ -117.203045696601578, 41.999540221404061 ], [ -117.389544721111974, 41.999540221404061 ], [ -117.576019329928101, 41.999540221404061 ], [ -117.762445110953081, 41.999540221404061 ], [ -117.948895305873634, 41.999540221404061 ], [ -118.135369915589081, 41.999540221404061 ], [ -118.321844525304584, 41.999540221404061 ], [ -118.508294721124457, 41.999540221404061 ], [ -118.694744916045011, 41.999540221404061 ], [ -118.881219524861137, 41.999540221404061 ], [ -119.067694134576641, 41.999540221404061 ], [ -119.254144330396514, 41.999540221404061 ], [ -119.440545696626543, 41.999540221404061 ], [ -119.627020306342047, 41.999540221404061 ], [ -119.813543743848697, 41.999540221404061 ], [ -120.000750774928292, 41.999540221404061 ] ] } },
{ "type": "Feature", "properties": { "FEATURECLA": "Admin-1 boundary", "NAME": "Idaho - Nevada", "ADM0_A3": "USA", "ADM0_NAME": "United States of America", "SHAPE_LENG": 331.072213976, "MAPCOLOR13": 1.0, "MAPCOLOR9": 1.0, "SOV_A3": "US1", "NAME_L": "Idaho", "NAME_R": "Nevada", "NAME_ALT_L": "ID|Idaho", "NAME_ALT_R": "NV|Nev.", "NAME_LOC_L": null, "NAME_LOC_R": null, "NAME_LEN_L": 5.0, "NAME_LEN_R": 6.0, "NOTE": "US_113", "TYPE": null, "MIN_ZOOM": 2.0, "MIN_LABEL": 7.5, "SCALERANK": 2, "FCLASS_ISO": null, "FCLASS_US": null, "FCLASS_FR": null, "FCLASS_RU": null, "FCLASS_ES": null, "FCLASS_CN": null, "FCLASS_TW": null, "FCLASS_IN": null, "FCLASS_NP": null, "FCLASS_PK": null, "FCLASS_DE": null, "FCLASS_GB": null, "FCLASS_BR": null, "FCLASS_IL": null, "FCLASS_PS": null, "FCLASS_SA": null, "FCLASS_EG": null, "FCLASS_MA": null, "FCLASS_PT": null, "FCLASS_AR": null, "FCLASS_JP": null, "FCLASS_KO": null, "FCLASS_VN": null, "FCLASS_TR": null, "FCLASS_ID": null, "FCLASS_PL": null, "FCLASS_GR": null, "FCLASS_IT": null, "FCLASS_NL": null, "FCLASS_SE": null, "FCLASS_BD": null, "FCLASS_UA": null, "ne_id": 1746745063, "BRK_A3": null, "FCLASS_OSM": null, "FCLASS_TLC": null }, "geometry": { "type": "LineString", "coordinates": [ [ -117.016619915576598, 41.999540221404061 ], [ -116.830731243851801, 41.999564635299635 ], [ -116.644866986022578, 41.999613463090839 ], [ -116.459002728193298, 41.999662290881986 ], [ -116.273114055569181, 41.999686704777559 ], [ -116.087200970848073, 41.99971111957251 ], [ -115.901361126914423, 41.999759947363657 ], [ -115.7154968690852, 41.999759947363657 ], [ -115.529608197360403, 41.999808775154804 ], [ -115.343695110840656, 41.999833189050435 ], [ -115.157855266907006, 41.999833189050435 ], [ -114.971991009977103, 41.999857602946008 ], [ -114.786102338252306, 41.999906432535795 ], [ -114.600213665628132, 41.999955260326999 ], [ -114.414300580007762, 42.000004088118146 ], [ -114.228387494387334, 42.00002850201372 ], [ -114.042547649554365, 42.000077329804924 ] ] } },
{ "type": "Feature", "properties": { "FEATURECLA": "Admin-1 statistical boundary", "NAME": "Arizona - California", "ADM0_A3": "USA", "ADM0_NAME": "United States of America", "SHAPE_LENG": 336.04541472, "MAPCOLOR13": 1.0, "MAPCOLOR9": 1.0, "SOV_A3": "US1", "NAME_L": "Arizona", "NAME_R": "California", "NAME_ALT_L": "AZ|Ariz.", "NAME_ALT_R": "CA|Calif.", "NAME_LOC_L": null, "NAME_LOC_R": null, "NAME_LEN_L": 7.0, "NAME_LEN_R": 10.0, "NOTE": "US_112", "TYPE": null, "MIN_ZOOM": 2.0, "MIN_LABEL": 7.5, "SCALERANK": 2, "FCLASS_ISO": null, "FCLASS_US": null, "FCLASS_FR": null, "FCLASS_RU": null, "FCLASS_ES": null, "FCLASS_CN": null, "FCLASS_TW": null, "FCLASS_IN": null, "FCLASS_NP": null, "FCLASS_PK": null, "FCLASS_DE": null, "FCLASS_GB": null, "FCLASS_BR": null, "FCLASS_IL": null, "FCLASS_PS": null, "FCLASS_SA": null, "FCLASS_EG": null, "FCLASS_MA": null, "FCLASS_PT": null, "FCLASS_AR": null, "FCLASS_JP": null, "FCLASS_KO": null, "FCLASS_VN": null, "FCLASS_TR": null, "FCLASS_ID": null, "FCLASS_PL": null, "FCLASS_GR": null, "FCLASS_IT": null, "FCLASS_NL": null, "FCLASS_SE": null, "FCLASS_BD": null, "FCLASS_UA": null, "ne_id": 1746745069, "BRK_A3": null, "FCLASS_OSM": null, "FCLASS_TLC": null }, "geometry": { "type": "MultiLineString", "coordinates": [ [ [ -114.627606244432627, 34.996586118954212 ], [ -114.616961713112516, 34.879300963268804 ], [ -114.610003705206793, 34.867533385557294 ], [ -114.594183392049899, 34.862845885229376 ], [ -114.580023236383227, 34.856888853337864 ], [ -114.568621868904074, 34.843046080112458 ], [ -114.56066288498414, 34.827152525268787 ], [ -114.556951946774916, 34.815043150321117 ], [ -114.555047650328788, 34.786966977943678 ], [ -114.542352338289732, 34.767875182093974 ], [ -114.521307416404113, 34.756986510019374 ], [ -114.494256634835779, 34.753592955150737 ], [ -114.428900189392209, 34.642899596239374 ], [ -114.424456829818837, 34.638724791316065 ], [ -114.421112102741347, 34.634281431742636 ], [ -114.419744915595345, 34.626371274714529 ], [ -114.421112102741347, 34.602591978536964 ], [ -114.419744915595345, 34.595951353072451 ], [ -114.407708783233716, 34.579545102824227 ], [ -114.394476360995213, 34.570951353122439 ], [ -114.383660930607448, 34.561063657961427 ], [ -114.378802533010457, 34.540702330548072 ], [ -114.377117963423245, 34.540091977762529 ], [ -114.36720585256802, 34.530131040914796 ], [ -114.371673626936285, 34.515482602839825 ], [ -114.377069134732778, 34.500394712845718 ], [ -114.377166791214393, 34.499711119272717 ], [ -114.376019330028043, 34.490140807452292 ], [ -114.372943157600616, 34.478129088086916 ], [ -114.368963665640649, 34.471537291312927 ], [ -114.363787884703072, 34.467045103049031 ], [ -114.357220501824656, 34.465604674216308 ], [ -114.34420780644507, 34.465140807502223 ], [ -114.339471478326061, 34.464554869511574 ], [ -114.335418743779996, 34.463334165739127 ], [ -114.331341596237678, 34.460575377551606 ], [ -114.323602338277283, 34.453373227992074 ], [ -114.318743938881653, 34.449882018440405 ], [ -114.298797650391236, 34.439066588052583 ], [ -114.293817180618362, 34.435502135015497 ], [ -114.278875774897074, 34.420756041358175 ], [ -114.195477338308478, 34.37041424422199 ], [ -114.178387493587934, 34.362699400157169 ], [ -114.168743939181411, 34.355887877423584 ], [ -114.157049603156622, 34.345072447035761 ], [ -114.125140423991354, 34.327787291150571 ], [ -114.124945111028012, 34.314139829989131 ], [ -114.119061321722597, 34.293216978480757 ], [ -114.127386516774322, 34.279667173800988 ], [ -114.159075970879314, 34.259525572347286 ], [ -114.192596477945074, 34.232230650024462 ], [ -114.224261517255172, 34.198075377176906 ], [ -114.243841596412494, 34.193705260189574 ], [ -114.345867963036028, 34.133207213242258 ], [ -114.382147260087947, 34.12371014310861 ], [ -114.398236126995641, 34.10974529950596 ], [ -114.408636516661886, 34.091092955575391 ], [ -114.416937298717357, 34.048466002503972 ], [ -114.428582806051622, 34.029081236309992 ], [ -114.444256634935755, 34.012967955506724 ], [ -114.460736126870756, 33.999466977718839 ], [ -114.500335736205216, 33.977518736300624 ], [ -114.515936321603931, 33.963627135284071 ], [ -114.52218632204108, 33.941434752212047 ], [ -114.518841595862909, 33.929813657873979 ], [ -114.510711712875207, 33.91870525983984 ], [ -114.491131634617204, 33.899540221404095 ], [ -114.48976444657194, 33.890580260570573 ], [ -114.497772260081717, 33.881449399769963 ], [ -114.515985150294398, 33.869120298862697 ], [ -114.514056439053377, 33.85400799407364 ], [ -114.513909954780559, 33.828324400550628 ], [ -114.510272260056752, 33.804130064550804 ], [ -114.49796757214574, 33.79338787674908 ], [ -114.494525188586579, 33.788041196743791 ], [ -114.493377728299492, 33.776322446823428 ], [ -114.494525188586579, 33.764603696903066 ], [ -114.49796757214574, 33.759257017797097 ], [ -114.503216595669358, 33.754276548923599 ], [ -114.498968549059271, 33.743216977781287 ], [ -114.488055463089097, 33.725126157945795 ], [ -114.49469608765429, 33.710355650392955 ], [ -114.506317181092982, 33.699125181981515 ], [ -114.517303509649253, 33.684745299455983 ], [ -114.52218632204108, 33.660257994011204 ], [ -114.521527142363709, 33.638798033202647 ], [ -114.522406048899995, 33.627567563891944 ], [ -114.525579876909774, 33.622709166294953 ], [ -114.534491009952148, 33.616800963093965 ], [ -114.534491009952148, 33.603519713064259 ], [ -114.528997845674041, 33.581717955019599 ], [ -114.532611127401594, 33.568558775367194 ], [ -114.535858197098094, 33.561869322111534 ], [ -114.549481244363903, 33.547001158076966 ], [ -114.569305463376395, 33.530472838350761 ], [ -114.579339641910906, 33.5201212755764 ], [ -114.588787885152726, 33.495511899754376 ], [ -114.625848431359998, 33.437137877011367 ], [ -114.643719525235895, 33.425785338222738 ], [ -114.668328900158599, 33.419657408162834 ], [ -114.717376751835616, 33.4166056505303 ], [ -114.726898235864894, 33.411478697383984 ], [ -114.722406049399638, 33.399759947463565 ], [ -114.712078899621474, 33.387064635424565 ], [ -114.704046674014762, 33.379105649705934 ], [ -114.698138470813774, 33.368412291494053 ], [ -114.701922649810399, 33.359818540892945 ], [ -114.713983196966922, 33.348978697508869 ], [ -114.7235046809962, 33.32124432236759 ], [ -114.721331829900009, 33.306302915746926 ], [ -114.690081830412112, 33.276371274714563 ], [ -114.683172650297536, 33.262772643142966 ], [ -114.673016399587141, 33.204984557491287 ], [ -114.678241010114505, 33.161625182156399 ], [ -114.693377727899815, 33.124100768335779 ], [ -114.696746868872879, 33.089359557497573 ], [ -114.666815227840459, 33.054154478146643 ], [ -114.627337688883188, 33.040946470703034 ], [ -114.536541790671095, 33.035380063838829 ], [ -114.501727338146111, 33.019413268207757 ], [ -114.473748822250343, 32.985257994460881 ], [ -114.469793744185893, 32.972611510213028 ], [ -114.470233197004404, 32.96284588542926 ], [ -114.472479290686692, 32.953104674541066 ], [ -114.473748822250343, 32.940580259771139 ], [ -114.45800175167949, 32.876713071850759 ], [ -114.460736126870756, 32.854911313806042 ], [ -114.472088665659385, 32.8420206888037 ], [ -114.50924686924759, 32.820341002035605 ], [ -114.52218632204108, 32.807132993692676 ], [ -114.525946088041508, 32.789725768329504 ], [ -114.525091596300115, 32.771122252190139 ], [ -114.526190227896677, 32.753251158314299 ], [ -114.535858197098094, 32.738236510006914 ], [ -114.578192180724557, 32.730082213123637 ] ], [ [ -114.578192180724557, 32.730082213123637 ], [ -114.682928510442366, 32.748099791272352 ] ], [ [ -114.682928510442366, 32.748099791272352 ], [ -114.720794720599827, 32.7245646349499 ], [ -114.724284267305052, 32.71283525504299 ] ] ] } },
{ "type": "Feature", "properties": { "FEATURECLA": "Admin-1 boundary", "NAME": "California - Arizona", "ADM0_A3": "USA", "ADM0_NAME": "United States of America", "SHAPE_LENG": 0.63886548911999996, "MAPCOLOR13": 1.0, "MAPCOLOR9": 1.0, "SOV_A3": "US1", "NAME_L": "California", "NAME_R": "Arizona", "NAME_ALT_L": "CA|Calif.", "NAME_ALT_R": "AZ|Ariz.", "NAME_LOC_L": null, "NAME_LOC_R": null, "NAME_LEN_L": 10.0, "NAME_LEN_R": 7.0, "NOTE": "US_111", "TYPE": null, "MIN_ZOOM": 2.0, "MIN_LABEL": 7.5, "SCALERANK": 2, "FCLASS_ISO": null, "FCLASS_US": null, "FCLASS_FR": null, "FCLASS_RU": null, "FCLASS_ES": null, "FCLASS_CN": null, "FCLASS_TW": null, "FCLASS_IN": null, "FCLASS_NP": null, "FCLASS_PK": null, "FCLASS_DE": null, "FCLASS_GB": null, "FCLASS_BR": null, "FCLASS_IL": null, "FCLASS_PS": null, "FCLASS_SA": null, "FCLASS_EG": null, "FCLASS_MA": null, "FCLASS_PT": null, "FCLASS_AR": null, "FCLASS_JP": null, "FCLASS_KO": null, "FCLASS_VN": null, "FCLASS_TR": null, "FCLASS_ID": null, "FCLASS_PL": null, "FCLASS_GR": null, "FCLASS_IT": null, "FCLASS_NL": null, "FCLASS_SE": null, "FCLASS_BD": null, "FCLASS_UA": null, "ne_id": 1746745075, "BRK_A3": null, "FCLASS_OSM": null, "FCLASS_TLC": null }, "geometry": { "type": "LineString", "coordinates": [ [ -114.627606244432627, 34.996586118954212 ], [ -114.62821659631885, 35.003568540755509 ] ] } },
{ "type": "Feature", "properties": { "FEATURECLA": "Admin-1 boundary", "NAME": "Nevada - Arizona", "ADM0_A3": "USA", "ADM0_NAME": "United States of America", "SHAPE_LENG": 277.73784716300003, "MAPCOLOR13": 1.0, "MAPCOLOR9": 1.0, "SOV_A3": "US1", "NAME_L": "Nevada", "NAME_R": "Arizona", "NAME_ALT_L": "NV|Nev.", "NAME_ALT_R": "AZ|Ariz.", "NAME_LOC_L": null, "NAME_LOC_R": null, "NAME_LEN_L": 6.0, "NAME_LEN_R": 7.0, "NOTE": "US_111", "TYPE": null, "MIN_ZOOM": 2.0, "MIN_LABEL": 7.5, "SCALERANK": 2, "FCLASS_ISO": null, "FCLASS_US": null, "FCLASS_FR": null, "FCLASS_RU": null, "FCLASS_ES": null, "FCLASS_CN": null, "FCLASS_TW": null, "FCLASS_IN": null, "FCLASS_NP": null, "FCLASS_PK": null, "FCLASS_DE": null, "FCLASS_GB": null, "FCLASS_BR": null, "FCLASS_IL": null, "FCLASS_PS": null, "FCLASS_SA": null, "FCLASS_EG": null, "FCLASS_MA": null, "FCLASS_PT": null, "FCLASS_AR": null, "FCLASS_JP": null, "FCLASS_KO": null, "FCLASS_VN": null, "FCLASS_TR": null, "FCLASS_ID": null, "FCLASS_PL": null, "FCLASS_GR": null, "FCLASS_IT": null, "FCLASS_NL": null, "FCLASS_SE": null, "FCLASS_BD": null, "FCLASS_UA": null, "ne_id": 1746745079, "BRK_A3": null, "FCLASS_OSM": null, "FCLASS_TLC": null }, "geometry": { "type": "MultiLineString", "coordinates": [ [ [ -114.207733196629704, 36.023221861399747 ], [ -114.158660931057113, 36.029740416487016 ], [ -114.123895306323277, 36.045853697290283 ], [ -114.108367962611339, 36.089481627275234 ], [ -114.095184369063361, 36.126517760486252 ], [ -114.084173626611573, 36.157572447010807 ], [ -114.065448040994283, 36.17815350218234 ], [ -114.045257610850058, 36.200492369527183 ], [ -114.042840618999321, 36.210306822102154 ], [ -114.042010541153502, 36.219779478340229 ], [ -114.04183964208579, 36.262113462866012 ], [ -114.041790814294643, 36.270511900503777 ], [ -114.041766400399013, 36.293998228135706 ], [ -114.041693157812972, 36.330546079837688 ], [ -114.041595502230621, 36.377909361028173 ], [ -114.041449017058483, 36.433939635405807 ], [ -114.041326946681238, 36.49658611955374 ], [ -114.041180463307683, 36.563529478102907 ], [ -114.041009564239971, 36.632621274752012 ], [ -114.040863079967153, 36.701713072300436 ], [ -114.040716595694335, 36.768656431748923 ], [ -114.04059452531709, 36.831302915896856 ], [ -114.040496868835419, 36.88733318937517 ], [ -114.040374799357494, 36.934745299256122 ], [ -114.040301555872077, 36.971293150058784 ], [ -114.04025272808093, 36.99485272117613 ], [ -114.040203900289725, 37.003129088436651 ] ], [ [ -114.554779095678725, 36.16052654906099 ], [ -114.545452923713412, 36.15969647121517 ], [ -114.491961713362343, 36.146879087899549 ], [ -114.488201947361972, 36.145560728544751 ], [ -114.482806438666159, 36.142924009835156 ], [ -114.474359174136566, 36.137479674247572 ], [ -114.463983196567256, 36.132059752555506 ], [ -114.450653118746402, 36.128446470827953 ], [ -114.442913860786007, 36.127689635568231 ] ], [ [ -114.62821659631885, 35.003568540755509 ], [ -114.629315227915413, 35.015384947157543 ], [ -114.638861126739585, 35.04780682172742 ], [ -114.615399213003229, 35.073148618913592 ], [ -114.611590619211654, 35.082572447360519 ], [ -114.615496868585581, 35.096464049276449 ], [ -114.634271282893337, 35.114237485771355 ], [ -114.638861126739585, 35.123539243841037 ], [ -114.635516399662094, 35.137186705002421 ], [ -114.62543339243706, 35.140970884898422 ], [ -114.611883587757347, 35.14101971268957 ], [ -114.597918744154697, 35.143387876749102 ], [ -114.586102337752664, 35.14829510303656 ], [ -114.581805463351429, 35.151346861568413 ], [ -114.572625774759672, 35.191239439448566 ], [ -114.571942181186671, 35.212552915984247 ], [ -114.576800579682981, 35.252640806827742 ], [ -114.589862102853715, 35.300492369527205 ], [ -114.592279095603772, 35.325956236191303 ], [ -114.590887493662876, 35.352884947382393 ], [ -114.60062870455107, 35.376664244459278 ], [ -114.632318157756742, 35.428739438973935 ], [ -114.65060429055552, 35.477006041495599 ], [ -114.667620891790705, 35.51704510274925 ], [ -114.646502728218309, 35.565482603439364 ], [ -114.65270389996499, 35.608890807464775 ], [ -114.645062299385586, 35.630643735919648 ], [ -114.651629681364682, 35.646757018521555 ], [ -114.686663860748524, 35.719388853412852 ], [ -114.691595501830932, 35.739603697452651 ], [ -114.694549602981795, 35.767069517943867 ], [ -114.693475385280806, 35.822416196949916 ], [ -114.688128705275517, 35.837235533193279 ], [ -114.670574993840887, 35.862772643342794 ], [ -114.666815227840459, 35.87392986916808 ], [ -114.668939252044822, 35.88538006443838 ], [ -114.675286908064322, 35.894242368790287 ], [ -114.714666791439242, 35.936161314393132 ], [ -114.729217572133223, 35.959257017897016 ], [ -114.73956913490764, 35.985795103161479 ], [ -114.741278119289746, 36.013627134784429 ], [ -114.724383588431863, 36.027884946932716 ], [ -114.719940227959114, 36.03887127548893 ], [ -114.719403118658988, 36.050174986486411 ], [ -114.722723430941585, 36.07307537702701 ], [ -114.722674603150381, 36.084305846337713 ], [ -114.721185345627191, 36.09272869697179 ], [ -114.71808476020351, 36.097367369508447 ], [ -114.711029095816116, 36.105350768223332 ], [ -114.707147260337763, 36.108841977775057 ], [ -114.702850385037209, 36.112064635374622 ], [ -114.669354290967703, 36.12480877520477 ], [ -114.636834759916212, 36.141312681934721 ], [ -114.578826947405673, 36.153617368946414 ], [ -114.563226361107638, 36.15876873598836 ], [ -114.554779095678725, 36.16052654906099 ] ], [ [ -114.372259564027615, 36.147660337954221 ], [ -114.365643353358053, 36.147196471240136 ], [ -114.356414837874468, 36.144340024772305 ], [ -114.347503704832093, 36.139799010515901 ], [ -114.336639446653123, 36.130716978405815 ], [ -114.327044720937124, 36.120756041558025 ], [ -114.319598430623046, 36.111088072356608 ], [ -114.297186321591425, 36.070511900004135 ], [ -114.287713666252671, 36.058109557410148 ], [ -114.275311321859988, 36.045658385226261 ], [ -114.256536907552231, 36.032450376883389 ], [ -114.233636517011632, 36.024418150377301 ], [ -114.207733196629704, 36.023221861399747 ] ], [ [ -114.442913860786007, 36.127689635568231 ], [ -114.435491986166198, 36.127714049463805 ], [ -114.428680463432613, 36.128544127309624 ], [ -114.422869915813919, 36.130326353378507 ], [ -114.397235150082111, 36.142924009835156 ], [ -114.391790813595151, 36.144974791453421 ], [ -114.385858197397852, 36.146488462872242 ], [ -114.379193158037765, 36.147367369408528 ], [ -114.372259564027615, 36.147660337954221 ] ] ] } },
{ "type": "Feature", "properties": { "FEATURECLA": "Admin-1 boundary", "NAME": "Utah - Idaho", "ADM0_A3": "USA", "ADM0_NAME": "United States of America", "SHAPE_LENG": 333.10237930400001, "MAPCOLOR13": 1.0, "MAPCOLOR9": 1.0, "SOV_A3": "US1", "NAME_L": "Utah", "NAME_R": "Idaho", "NAME_ALT_L": "UT", "NAME_ALT_R": "ID|Idaho", "NAME_LOC_L": null, "NAME_LOC_R": null, "NAME_LEN_L": 4.0, "NAME_LEN_R": 5.0, "NOTE": "US_110", "TYPE": null, "MIN_ZOOM": 2.0, "MIN_LABEL": 7.5, "SCALERANK": 2, "FCLASS_ISO": null, "FCLASS_US": null, "FCLASS_FR": null, "FCLASS_RU": null, "FCLASS_ES": null, "FCLASS_CN": null, "FCLASS_TW": null, "FCLASS_IN": null, "FCLASS_NP": null, "FCLASS_PK": null, "FCLASS_DE": null, "FCLASS_GB": null, "FCLASS_BR": null, "FCLASS_IL": null, "FCLASS_PS": null, "FCLASS_SA": null, "FCLASS_EG": null, "FCLASS_MA": null, "FCLASS_PT": null, "FCLASS_AR": null, "FCLASS_JP": null, "FCLASS_KO": null, "FCLASS_VN": null, "FCLASS_TR": null, "FCLASS_ID": null, "FCLASS_PL": null, "FCLASS_GR": null, "FCLASS_IT": null, "FCLASS_NL": null, "FCLASS_SE": null, "FCLASS_BD": null, "FCLASS_UA": null, "ne_id": 1746745085, "BRK_A3": null, "FCLASS_OSM": null, "FCLASS_TLC": null }, "geometry": { "type": "MultiLineString", "coordinates": [ [ [ -113.481512494306116, 42.000004088118146 ], [ -113.668524213321746, 42.00002850201372 ], [ -113.855535931438055, 42.000077329804924 ] ], [ [ -113.855535931438055, 42.000077329804924 ], [ -114.042547649554365, 42.000077329804924 ] ], [ [ -112.35939335332057, 41.999906432535795 ], [ -112.546405072336199, 41.999955260326999 ], [ -112.733441205247402, 42.000004088118146 ] ], [ [ -112.733441205247402, 42.000004088118146 ], [ -112.920477338158605, 42.000004088118146 ], [ -113.107489056274915, 42.000004088118146 ], [ -113.294500775290544, 42.000004088118146 ], [ -113.481512494306116, 42.000004088118146 ] ], [ [ -111.237274213234343, 41.999833189050435 ], [ -111.424285931350653, 41.999857602946008 ], [ -111.611297650366225, 41.999906432535795 ] ], [ [ -111.611297650366225, 41.999906432535795 ], [ -111.798309369381855, 41.999906432535795 ], [ -111.985369916188631, 41.999906432535795 ], [ -112.17238163520426, 41.999906432535795 ], [ -112.35939335332057, 41.999906432535795 ] ], [ [ -111.05023808032314, 41.999833189050435 ], [ -111.237274213234343, 41.999833189050435 ] ] ] } },
{ "type": "Feature", "properties": { "FEATURECLA": "Admin-1 boundary", "NAME": "Wisconsin - Michigan", "ADM0_A3": "USA", "ADM0_NAME": "United States of America", "SHAPE_LENG": 913.80048225899998, "MAPCOLOR13": 1.0, "MAPCOLOR9": 1.0, "SOV_A3": "US1", "NAME_L": "Wisconsin", "NAME_R": "Michigan", "NAME_ALT_L": "WI|Wis.", "NAME_ALT_R": "MI|Mich.", "NAME_LOC_L": null, "NAME_LOC_R": null, "NAME_LEN_L": 9.0, "NAME_LEN_R": 8.0, "NOTE": "US_12", "TYPE": null, "MIN_ZOOM": 2.0, "MIN_LABEL": 7.5, "SCALERANK": 2, "FCLASS_ISO": null, "FCLASS_US": null, "FCLASS_FR": null, "FCLASS_RU": null, "FCLASS_ES": null, "FCLASS_CN": null, "FCLASS_TW": null, "FCLASS_IN": null, "FCLASS_NP": null, "FCLASS_PK": null, "FCLASS_DE": null, "FCLASS_GB": null, "FCLASS_BR": null, "FCLASS_IL": null, "FCLASS_PS": null, "FCLASS_SA": null, "FCLASS_EG": null, "FCLASS_MA": null, "FCLASS_PT": null, "FCLASS_AR": null, "FCLASS_JP": null, "FCLASS_KO": null, "FCLASS_VN": null, "FCLASS_TR": null, "FCLASS_ID": null, "FCLASS_PL": null, "FCLASS_GR": null, "FCLASS_IT": null, "FCLASS_NL": null, "FCLASS_SE": null, "FCLASS_BD": null, "FCLASS_UA": null, "ne_id": 1746745089, "BRK_A3": null, "FCLASS_OSM": null, "FCLASS_TLC": null }, "geometry": { "type": "MultiLineString", "coordinates": [ [ [ -87.018817932101854, 42.496236450251956 ], [ -87.040088514573256, 42.627132345081634 ], [ -87.048269508730812, 42.702397483956702 ], [ -87.066267693898965, 42.804659901932894 ], [ -87.079357284011451, 42.896287028223753 ], [ -87.092446873224617, 42.991186551817862 ], [ -87.112081257044338, 43.117173850692609 ], [ -87.131715641763435, 43.236616354960802 ], [ -87.144805230976601, 43.333970176982064 ], [ -87.147166, 43.379859 ], [ -87.140077, 43.474829 ], [ -87.132234833909209, 43.573894538303527 ], [ -87.120706698871288, 43.695804107557706 ], [ -87.114373822294056, 43.765189634693854 ], [ -87.087054486075658, 43.873588072131781 ], [ -87.061359097943978, 43.969633366186883 ], [ -87.028635124011771, 44.071077685286923 ], [ -86.999896282587372, 44.16767986923054 ], [ -86.952996869010292, 44.279081236509853 ], [ -86.928827005361995, 44.366411546855375 ], [ -86.891194434575482, 44.46621966730379 ], [ -86.851925666036664, 44.562755390448899 ], [ -86.812656898397108, 44.647837721233827 ], [ -86.746917767141213, 44.768534361571483 ], [ -86.714642376844211, 44.84517010321764 ], [ -86.669989056050099, 44.893998228035798 ], [ -86.637583639073682, 44.944807783252543 ], [ -86.595042473231558, 44.990621346397973 ], [ -86.535907025089102, 45.040458189493847 ], [ -86.497688651210296, 45.075703677182958 ], [ -86.448602689862241, 45.114972445721776 ], [ -86.373337550987173, 45.160786008867206 ], [ -86.314434397729258, 45.193509982799469 ], [ -86.250622649415732, 45.236051149540913 ], [ -86.286810108599639, 45.249049971079273 ], [ -86.318306337067781, 45.262311540345308 ], [ -86.347316020118228, 45.273915414464796 ], [ -86.379641096159617, 45.288005831304019 ], [ -86.414452715820175, 45.301267401469374 ], [ -86.445948943388998, 45.31452896983609 ], [ -86.479102867003689, 45.327790540001388 ], [ -86.510599094572513, 45.341052109267423 ], [ -86.542095322141392, 45.354313679432721 ], [ -86.575249245756083, 45.367575247799437 ], [ -86.607574321797472, 45.381665666437357 ], [ -86.640313820726249, 45.394927234804015 ], [ -86.678656049237247, 45.40906170493372 ], [ -86.710540813607622, 45.423173032809188 ], [ -86.742376751985489, 45.437259946789084 ], [ -86.76357093704911, 45.443848381897283 ] ], [ [ -86.76357093704911, 45.443848381897283 ], [ -86.922282209856064, 45.442212183245658 ], [ -87.03190752221434, 45.442212183245658 ], [ -87.092446873224617, 45.443848381897283 ], [ -87.131715641763435, 45.399671017403534 ], [ -87.166075814347323, 45.355493652909729 ], [ -87.198799788279587, 45.322769678977465 ], [ -87.24432987702221, 45.288773619406982 ], [ -87.311697497041848, 45.242595943248148 ], [ -87.403324623332708, 45.204963374260274 ], [ -87.422959008051748, 45.132970630889872 ], [ -87.436048597264914, 45.078976075385526 ], [ -87.488406955016956, 45.083884671340513 ], [ -87.542742963317096, 45.089506041170864 ], [ -87.596917767241166, 45.10425213482813 ], [ -87.653558391706383, 45.120756041558025 ], [ -87.670404095672438, 45.130521666341792 ], [ -87.672576946768686, 45.135233580565284 ], [ -87.678021283255589, 45.142216002366581 ], [ -87.688128705275517, 45.151981627150349 ], [ -87.711566205116242, 45.168973814489902 ], [ -87.726654096009725, 45.182816587715308 ], [ -87.733563275224981, 45.192338071744587 ], [ -87.734759564202534, 45.199344908340834 ], [ -87.730291790733531, 45.231205259714955 ], [ -87.726654096009725, 45.243754088380456 ], [ -87.706951947374478, 45.284134946870267 ], [ -87.68204960300676, 45.324589048845496 ], [ -87.673699994059461, 45.332938657792795 ], [ -87.658514446684364, 45.344877135471393 ], [ -87.653778118565299, 45.351175962800426 ], [ -87.653411908332885, 45.356449400219617 ], [ -87.65480351027378, 45.361429869093172 ], [ -87.661224407980001, 45.37036541603112 ], [ -87.669549603031726, 45.379545102824238 ], [ -87.675750774778408, 45.384989439311141 ], [ -87.6817078057706, 45.388138853425346 ], [ -87.688690227571954, 45.388798033102717 ], [ -87.69508671318124, 45.387430845956771 ], [ -87.768475385130898, 45.359549986542618 ], [ -87.77560429120507, 45.358353697565065 ], [ -87.783245891784475, 45.357865416056086 ], [ -87.791741985903911, 45.358378111460638 ], [ -87.81464237734383, 45.363431822020971 ], [ -87.822259564027661, 45.363578307193109 ], [ -87.828973431178895, 45.362137877461066 ], [ -87.840692181099257, 45.357181822483085 ], [ -87.848553510336217, 45.356180846468874 ], [ -87.858270306429461, 45.357572447510393 ], [ -87.87330936863242, 45.364823423961809 ], [ -87.879461712587954, 45.370975767917344 ], [ -87.882196087779221, 45.377396666522941 ], [ -87.881024212697241, 45.383426939201854 ], [ -87.869183392399634, 45.404838072219206 ], [ -87.867181438572516, 45.411429868993253 ], [ -87.866644330171709, 45.419657408462626 ], [ -87.869183392399634, 45.432010924164786 ], [ -87.868426556240536, 45.440189634943692 ], [ -87.86578983843026, 45.446171079831458 ], [ -87.861370891853142, 45.44993084583183 ], [ -87.82850956356549, 45.467582212848811 ], [ -87.823773236345744, 45.471293150158715 ], [ -87.819525188836394, 45.475467955082024 ], [ -87.811932416048137, 45.484696471464986 ], [ -87.806390423978883, 45.494681822208292 ], [ -87.804119916401021, 45.499906431836337 ], [ -87.803558392305945, 45.503348814496178 ], [ -87.803802533060434, 45.509989439061314 ], [ -87.812152142007733, 45.541092955175714 ], [ -87.821283001908967, 45.561429868693438 ], [ -87.820379680577787, 45.57041424432191 ], [ -87.815716595944139, 45.574466977968655 ], [ -87.80885624362071, 45.576029478077942 ], [ -87.802679485769659, 45.578202330073452 ], [ -87.797796674277095, 45.5813517441876 ], [ -87.793914837899422, 45.587357602970997 ], [ -87.791424602563325, 45.595414244271922 ], [ -87.791253705294253, 45.608646666510424 ], [ -87.793280072117625, 45.616215025403051 ], [ -87.796600385299541, 45.622025572122425 ], [ -87.813787884703117, 45.642118345784979 ], [ -87.820672650022743, 45.652665221522739 ], [ -87.821453900077415, 45.66001385355645 ], [ -87.818963665640638, 45.665482603039663 ], [ -87.808367963011051, 45.671927916440154 ], [ -87.803875774747212, 45.675321471308848 ], [ -87.801239056037616, 45.681034361546551 ], [ -87.801092571764741, 45.683988462697357 ], [ -87.802606244082881, 45.687040221229211 ], [ -87.808685346351638, 45.692875181844158 ], [ -87.822454876990946, 45.703299986305296 ], [ -87.834979290861554, 45.715091977912437 ], [ -87.844964641604918, 45.721439634831256 ], [ -87.868890423853941, 45.733500181987779 ], [ -87.873822064037029, 45.736991393338087 ], [ -87.885516400061817, 45.749369322036557 ], [ -87.889910930944666, 45.753080260245781 ], [ -87.895330852636732, 45.756132017878315 ], [ -87.901776166037223, 45.758866393069582 ], [ -87.909637494374863, 45.76050213486559 ], [ -87.953192180874453, 45.763138853575185 ], [ -87.969793744086019, 45.766654477921804 ], [ -87.976287885277657, 45.769266782735826 ], [ -87.981707806070403, 45.772391782954401 ], [ -87.986126751748202, 45.775809751718668 ], [ -87.998089642423054, 45.787235533093337 ], [ -88.000897260200361, 45.788773619307051 ], [ -88.005194134601595, 45.79018963514352 ], [ -88.011004681320969, 45.790140807352373 ], [ -88.03165897817928, 45.785526548711232 ], [ -88.047357220958986, 45.78418377546086 ], [ -88.055828900283529, 45.784574400488168 ], [ -88.07252811907739, 45.787479673847827 ], [ -88.087469524798735, 45.791874204730732 ], [ -88.102313274937671, 45.798026548686266 ], [ -88.109979291211289, 45.803153501832639 ], [ -88.119696088203909, 45.812504087693469 ], [ -88.122503705081897, 45.819681822458108 ], [ -88.122137493950163, 45.826420103504972 ], [ -88.119500775240567, 45.831717954819737 ], [ -88.115789837930663, 45.836625182006514 ], [ -88.093939252094799, 45.857206236278785 ], [ -88.089935346239201, 45.862113463465562 ], [ -88.086444134888893, 45.867753111117167 ], [ -88.085540813557657, 45.876737485846263 ], [ -88.089276165662511, 45.884183775261022 ], [ -88.115203899940013, 45.924589049445046 ], [ -88.123187298654898, 45.931498227760983 ], [ -88.132269329865665, 45.93574627527039 ], [ -88.14794315785042, 45.939823423712028 ], [ -88.154437299042115, 45.94250897111209 ], [ -88.180218549046799, 45.957255063870093 ], [ -88.187738080148279, 45.959379088074456 ], [ -88.195623822381492, 45.959476744556071 ], [ -88.210858196648417, 45.957718932382818 ], [ -88.218914837949399, 45.957499205523902 ], [ -88.227410931169516, 45.958353697265295 ], [ -88.244207806445104, 45.962845885529191 ], [ -88.261834759566511, 45.97002361939451 ], [ -88.269891399968117, 45.972172057494447 ], [ -88.278045696851393, 45.973099790922561 ], [ -88.313006635447834, 45.973588072431596 ], [ -88.329998821888125, 45.975687681841009 ], [ -88.335907025089114, 45.977323424536394 ], [ -88.361370891753211, 45.991776548748703 ], [ -88.370428509967724, 45.995487486058607 ], [ -88.379144330046756, 45.996659361140587 ], [ -88.399871868591845, 45.992435728426074 ], [ -88.408319134920134, 45.992435728426074 ], [ -88.418084759703902, 45.993680846094151 ], [ -88.452264447346352, 46.007010923915004 ], [ -88.460003705306747, 46.009086119428844 ], [ -88.467352338239778, 46.008866393469248 ], [ -88.473553509986459, 46.007328307255534 ], [ -88.482000775415429, 46.007328307255534 ], [ -88.491888470576441, 46.009232602802342 ], [ -88.508465618993114, 46.018168149740291 ], [ -88.519061321622701, 46.022660338004187 ], [ -88.529193158437522, 46.025248228023258 ], [ -88.537347455320798, 46.026053892872824 ], [ -88.545062299385563, 46.025516783572698 ], [ -88.55172733784633, 46.024076352941336 ], [ -88.564129681339693, 46.019095884967101 ], [ -88.570867963285878, 46.017777524712983 ], [ -88.578924602788163, 46.018168149740291 ], [ -88.586151166243326, 46.019510923889982 ], [ -88.593719525135953, 46.020145688772516 ], [ -88.600262494118795, 46.018900572003758 ], [ -88.621942180886947, 46.006913268332653 ], [ -88.630609174074095, 46.006132018277981 ], [ -88.642083783239968, 46.008109557310206 ], [ -88.676165814400804, 46.020707212867535 ], [ -88.698870891978061, 46.025760924327187 ], [ -88.714007610662691, 46.03147381456489 ], [ -88.724383588232001, 46.03389080731489 ], [ -88.733734174092831, 46.034647643473932 ], [ -88.741400188567809, 46.033793149933899 ], [ -88.762249799288782, 46.028299986555112 ], [ -88.770428510067688, 46.028031431905049 ], [ -88.780584759878764, 46.029496275532665 ], [ -88.787786907639656, 46.034403501820123 ], [ -88.795013471094819, 46.036576352916313 ], [ -88.8017761660372, 46.036625182506157 ], [ -88.81657108838499, 46.034647643473932 ], [ -88.824285930651172, 46.034403501820123 ], [ -88.837274213034505, 46.035599790797676 ], [ -88.861322063862133, 46.045170103517421 ], [ -88.920623821831896, 46.068802916321488 ], [ -88.979949993697232, 46.092484556916759 ], [ -89.039227337771422, 46.116141782717079 ], [ -89.098553509636758, 46.139872252002817 ], [ -89.119232221289963, 46.148173033158912 ], [ -89.154827923869561, 46.155008970687447 ], [ -89.165325970916797, 46.156986509719616 ], [ -89.195037885090301, 46.162699399957319 ], [ -89.241156048612709, 46.171537291312916 ], [ -89.301043743673802, 46.183133970856034 ], [ -89.371820110809438, 46.196757018121843 ], [ -89.450848431310021, 46.211991393288145 ], [ -89.535369916088712, 46.228226744468657 ], [ -89.622625775159406, 46.245023618844925 ], [ -89.709881635129364, 46.261820494120457 ], [ -89.794378705113161, 46.278104673991493 ], [ -89.873455853404892, 46.29329022136659 ], [ -89.944207805745634, 46.30693768252803 ], [ -90.004071087810416, 46.318509947276198 ], [ -90.050189252232201, 46.327347837732475 ], [ -90.079901166405705, 46.333085142765128 ], [ -90.090448041244088, 46.33511151048782 ], [ -90.118499798826633, 46.340629087762181 ], [ -90.124041790895888, 46.345072447335554 ], [ -90.127166791114519, 46.350248228273074 ], [ -90.134979290761635, 46.370389829726832 ], [ -90.151580853073881, 46.397733579840803 ], [ -90.177874799382494, 46.441092955175691 ], [ -90.19506229878607, 46.469462096098823 ], [ -90.2050964782199, 46.486039244515496 ], [ -90.217303509649241, 46.498246275045517 ], [ -90.230340618924401, 46.508744322092753 ], [ -90.240033002021391, 46.513480650211818 ], [ -90.250311322209711, 46.515775572584573 ], [ -90.259906048825087, 46.516483580053148 ], [ -90.271746869122694, 46.519315610826766 ], [ -90.280047650278846, 46.523636900022893 ], [ -90.289398236139675, 46.530448424555118 ], [ -90.298675580313784, 46.532963071988149 ], [ -90.318182415985689, 46.535648619388269 ], [ -90.323797649741721, 46.540165221547738 ], [ -90.333783002283724, 46.554691588346088 ], [ -90.340838665771798, 46.557425963537355 ], [ -90.347503705131885, 46.556742369065034 ], [ -90.365130658253236, 46.549051938895843 ], [ -90.372576946768675, 46.547074399863618 ], [ -90.381024213096964, 46.546610533149533 ], [ -90.392279096303241, 46.547928893403707 ], [ -90.399017377350049, 46.550956236241291 ], [ -90.403192181374038, 46.555082213373396 ], [ -90.407366986297347, 46.565384947457346 ], [ -90.412542767234925, 46.584232603451881 ], [ -90.402825971141624, 46.599271666554159 ], [ -90.375018353414248, 46.642216002066789 ], [ -90.347161907895725, 46.685111509788328 ], [ -90.319354291067668, 46.728055846200334 ], [ -90.291522260344038, 46.771000181712964 ], [ -90.263714641717343, 46.813895689434503 ], [ -90.235907024889286, 46.856840024947189 ], [ -90.208050580270026, 46.899759947463565 ], [ -90.180218548647076, 46.942679869080678 ], [ -90.1524109309197, 46.985599790697734 ], [ -90.12457890019607, 47.02854412710974 ], [ -90.096746868573121, 47.071488463521746 ], [ -90.068939251745064, 47.114383971243228 ], [ -90.041107221021434, 47.157279478065448 ], [ -90.013299603294058, 47.200223814477454 ], [ -89.985467571671052, 47.243168149990083 ], [ -89.957635540947422, 47.286112486402089 ] ] ] } },
{ "type": "Feature", "properties": { "FEATURECLA": "Admin-1 statistical boundary", "NAME": "Illinois - Missouri", "ADM0_A3": "USA", "ADM0_NAME": "United States of America", "SHAPE_LENG": 535.81412028800003, "MAPCOLOR13": 1.0, "MAPCOLOR9": 1.0, "SOV_A3": "US1", "NAME_L": "Illinois", "NAME_R": "Missouri", "NAME_ALT_L": "IL|Ill.", "NAME_ALT_R": "MO", "NAME_LOC_L": null, "NAME_LOC_R": null, "NAME_LEN_L": 8.0, "NAME_LEN_R": 8.0, "NOTE": "US_11", "TYPE": null, "MIN_ZOOM": 2.0, "MIN_LABEL": 7.5, "SCALERANK": 2, "FCLASS_ISO": null, "FCLASS_US": null, "FCLASS_FR": null, "FCLASS_RU": null, "FCLASS_ES": null, "FCLASS_CN": null, "FCLASS_TW": null, "FCLASS_IN": null, "FCLASS_NP": null, "FCLASS_PK": null, "FCLASS_DE": null, "FCLASS_GB": null, "FCLASS_BR": null, "FCLASS_IL": null, "FCLASS_PS": null, "FCLASS_SA": null, "FCLASS_EG": null, "FCLASS_MA": null, "FCLASS_PT": null, "FCLASS_AR": null, "FCLASS_JP": null, "FCLASS_KO": null, "FCLASS_VN": null, "FCLASS_TR": null, "FCLASS_ID": null, "FCLASS_PL": null, "FCLASS_GR": null, "FCLASS_IT": null, "FCLASS_NL": null, "FCLASS_SE": null, "FCLASS_BD": null, "FCLASS_UA": null, "ne_id": 1746745093, "BRK_A3": null, "FCLASS_OSM": null, "FCLASS_TLC": null }, "geometry": { "type": "MultiLineString", "coordinates": [ [ [ -91.441815228390055, 40.379520689028539 ], [ -91.441864056181203, 40.379520689028539 ], [ -91.472943158400028, 40.358109556910506 ], [ -91.496087688795797, 40.31340740832519 ], [ -91.511224408379746, 40.262211119447556 ], [ -91.518206830181043, 40.221268735963349 ], [ -91.518939252444511, 40.174906431686452 ], [ -91.492523235758711, 40.009598814233868 ], [ -91.487127727962275, 39.994413267758091 ], [ -91.473504680696465, 39.978226744368726 ], [ -91.456536908151747, 39.962113463565458 ], [ -91.450506634573514, 39.955057799178064 ], [ -91.446038861104512, 39.947904478308999 ], [ -91.442987102572715, 39.940091977762563 ], [ -91.441375774672224, 39.931009947451116 ], [ -91.441864056181203, 39.90654705680123 ], [ -91.4501404243411, 39.877250182449927 ], [ -91.449334760390855, 39.865580260320712 ], [ -91.445037885090301, 39.858866393169478 ], [ -91.43165897767966, 39.847074399763699 ], [ -91.425116009596138, 39.833841978424516 ], [ -91.39779667427706, 39.813773619556855 ], [ -91.391424602563347, 39.803519713264109 ], [ -91.389227337571526, 39.792972838425726 ], [ -91.387225384643784, 39.769413268207757 ], [ -91.374920696732772, 39.735721861174909 ], [ -91.35507206382465, 39.710795102911675 ], [ -91.104315228165206, 39.533085142865048 ], [ -91.088616986284876, 39.518094908453236 ], [ -91.076654095610024, 39.4993937358322 ], [ -91.071942181386532, 39.477982602814848 ], [ -91.065741009639851, 39.46428631386226 ], [ -91.050897260400234, 39.452421080568399 ], [ -90.81954960303176, 39.320121274776966 ], [ -90.797332806064105, 39.30320233002351 ], [ -90.773992962705051, 39.279056821814834 ], [ -90.748211712700368, 39.242045103398766 ], [ -90.736688274843971, 39.22034100183572 ], [ -90.72992557990159, 39.200834166163816 ], [ -90.728875775196855, 39.187382017965717 ], [ -90.730633588269484, 39.159720885410536 ], [ -90.72992557990159, 39.146219908521914 ], [ -90.724456830418376, 39.133890806715328 ], [ -90.706512493956438, 39.112186705152283 ], [ -90.702630657578766, 39.101224791390962 ], [ -90.706781048606501, 39.090336119316419 ], [ -90.714520305667577, 39.078763852769555 ], [ -90.7187927670725, 39.066410337966715 ], [ -90.712542766635352, 39.053129087937009 ], [ -90.704657025301458, 39.040970885198192 ], [ -90.699285931400595, 39.024442564572666 ], [ -90.698065227628149, 39.007865416155994 ], [ -90.702630657578766, 38.99538983007659 ], [ -90.657513470969889, 38.921049009903868 ], [ -90.626532025232734, 38.890409361402874 ], [ -90.58529667410221, 38.878080260495608 ] ], [ [ -90.428265423910148, 38.967435728076396 ], [ -90.40907597067951, 38.961503110979777 ], [ -90.37487186914143, 38.943827330067222 ], [ -90.356268353002065, 38.940165221447785 ], [ -90.332733196679669, 38.938163268519986 ], [ -90.282147259688259, 38.926517760286401 ], [ -90.183563274825246, 38.882694518237429 ], [ -90.143524212672276, 38.856840024747328 ], [ -90.12724003280124, 38.830301939482922 ], [ -90.134735150007145, 38.812504088193066 ], [ -90.151409954905489, 38.787382017865809 ], [ -90.170404096072161, 38.764921080143722 ], [ -90.184954876766142, 38.755179869255528 ], [ -90.197918744354524, 38.744242369389838 ], [ -90.200604290855324, 38.719657408362707 ], [ -90.195526166399418, 38.679447447141968 ], [ -90.196478313723162, 38.638163268220239 ], [ -90.213494915857666, 38.606766783560204 ], [ -90.263787885202703, 38.542924010434717 ], [ -90.314813275012625, 38.431522643155461 ], [ -90.362957806257725, 38.369242369239942 ], [ -90.377972454565111, 38.337601743825417 ], [ -90.382000775215602, 38.300492368927678 ], [ -90.373016399587129, 38.254276548923599 ], [ -90.367523236208342, 38.238749205211604 ], [ -90.36159061911178, 38.226566588577157 ], [ -90.354681438997204, 38.216434751762336 ], [ -90.346331830049905, 38.20713299369271 ], [ -90.2911072214211, 38.169242368740299 ], [ -90.284686321916183, 38.160062681947181 ], [ -90.256512493956393, 38.136942564547667 ], [ -90.250140424041319, 38.127958188919251 ], [ -90.242791791108232, 38.112870298925145 ], [ -90.225262493569232, 38.100907408250293 ], [ -90.188055463089142, 38.083597838469473 ], [ -90.162127727912321, 38.062528501788904 ], [ -90.138031049293488, 38.037528501838892 ], [ -90.110809368657442, 38.016654478121666 ], [ -90.075408978141809, 38.007865416355855 ], [ -90.020477338058697, 37.970316587740285 ], [ -90.005047649929111, 37.962504088093169 ] ], [ [ -90.58529667410221, 38.878080260495608 ], [ -90.54198612655847, 38.89397381443996 ], [ -90.4790466738649, 38.958915220960648 ], [ -90.428265423910148, 38.967435728076396 ] ], [ [ -89.967987102822519, 37.963041197393295 ], [ -89.955291790783519, 37.960062682346916 ], [ -89.922723431041504, 37.952591978137264 ], [ -89.88873905636234, 37.931791197006135 ], [ -89.83192580523172, 37.884559739340489 ], [ -89.808074994065691, 37.871659361190552 ], [ -89.746649212790942, 37.850760924477072 ], [ -89.721942181386567, 37.837162291106836 ], [ -89.697528119427147, 37.809281431692682 ], [ -89.66896366644005, 37.754447447191922 ], [ -89.646820111159172, 37.733500181787917 ], [ -89.549578900445908, 37.697660338453829 ], [ -89.523309368932189, 37.678885924146073 ], [ -89.530755658346948, 37.666703307511625 ], [ -89.527484173855498, 37.650248228572877 ], [ -89.52040409557253, 37.631962095774099 ], [ -89.51647343140371, 37.614042174107055 ], [ -89.519110150113306, 37.597245298831467 ], [ -89.524090618986861, 37.580228696696963 ], [ -89.526971477551626, 37.562040221279176 ], [ -89.523309368932189, 37.541752135552599 ], [ -89.502215619255423, 37.50705975250554 ], [ -89.474774212659781, 37.474906431686463 ], [ -89.451141399855715, 37.440336119016649 ], [ -89.441375775071947, 37.398343931727027 ], [ -89.45863651706162, 37.362552916184086 ], [ -89.493719525135987, 37.335135924383394 ], [ -89.52308964207333, 37.306693540874164 ], [ -89.523309368932189, 37.268021665867138 ], [ -89.517987102822531, 37.264017760011598 ], [ -89.498211713399826, 37.258085142914979 ], [ -89.48981327486274, 37.254374204705755 ], [ -89.473797649641824, 37.243876158557839 ], [ -89.475506634923249, 37.230765806696581 ], [ -89.472332806014151, 37.214066587902664 ], [ -89.464154096134621, 37.197831235822832 ], [ -89.441375775071947, 37.1649699084345 ], [ -89.401483197191794, 37.120121275576366 ], [ -89.386859173911716, 37.091385924420877 ], [ -89.39357304106295, 37.062552915884339 ], [ -89.377337688983118, 37.047294126822464 ], [ -89.327166790914646, 37.014213072575217 ], [ -89.286785930626195, 37.000492368827736 ], [ -89.275140424191193, 37.000443541036589 ] ], [ [ -90.005047649929111, 37.962504088093169 ], [ -89.967987102822519, 37.963041197393295 ] ], [ [ -89.284027142438674, 37.083378110911042 ], [ -89.260125774984488, 37.083060728469832 ], [ -89.253631634692169, 37.078153502182374 ], [ -89.24945682976886, 37.054276549523138 ], [ -89.246160931381837, 37.045487485958688 ], [ -89.236785930726114, 37.038627135433956 ], [ -89.216400189417186, 37.02837322824189 ], [ -89.208636516661898, 37.021610533299452 ], [ -89.203485149619951, 37.01081951770658 ], [ -89.201141400355311, 36.999808775254735 ], [ -89.19738163525426, 36.989481627275268 ], [ -89.188153118871298, 36.980643735919671 ], [ -89.176947064355545, 36.978324400550605 ] ], [ [ -89.275140424191193, 37.000443541036589 ], [ -89.270086712731597, 37.011039244565438 ], [ -89.272943158300109, 37.026127135458921 ], [ -89.279998821788183, 37.034330260133402 ], [ -89.28908085299895, 37.040384946707889 ], [ -89.298016399936898, 37.048905454722956 ], [ -89.308831830324721, 37.071171080381021 ], [ -89.302215618755781, 37.081058775542033 ], [ -89.284027142438674, 37.083378110911042 ] ], [ [ -89.143450971185359, 36.986844908565672 ], [ -89.123699993859589, 36.979642759905403 ] ], [ [ -89.176947064355545, 36.978324400550605 ], [ -89.164617963448222, 36.980839048882956 ], [ -89.152825970941763, 36.984769713051776 ], [ -89.143450971185359, 36.986844908565672 ] ] ] } },
{ "type": "Feature", "properties": { "FEATURECLA": "Admin-1 statistical meta bounds", "NAME": "Kentucky - Missouri", "ADM0_A3": "USA", "ADM0_NAME": "United States of America", "SHAPE_LENG": 72.242973969600001, "MAPCOLOR13": 1.0, "MAPCOLOR9": 1.0, "SOV_A3": "US1", "NAME_L": "Kentucky", "NAME_R": "Missouri", "NAME_ALT_L": "Commonwealth of Kentucky|KY", "NAME_ALT_R": "MO", "NAME_LOC_L": null, "NAME_LOC_R": null, "NAME_LEN_L": 8.0, "NAME_LEN_R": 8.0, "NOTE": "US_10", "TYPE": null, "MIN_ZOOM": 2.0, "MIN_LABEL": 7.5, "SCALERANK": 2, "FCLASS_ISO": null, "FCLASS_US": null, "FCLASS_FR": null, "FCLASS_RU": null, "FCLASS_ES": null, "FCLASS_CN": null, "FCLASS_TW": null, "FCLASS_IN": null, "FCLASS_NP": null, "FCLASS_PK": null, "FCLASS_DE": null, "FCLASS_GB": null, "FCLASS_BR": null, "FCLASS_IL": null, "FCLASS_PS": null, "FCLASS_SA": null, "FCLASS_EG": null, "FCLASS_MA": null, "FCLASS_PT": null, "FCLASS_AR": null, "FCLASS_JP": null, "FCLASS_KO": null, "FCLASS_VN": null, "FCLASS_TR": null, "FCLASS_ID": null, "FCLASS_PL": null, "FCLASS_GR": null, "FCLASS_IT": null, "FCLASS_NL": null, "FCLASS_SE": null, "FCLASS_BD": null, "FCLASS_UA": null, "ne_id": 1746745097, "BRK_A3": null, "FCLASS_OSM": null, "FCLASS_TLC": null }, "geometry": { "type": "MultiLineString", "coordinates": [ [ [ -89.123699993859589, 36.979642759905403 ], [ -89.118890424053802, 36.961918150302381 ], [ -89.125433392137325, 36.918558774967494 ], [ -89.124017377200175, 36.88674725228384 ], [ -89.125433392137325, 36.876981627500072 ], [ -89.13075565824704, 36.87036541593119 ], [ -89.140252728380688, 36.861625181956583 ], [ -89.149359174386348, 36.851175962700495 ], [ -89.153387494137519, 36.839432798884559 ], [ -89.149676555928295, 36.818412290894514 ], [ -89.134539838142985, 36.783329282820148 ], [ -89.132904096346977, 36.760917173788528 ], [ -89.140618938613102, 36.734549985793194 ], [ -89.180682415561023, 36.665311704871272 ], [ -89.205389446965398, 36.607572447010796 ], [ -89.226312299373092, 36.580521666341781 ], [ -89.253314252250902, 36.569120298862686 ] ], [ [ -89.253314252250902, 36.569120298862686 ], [ -89.284539837843226, 36.577616392982122 ], [ -89.310882611043667, 36.597562682371859 ], [ -89.334832806288944, 36.620463072013138 ], [ -89.358831830224744, 36.638016783447767 ] ], [ [ -89.358831830224744, 36.638016783447767 ], [ -89.370135541222226, 36.633060728469843 ], [ -89.376336712968907, 36.627445493814491 ], [ -89.386151166443142, 36.610062682346893 ], [ -89.400408977692166, 36.572513852832003 ], [ -89.403289838055571, 36.557255063770128 ], [ -89.419061321622678, 36.51047772146967 ], [ -89.424456830318434, 36.498954282713953 ] ] ] } },
{ "type": "Feature", "properties": { "FEATURECLA": "Admin-1 statistical boundary", "NAME": "Mississippi - Louisiana", "ADM0_A3": "USA", "ADM0_NAME": "United States of America", "SHAPE_LENG": 612.99282210900003, "MAPCOLOR13": 1.0, "MAPCOLOR9": 1.0, "SOV_A3": "US1", "NAME_L": "Mississippi", "NAME_R": "Louisiana", "NAME_ALT_L": "MS|Miss.", "NAME_ALT_R": "LA", "NAME_LOC_L": null, "NAME_LOC_R": null, "NAME_LEN_L": 11.0, "NAME_LEN_R": 9.0, "NOTE": "US_9", "TYPE": null, "MIN_ZOOM": 2.0, "MIN_LABEL": 7.5, "SCALERANK": 2, "FCLASS_ISO": null, "FCLASS_US": null, "FCLASS_FR": null, "FCLASS_RU": null, "FCLASS_ES": null, "FCLASS_CN": null, "FCLASS_TW": null, "FCLASS_IN": null, "FCLASS_NP": null, "FCLASS_PK": null, "FCLASS_DE": null, "FCLASS_GB": null, "FCLASS_BR": null, "FCLASS_IL": null, "FCLASS_PS": null, "FCLASS_SA": null, "FCLASS_EG": null, "FCLASS_MA": null, "FCLASS_PT": null, "FCLASS_AR": null, "FCLASS_JP": null, "FCLASS_KO": null, "FCLASS_VN": null, "FCLASS_TR": null, "FCLASS_ID": null, "FCLASS_PL": null, "FCLASS_GR": null, "FCLASS_IT": null, "FCLASS_NL": null, "FCLASS_SE": null, "FCLASS_BD": null, "FCLASS_UA": null, "ne_id": 1746745103, "BRK_A3": null, "FCLASS_OSM": null, "FCLASS_TLC": null }, "geometry": { "type": "MultiLineString", "coordinates": [ [ [ -91.16647343080416, 33.014335142852531 ], [ -91.168158002190012, 32.981522643255346 ], [ -91.162616010120757, 32.971757018471578 ], [ -91.149212688814544, 32.964310728157557 ], [ -91.132366985747751, 32.959623227829695 ], [ -91.116619916076274, 32.957938658242483 ], [ -91.103875775346751, 32.953641782941929 ], [ -91.091278118890045, 32.943607603508099 ], [ -91.071942181386532, 32.923197447404277 ], [ -91.081781048756397, 32.905863462828506 ], [ -91.095990033113537, 32.888065611538707 ], [ -91.111151165693741, 32.874198424417727 ], [ -91.12374882215039, 32.868558774967482 ], [ -91.133343548765765, 32.858549010328545 ], [ -91.149871869391234, 32.810453306874592 ], [ -91.157269330115469, 32.770853697540076 ], [ -91.154559368819776, 32.755887877023895 ], [ -91.142181439222043, 32.747611509763317 ], [ -91.092791791208185, 32.740580260170873 ], [ -91.074871868641821, 32.72851971301435 ], [ -91.070233197004427, 32.71094158858341 ], [ -91.086199994434196, 32.68979901021612 ], [ -91.104876752260282, 32.685624205292811 ], [ -91.132366985747751, 32.684647643174173 ], [ -91.157269330115469, 32.680375181769193 ], [ -91.168158002190012, 32.666215025203257 ], [ -91.166326947430662, 32.644486509744581 ], [ -91.161004681320946, 32.625394712995615 ], [ -91.152410930719839, 32.608890807164983 ], [ -91.140814252076041, 32.594828307080661 ], [ -91.130682416160539, 32.587699400107226 ], [ -91.106732220915262, 32.57468670472764 ], [ -91.099237102810037, 32.56689861897604 ], [ -91.097088665609419, 32.555131041264531 ], [ -91.100042766760282, 32.543168149690359 ], [ -91.10443729944177, 32.531986509969443 ], [ -91.106683392224738, 32.522513852832049 ], [ -91.108758587738635, 32.48147381376549 ], [ -91.105194134701549, 32.465116393107053 ], [ -91.093035931063355, 32.450834166163816 ], [ -91.059735149957191, 32.433866392719835 ], [ -91.028900189392232, 32.422904478059195 ], [ -91.006243938706803, 32.404325376714723 ], [ -90.997430463045418, 32.364554869211815 ], [ -90.990496869035269, 32.357206236278785 ], [ -90.974041790995841, 32.351761899791825 ], [ -90.939080853298719, 32.347196470740528 ], [ -90.916546673889854, 32.33984783780744 ], [ -90.909832805839301, 32.324320494095502 ], [ -90.913226360707938, 32.310062681947215 ], [ -90.921087689045578, 32.30684002524697 ], [ -90.921087689045578, 32.300004087718435 ], [ -90.966522259894361, 32.261649596051996 ], [ -90.997967572345544, 32.197953307199327 ], [ -91.032293744260869, 32.147538268376366 ] ], [ [ -91.032293744260869, 32.147538268376366 ], [ -91.086199994434196, 32.149198424068004 ] ], [ [ -91.086199994434196, 32.149198424068004 ], [ -91.095428509917781, 32.141337095730364 ], [ -91.099115033332112, 32.131034360747151 ], [ -91.099627727837344, 32.121146666485458 ], [ -91.099237102810037, 32.114408385438594 ], [ -91.068914837649629, 32.084720885160721 ], [ -91.069158978404118, 32.048197447354312 ], [ -91.091424603162864, 32.014115416193476 ], [ -91.127166790914657, 31.991532408094145 ], [ -91.158392377406301, 31.983256040833624 ], [ -91.168158002190012, 31.977860533037131 ], [ -91.175994915732758, 31.969022643480173 ], [ -91.185760541415846, 31.948392760517436 ], [ -91.192327924294261, 31.940018735875924 ], [ -91.23820194706218, 31.894388852963175 ], [ -91.257489055875226, 31.881669127028545 ], [ -91.27665409610961, 31.875541196968641 ], [ -91.318768352877157, 31.867533385257502 ], [ -91.33602909576615, 31.858085142915002 ], [ -91.351336712619172, 31.840726744443657 ], [ -91.360662884584428, 31.823270689490698 ], [ -91.373602338277294, 31.786088072006919 ], [ -91.404168744192191, 31.738382994479593 ], [ -91.4083435491155, 31.720902524731684 ], [ -91.40983280573937, 31.701175963100184 ], [ -91.428826946906042, 31.614750181875365 ], [ -91.429534955273937, 31.590824400525662 ], [ -91.434539838043065, 31.580082212723937 ], [ -91.435662885333898, 31.573197447404254 ], [ -91.505853313579564, 31.530008971137079 ], [ -91.528949017083448, 31.500614439404842 ], [ -91.524408001927725, 31.45713299369271 ], [ -91.520111126627171, 31.449686705177271 ], [ -91.509979290711669, 31.438187682115824 ], [ -91.497332805564497, 31.417142760230206 ], [ -91.495574994290564, 31.411258970924735 ], [ -91.497088665709327, 31.391630063976265 ], [ -91.499237102909944, 31.382767760523734 ], [ -91.508612102666405, 31.373661314518017 ], [ -91.522283977723362, 31.309012877442342 ], [ -91.52880253281063, 31.293485532831028 ], [ -91.541033978135545, 31.282523619069764 ], [ -91.562274212984505, 31.278348814146455 ] ], [ [ -91.562274212984505, 31.278348814146455 ], [ -91.609442181211648, 31.280008970737413 ] ], [ [ -91.609442181211648, 31.280008970737413 ], [ -91.63295292363847, 31.278275572459677 ], [ -91.647918744154708, 31.271537291412869 ], [ -91.649578899846347, 31.255399595814652 ], [ -91.639202924075676, 31.235233580465319 ], [ -91.623602337777641, 31.217997252371276 ], [ -91.609759563652915, 31.210697447229393 ], [ -91.604632611405862, 31.205521666291872 ], [ -91.606463666165268, 31.194242369189965 ], [ -91.610760540566503, 31.183475768391986 ], [ -91.613153119420929, 31.179667173701091 ], [ -91.615789838130524, 31.168827330317015 ], [ -91.626361126864481, 31.151420103155203 ], [ -91.627459760259683, 31.141825377439204 ], [ -91.615765424234894, 31.113773618957339 ], [ -91.585223431316308, 31.081888852788325 ], [ -91.579022259569626, 31.056156432373427 ], [ -91.657342571702316, 31.000223814477408 ] ], [ [ -91.439959759735132, 31.000223814477408 ], [ -91.325506634823341, 31.000174985786941 ] ], [ [ -91.657342571702316, 31.000223814477408 ], [ -91.65143436940059, 31.000223814477408 ], [ -91.605096478119947, 31.000223814477408 ], [ -91.585052533147859, 31.000223814477408 ], [ -91.528265424409767, 31.000223814477408 ], [ -91.439959759735132, 31.000223814477408 ] ], [ [ -91.190081829712653, 31.000174985786941 ], [ -91.038958782721636, 31.000150571891368 ] ], [ [ -91.325506634823341, 31.000174985786941 ], [ -91.190081829712653, 31.000174985786941 ] ], [ [ -89.980902141720435, 31.000150571891368 ], [ -89.89266972143048, 31.000101744100164 ] ], [ [ -91.038958782721636, 31.000150571891368 ], [ -90.877313274787809, 31.000150571891368 ], [ -90.710467572020832, 31.000150571891368 ], [ -90.543597455358281, 31.000150571891368 ], [ -90.381951947424398, 31.000150571891368 ], [ -90.356884444361583, 31.000150571891368 ], [ -90.230780071742913, 31.000150571891368 ], [ -90.095355266632225, 31.000150571891368 ], [ -89.980902141720435, 31.000150571891368 ] ], [ [ -89.735272260106683, 31.000101744100164 ], [ -89.732196087679313, 30.985160338378876 ], [ -89.738958782621694, 30.95041912754067 ], [ -89.751971478001281, 30.914530455516115 ], [ -89.775164837986893, 30.87778729085079 ], [ -89.790814252076075, 30.81968182185858 ], [ -89.815643352958375, 30.794144713507706 ], [ -89.824530072105119, 30.777030454891587 ], [ -89.818133588294472, 30.7582316266882 ], [ -89.837225385043439, 30.722147643498943 ], [ -89.844647259663304, 30.700419127141004 ], [ -89.846063274600397, 30.68249920547396 ], [ -89.836224408129908, 30.667533384957721 ], [ -89.820843548690789, 30.652152525518602 ], [ -89.812982221252469, 30.634891783528985 ], [ -89.825604290705428, 30.614237485771355 ], [ -89.79945682956901, 30.565873228566602 ], [ -89.78400272844317, 30.552152524819121 ], [ -89.752069135382271, 30.541361510125569 ], [ -89.735784954611972, 30.531473814065237 ], [ -89.722332806413874, 30.500419127540681 ], [ -89.694183392349657, 30.483304868924563 ], [ -89.677606243932985, 30.456840025346878 ], [ -89.674749799263793, 30.44973553316828 ], [ -89.674041790895899, 30.441215025153269 ], [ -89.675531049318465, 30.423466002553937 ], [ -89.674749799263793, 30.414994322330074 ], [ -89.668084759903707, 30.399149596176926 ], [ -89.639373821744471, 30.360355649893336 ], [ -89.634588665834258, 30.343436705139823 ], [ -89.63627323632079, 30.302347838282117 ], [ -89.617108196985669, 30.273246275095516 ], [ -89.587884564321143, 30.212137877161297 ], [ -89.56488651729893, 30.189066588452249 ] ], [ [ -89.89266972143048, 31.000101744100164 ], [ -89.835858196998174, 31.000101744100164 ], [ -89.815789838130513, 31.000101744100164 ], [ -89.772772260031729, 31.000101744100164 ], [ -89.735272260106683, 31.000101744100164 ] ], [ [ -89.544842572326843, 30.2032999858057 ], [ -89.532489055725307, 30.200004088317996 ], [ -89.525979924633816, 30.192788447129089 ] ], [ [ -89.56488651729893, 30.189066588452249 ], [ -89.556829876897268, 30.19944256422292 ], [ -89.544842572326843, 30.2032999858057 ] ] ] } },
{ "type": "Feature", "properties": { "FEATURECLA": "Admin-1 statistical boundary", "NAME": "Mississippi - Arkansas", "ADM0_A3": "USA", "ADM0_NAME": "United States of America", "SHAPE_LENG": 318.91688557399999, "MAPCOLOR13": 1.0, "MAPCOLOR9": 1.0, "SOV_A3": "US1", "NAME_L": "Mississippi", "NAME_R": "Arkansas", "NAME_ALT_L": "MS|Miss.", "NAME_ALT_R": "AR|Ark.", "NAME_LOC_L": null, "NAME_LOC_R": null, "NAME_LEN_L": 11.0, "NAME_LEN_R": 8.0, "NOTE": "US_8", "TYPE": null, "MIN_ZOOM": 2.0, "MIN_LABEL": 7.5, "SCALERANK": 2, "FCLASS_ISO": null, "FCLASS_US": null, "FCLASS_FR": null, "FCLASS_RU": null, "FCLASS_ES": null, "FCLASS_CN": null, "FCLASS_TW": null, "FCLASS_IN": null, "FCLASS_NP": null, "FCLASS_PK": null, "FCLASS_DE": null, "FCLASS_GB": null, "FCLASS_BR": null, "FCLASS_IL": null, "FCLASS_PS": null, "FCLASS_SA": null, "FCLASS_EG": null, "FCLASS_MA": null, "FCLASS_PT": null, "FCLASS_AR": null, "FCLASS_JP": null, "FCLASS_KO": null, "FCLASS_VN": null, "FCLASS_TR": null, "FCLASS_ID": null, "FCLASS_PL": null, "FCLASS_GR": null, "FCLASS_IT": null, "FCLASS_NL": null, "FCLASS_SE": null, "FCLASS_BD": null, "FCLASS_UA": null, "ne_id": 1746745107, "BRK_A3": null, "FCLASS_OSM": null, "FCLASS_TLC": null }, "geometry": { "type": "MultiLineString", "coordinates": [ [ [ -90.304217572383038, 35.000077330304521 ], [ -90.301239056437282, 34.995658385526042 ], [ -90.270623821831919, 34.965262876880217 ], [ -90.271795696913841, 34.923050962731736 ], [ -90.305413861360591, 34.88896893247022 ], [ -90.352362102728819, 34.86406658810256 ], [ -90.463885541284697, 34.827933775323459 ], [ -90.475457806032921, 34.815043150321117 ], [ -90.47118534642658, 34.797709165745403 ], [ -90.459832805839312, 34.77778729115056 ], [ -90.454730266588513, 34.759305846287759 ], [ -90.469232221289985, 34.746146665736035 ], [ -90.478241009914655, 34.737504088243043 ], [ -90.499676555928318, 34.73213299434218 ] ], [ [ -90.499676555928318, 34.73213299434218 ], [ -90.522186322340872, 34.732963072187999 ], [ -90.541229291298748, 34.743046080312354 ] ], [ [ -90.541229291298748, 34.743046080312354 ], [ -90.553680462583259, 34.7399943217805 ], [ -90.56798710342207, 34.719852721226061 ], [ -90.58529667410221, 34.684696471464974 ], [ -90.593866009908425, 34.642338072144298 ], [ -90.576068157719305, 34.573514830145257 ], [ -90.586492963079763, 34.48901776016146 ], [ -90.586053510261252, 34.454374204905605 ], [ -90.593963666390096, 34.425052915759409 ], [ -90.626263470582671, 34.396097837745003 ], [ -90.662860150075858, 34.379471861537183 ], [ -90.685760540616457, 34.372342955463012 ], [ -90.727533001946483, 34.368265807021373 ] ], [ [ -90.727533001946483, 34.368265807021373 ], [ -90.738836712943908, 34.369071470971562 ], [ -90.746991009827241, 34.372806822177097 ], [ -90.759368939424974, 34.38069256441031 ] ], [ [ -90.759368939424974, 34.38069256441031 ], [ -90.763909954580697, 34.375443540886693 ], [ -90.764080852749146, 34.366385924470819 ], [ -90.760955853429891, 34.352225767904827 ], [ -90.751947063905845, 34.333402524906603 ], [ -90.750408977692132, 34.320975768416986 ], [ -90.753802532560826, 34.31289471322043 ], [ -90.767767377062796, 34.294193541498714 ], [ -90.77089237728137, 34.284061705583213 ], [ -90.775213665578178, 34.279740416387085 ] ], [ [ -90.775213665578178, 34.279740416387085 ], [ -90.785052532948043, 34.281449399869871 ], [ -90.801287885027875, 34.287455260451907 ] ], [ [ -90.801287885027875, 34.287455260451907 ], [ -90.814569135057525, 34.287406431761383 ], [ -90.821160930932194, 34.285648618688754 ], [ -90.825579876609993, 34.27961834600984 ], [ -90.864276166411912, 34.206278501851386 ], [ -90.877020306242116, 34.198075377176906 ], [ -90.892913861085788, 34.193070494407777 ], [ -90.942327923894538, 34.16758221294873 ], [ -90.955877727674988, 34.157108579797125 ], [ -90.954925580351244, 34.12881268235941 ], [ -90.882440227934126, 34.09946697841832 ], [ -90.880145305561371, 34.060917173788539 ], [ -90.892987102772565, 34.04319256418546 ], [ -90.909222454852397, 34.035306821952247 ], [ -90.928973431278791, 34.033378110711226 ] ], [ [ -90.928973431278791, 34.033378110711226 ], [ -90.95245975981004, 34.033573424573888 ] ], [ [ -90.95245975981004, 34.033573424573888 ], [ -90.975189252182247, 34.030424010459683 ], [ -91.018073761195126, 34.011873268336672 ], [ -91.030950971010498, 34.006302916146637 ], [ -91.084637494324909, 33.996683774736368 ], [ -91.093035931063355, 33.98953045476668 ], [ -91.089080852998961, 33.975712096336167 ], [ -91.079071088360024, 33.968949400494409 ], [ -91.065838666121522, 33.964481627025464 ], [ -91.052069134582894, 33.957865416355844 ], [ -91.035614055644146, 33.930472838450726 ], [ -91.050262493719117, 33.906205259864805 ], [ -91.069256634885789, 33.883671080455997 ], [ -91.062957805758117, 33.849491392813491 ], [ -91.051580853073915, 33.833451352797681 ], [ -91.0454285100177, 33.814506041220795 ], [ -91.058294721124469, 33.79338787674908 ], [ -91.068280071867832, 33.789603696853135 ], [ -91.095208783058865, 33.78862713473444 ], [ -91.106683392224738, 33.786576353116175 ], [ -91.116424603112932, 33.780472837851164 ], [ -91.137518352789755, 33.76289471342028 ], [ -91.144232220840308, 33.759257017797097 ], [ -91.153118939087733, 33.752079283032458 ], [ -91.192327924294261, 33.708060728020143 ], [ -91.210565228402572, 33.696976743881578 ], [ -91.225921673946061, 33.68989666649793 ], [ -91.228680463032902, 33.680741392701066 ], [ -91.209100384774899, 33.663675962775415 ], [ -91.16764530588614, 33.646683775435861 ], [ -91.15167851025501, 33.633402525406211 ], [ -91.14767460260083, 33.608451353247347 ], [ -91.156463666165223, 33.587504087843342 ], [ -91.173675580363749, 33.577518736200716 ], [ -91.195867963435774, 33.574442563773289 ], [ -91.219647259613339, 33.57427166650416 ], [ -91.235418744079766, 33.566849790985032 ], [ -91.23092655581587, 33.550394712945604 ], [ -91.215765424134986, 33.533939634906233 ], [ -91.199481244264007, 33.52646893249522 ], [ -91.180804486437864, 33.520756041358197 ], [ -91.16095585263048, 33.507181821883535 ], [ -91.127166790914657, 33.478080260495631 ], [ -91.12616581400107, 33.460062682346916 ], [ -91.125238079673636, 33.431034360847036 ], [ -91.128680463232797, 33.401566588327341 ], [ -91.134002728443136, 33.382523619369522 ], [ -91.171356244095364, 33.34145916640739 ], [ -91.182098430997769, 33.320023619494407 ], [ -91.168158002190012, 33.300541196818756 ], [ -91.157269330115469, 33.29883221333597 ], [ -91.126239055687847, 33.289237485821275 ], [ -91.112908977866994, 33.280082212923787 ], [ -91.107586712656655, 33.267826352803922 ], [ -91.106683392224738, 33.218021665867184 ], [ -91.095477337708928, 33.18472088476102 ], [ -91.093060345858248, 33.167460142771347 ], [ -91.099237102810037, 33.149735533168325 ], [ -91.112152141707952, 33.143143736394279 ], [ -91.133148235802423, 33.138041197143536 ], [ -91.152703900164852, 33.131058775342183 ], [ -91.16129764986664, 33.118705260539343 ], [ -91.16647343080416, 33.014335142852531 ] ] ] } },
{ "type": "Feature", "properties": { "FEATURECLA": "Admin-1 statistical boundary", "NAME": "Tennessee - Arkansas", "ADM0_A3": "USA", "ADM0_NAME": "United States of America", "SHAPE_LENG": 167.12461080700001, "MAPCOLOR13": 1.0, "MAPCOLOR9": 1.0, "SOV_A3": "US1", "NAME_L": "Tennessee", "NAME_R": "Arkansas", "NAME_ALT_L": "TN|Tenn.", "NAME_ALT_R": "AR|Ark.", "NAME_LOC_L": null, "NAME_LOC_R": null, "NAME_LEN_L": 9.0, "NAME_LEN_R": 8.0, "NOTE": "US_7", "TYPE": null, "MIN_ZOOM": 2.0, "MIN_LABEL": 7.5, "SCALERANK": 2, "FCLASS_ISO": null, "FCLASS_US": null, "FCLASS_FR": null, "FCLASS_RU": null, "FCLASS_ES": null, "FCLASS_CN": null, "FCLASS_TW": null, "FCLASS_IN": null, "FCLASS_NP": null, "FCLASS_PK": null, "FCLASS_DE": null, "FCLASS_GB": null, "FCLASS_BR": null, "FCLASS_IL": null, "FCLASS_PS": null, "FCLASS_SA": null, "FCLASS_EG": null, "FCLASS_MA": null, "FCLASS_PT": null, "FCLASS_AR": null, "FCLASS_JP": null, "FCLASS_KO": null, "FCLASS_VN": null, "FCLASS_TR": null, "FCLASS_ID": null, "FCLASS_PL": null, "FCLASS_GR": null, "FCLASS_IT": null, "FCLASS_NL": null, "FCLASS_SE": null, "FCLASS_BD": null, "FCLASS_UA": null, "ne_id": 1746745111, "BRK_A3": null, "FCLASS_OSM": null, "FCLASS_TLC": null }, "geometry": { "type": "MultiLineString", "coordinates": [ [ [ -89.723846477832694, 36.000492369027597 ], [ -89.725555463114119, 35.993314635162278 ], [ -89.707000774765902, 35.96772869722156 ], [ -89.680682416360412, 35.945804868799655 ], [ -89.667303509849091, 35.915238462884759 ], [ -89.674041790895899, 35.896293150408553 ] ], [ [ -89.674041790895899, 35.896293150408553 ], [ -89.689447064230592, 35.89961346269115 ], [ -89.718841595962886, 35.918632017753396 ] ], [ [ -89.718841595962886, 35.918632017753396 ], [ -89.740741009589897, 35.916312682384387 ], [ -89.759539837793284, 35.908915220760832 ], [ -89.774310346245443, 35.896195493926882 ], [ -89.78400272844317, 35.877640807377361 ], [ -89.757782024720655, 35.867386900185295 ], [ -89.731048627392227, 35.85178631388726 ], [ -89.722113079554958, 35.833451353297278 ], [ -89.785003705356701, 35.790824400225858 ], [ -89.937884563621708, 35.736332212961258 ], [ -89.951898235914825, 35.722953307349258 ], [ -89.952899212828413, 35.705106627368934 ], [ -89.937933392312175, 35.681840024797282 ], [ -89.909832806039162, 35.652152525418671 ], [ -89.910076946793652, 35.639066588352364 ], [ -89.927996869360015, 35.623197447404266 ], [ -89.94476932984071, 35.611869322511211 ], [ -89.951336712719126, 35.602543150545955 ], [ -89.947015424422261, 35.590824399726273 ], [ -89.931414838124283, 35.572294127072269 ], [ -89.917913861235718, 35.548002135490151 ], [ -89.928241010114505, 35.535477720720223 ], [ -89.951214642341881, 35.530179869405401 ], [ -89.975799603368955, 35.52759197848701 ], [ -90.000018353264352, 35.521927916040454 ], [ -90.012323041175364, 35.51162518195656 ], [ -90.016790813745047, 35.494730650199301 ], [ -90.017376751735696, 35.469242368740311 ], [ -90.022308391918727, 35.452714049014105 ], [ -90.034417766866454, 35.436332213560775 ], [ -90.049823041100467, 35.421830259758678 ], [ -90.103070110697047, 35.385550962706759 ], [ -90.115252728230814, 35.36958416617631 ], [ -90.119793744285857, 35.346366393194444 ], [ -90.118328899758922, 35.300736510281695 ], [ -90.114324993903324, 35.280521666241896 ], [ -90.09464726006297, 35.2309855330559 ], [ -90.084588665834247, 35.188968931870704 ], [ -90.085345501993288, 35.148343931727027 ], [ -90.106146283124474, 35.123539243841037 ] ], [ [ -90.106146283124474, 35.123539243841037 ], [ -90.126458782746624, 35.124662291131813 ], [ -90.153826946756169, 35.130375182268835 ] ], [ [ -90.153826946756169, 35.130375182268835 ], [ -90.177777142001503, 35.129935728551004 ], [ -90.188055463089142, 35.112650571766437 ], [ -90.19027714197648, 35.093094908303328 ], [ -90.196795697063749, 35.075882994104859 ], [ -90.207464642279376, 35.060795103211433 ], [ -90.222210735936699, 35.04780682172742 ], [ -90.25900272839317, 35.030716977906195 ], [ -90.282684368988441, 35.023050963431217 ], [ -90.30162968056527, 35.019877135421439 ], [ -90.312664837812008, 35.012479673797884 ], [ -90.304217572383038, 35.000077330304521 ] ] ] } },
{ "type": "Feature", "properties": { "FEATURECLA": "Admin-1 statistical meta bounds", "NAME": "Tennessee - Kentucky", "ADM0_A3": "USA", "ADM0_NAME": "United States of America", "SHAPE_LENG": 7.2926342862300002, "MAPCOLOR13": 1.0, "MAPCOLOR9": 1.0, "SOV_A3": "US1", "NAME_L": "Tennessee", "NAME_R": "Kentucky", "NAME_ALT_L": "TN|Tenn.", "NAME_ALT_R": "Commonwealth of Kentucky|KY", "NAME_LOC_L": null, "NAME_LOC_R": null, "NAME_LEN_L": 9.0, "NAME_LEN_R": 8.0, "NOTE": "US_6", "TYPE": null, "MIN_ZOOM": 2.0, "MIN_LABEL": 7.5, "SCALERANK": 2, "FCLASS_ISO": null, "FCLASS_US": null, "FCLASS_FR": null, "FCLASS_RU": null, "FCLASS_ES": null, "FCLASS_CN": null, "FCLASS_TW": null, "FCLASS_IN": null, "FCLASS_NP": null, "FCLASS_PK": null, "FCLASS_DE": null, "FCLASS_GB": null, "FCLASS_BR": null, "FCLASS_IL": null, "FCLASS_PS": null, "FCLASS_SA": null, "FCLASS_EG": null, "FCLASS_MA": null, "FCLASS_PT": null, "FCLASS_AR": null, "FCLASS_JP": null, "FCLASS_KO": null, "FCLASS_VN": null, "FCLASS_TR": null, "FCLASS_ID": null, "FCLASS_PL": null, "FCLASS_GR": null, "FCLASS_IT": null, "FCLASS_NL": null, "FCLASS_SE": null, "FCLASS_BD": null, "FCLASS_UA": null, "ne_id": 1746745115, "BRK_A3": null, "FCLASS_OSM": null, "FCLASS_TLC": null }, "geometry": { "type": "LineString", "coordinates": [ [ -89.494378704813357, 36.501420103255157 ], [ -89.559881635429122, 36.500150571691506 ] ] } },
{ "type": "Feature", "properties": { "FEATURECLA": "Admin-1 statistical boundary", "NAME": "California - Nevada", "ADM0_A3": "USA", "ADM0_NAME": "United States of America", "SHAPE_LENG": 949.09108644599996, "MAPCOLOR13": 1.0, "MAPCOLOR9": 1.0, "SOV_A3": "US1", "NAME_L": "California", "NAME_R": "Nevada", "NAME_ALT_L": "CA|Calif.", "NAME_ALT_R": "NV|Nev.", "NAME_LOC_L": null, "NAME_LOC_R": null, "NAME_LEN_L": 10.0, "NAME_LEN_R": 6.0, "NOTE": "US_1", "TYPE": null, "MIN_ZOOM": 2.0, "MIN_LABEL": 7.5, "SCALERANK": 2, "FCLASS_ISO": null, "FCLASS_US": null, "FCLASS_FR": null, "FCLASS_RU": null, "FCLASS_ES": null, "FCLASS_CN": null, "FCLASS_TW": null, "FCLASS_IN": null, "FCLASS_NP": null, "FCLASS_PK": null, "FCLASS_DE": null, "FCLASS_GB": null, "FCLASS_BR": null, "FCLASS_IL": null, "FCLASS_PS": null, "FCLASS_SA": null, "FCLASS_EG": null, "FCLASS_MA": null, "FCLASS_PT": null, "FCLASS_AR": null, "FCLASS_JP": null, "FCLASS_KO": null, "FCLASS_VN": null, "FCLASS_TR": null, "FCLASS_ID": null, "FCLASS_PL": null, "FCLASS_GR": null, "FCLASS_IT": null, "FCLASS_NL": null, "FCLASS_SE": null, "FCLASS_BD": null, "FCLASS_UA": null, "ne_id": 1746745121, "BRK_A3": null, "FCLASS_OSM": null, "FCLASS_TLC": null }, "geometry": { "type": "LineString", "coordinates": [ [ -114.62821659631885, 35.003568540755509 ], [ -114.814251752316466, 35.146439635280899 ], [ -115.000018352764755, 35.28906658815248 ], [ -115.193792766722765, 35.437845884979595 ], [ -115.374261516755553, 35.579545103523685 ], [ -115.534930462570742, 35.705716978355838 ], [ -115.695599408385988, 35.831913267982884 ], [ -115.856268353301857, 35.958085142815094 ], [ -116.016912885221473, 36.084257018546566 ], [ -116.177581830137342, 36.210428893378719 ], [ -116.338250775053211, 36.336600768210872 ], [ -116.498895306073507, 36.462748228248131 ], [ -116.659539837993123, 36.588920103080284 ], [ -116.842865032695101, 36.726713072250448 ], [ -117.026214642191974, 36.864506041420668 ], [ -117.209564251688846, 37.002347838382036 ], [ -117.392889447290145, 37.1401408075522 ], [ -117.57619022809655, 37.277933774923724 ], [ -117.759539837593422, 37.415751157989519 ], [ -117.942889447090295, 37.553544127159739 ], [ -118.126214641792274, 37.691337096329903 ], [ -118.360443157725513, 37.854813658123817 ], [ -118.594671673658809, 38.018314634712624 ], [ -118.828900188692728, 38.181791197405801 ], [ -119.063104290730394, 38.345267760099034 ], [ -119.29733280576437, 38.508768735788522 ], [ -119.531561321697609, 38.672269713276648 ], [ -119.765789837630848, 38.835746275070505 ], [ -120.000018352664824, 38.999222837763739 ], [ -120.000116010045815, 39.013236510056856 ], [ -120.000116010045815, 39.068632017753373 ], [ -120.000140423941389, 39.251810728182534 ], [ -120.000189251732536, 39.435013853406588 ], [ -120.00023808042306, 39.618168149940118 ], [ -120.000262494318633, 39.801346861268598 ], [ -120.000286908214207, 39.984525571697759 ], [ -120.000335736005411, 40.167728696921813 ], [ -120.000408977692132, 40.350882994354663 ], [ -120.000408977692132, 40.534061704783824 ], [ -120.000457806382656, 40.717264830007878 ], [ -120.000506635073123, 40.900443541336358 ], [ -120.00055546286427, 41.083622251765462 ], [ -120.0005798767599, 41.266776549198369 ], [ -120.000604290655474, 41.449979674422423 ], [ -120.000653119345941, 41.633158384851583 ], [ -120.000726361032719, 41.816337096180007 ], [ -120.000750774928292, 41.999540221404061 ] ] } },
{ "type": "Feature", "properties": { "FEATURECLA": "Admin-1 boundary", "NAME": "Missouri - Kansas", "ADM0_A3": "USA", "ADM0_NAME": "United States of America", "SHAPE_LENG": 364.828138529, "MAPCOLOR13": 1.0, "MAPCOLOR9": 1.0, "SOV_A3": "US1", "NAME_L": "Missouri", "NAME_R": "Kansas", "NAME_ALT_L": "MO", "NAME_ALT_R": "KS|Kans.", "NAME_LOC_L": null, "NAME_LOC_R": null, "NAME_LEN_L": 8.0, "NAME_LEN_R": 6.0, "NOTE": "US_85", "TYPE": null, "MIN_ZOOM": 2.0, "MIN_LABEL": 7.5, "SCALERANK": 2, "FCLASS_ISO": null, "FCLASS_US": null, "FCLASS_FR": null, "FCLASS_RU": null, "FCLASS_ES": null, "FCLASS_CN": null, "FCLASS_TW": null, "FCLASS_IN": null, "FCLASS_NP": null, "FCLASS_PK": null, "FCLASS_DE": null, "FCLASS_GB": null, "FCLASS_BR": null, "FCLASS_IL": null, "FCLASS_PS": null, "FCLASS_SA": null, "FCLASS_EG": null, "FCLASS_MA": null, "FCLASS_PT": null, "FCLASS_AR": null, "FCLASS_JP": null, "FCLASS_KO": null, "FCLASS_VN": null, "FCLASS_TR": null, "FCLASS_ID": null, "FCLASS_PL": null, "FCLASS_GR": null, "FCLASS_IT": null, "FCLASS_NL": null, "FCLASS_SE": null, "FCLASS_BD": null, "FCLASS_UA": null, "ne_id": 1746745125, "BRK_A3": null, "FCLASS_OSM": null, "FCLASS_TLC": null }, "geometry": { "type": "MultiLineString", "coordinates": [ [ [ -95.317254680658948, 40.000101744100164 ], [ -95.260467571920913, 39.959696470815459 ], [ -95.247406048750122, 39.944242368790242 ], [ -95.236175580338738, 39.94165447787185 ], [ -95.223553509986459, 39.940091977762563 ], [ -95.214715618630862, 39.936966978443252 ], [ -95.208050580170095, 39.928446471327561 ], [ -95.204217571583627, 39.920096861480943 ], [ -95.199676556427903, 39.912601744275037 ], [ -95.190838665971626, 39.90654705680123 ], [ -95.182122845892593, 39.904496275182908 ], [ -95.161297649966571, 39.902689635218451 ], [ -95.149871868591845, 39.899125182181365 ], [ -95.138909954830524, 39.892777525262545 ], [ -95.112298626980021, 39.868680845744393 ], [ -95.091180463407625, 39.860721860925139 ] ], [ [ -94.961175579989003, 39.90654705680123 ], [ -94.94818729940431, 39.901395688859907 ], [ -94.941375774872085, 39.889408385188801 ], [ -94.941864056381064, 39.875712096236214 ], [ -94.95060429125499, 39.865580260320712 ], [ -94.935833782802831, 39.851664244509266 ], [ -94.891644329622068, 39.831180845819347 ], [ -94.882342571552442, 39.820902524731707 ], [ -94.883367963260866, 39.810648619338281 ], [ -94.888128705275506, 39.791019713289131 ], [ -94.889178509980241, 39.779642759705553 ], [ -94.885443157875443, 39.767435728276212 ], [ -94.878021283255578, 39.76030682220204 ], [ -94.872625774559822, 39.753397642986783 ], [ -94.874896283037003, 39.742069518093786 ], [ -94.890838665671879, 39.729593932014325 ] ], [ [ -95.091180463407625, 39.860721860925139 ], [ -95.067816205253678, 39.865555846425138 ], [ -95.04684452505478, 39.876151549054725 ], [ -95.016815228440009, 39.896488463471769 ], [ -95.001873821819402, 39.902884947282473 ], [ -94.984613079829728, 39.905839049332656 ], [ -94.961175579989003, 39.90654705680123 ] ], [ [ -94.890838665671879, 39.729593932014325 ], [ -94.912908978366659, 39.7309855330559 ], [ -94.961175579989003, 39.742069518093786 ] ], [ [ -94.961175579989003, 39.742069518093786 ], [ -94.96935429076791, 39.738724791016296 ], [ -94.974725384668773, 39.730546080237389 ], [ -94.977655071924005, 39.720389830426313 ], [ -94.980633587869761, 39.695975768466894 ], [ -94.986468549384028, 39.689628111548075 ], [ -94.995159954668168, 39.686405454847829 ], [ -95.005853313779369, 39.680619322024086 ], [ -95.03773807994844, 39.655863462828506 ], [ -95.053656048687685, 39.638846860694059 ], [ -95.06046757232059, 39.621659361290483 ], [ -95.059393352820962, 39.600101744000256 ], [ -95.060223430666781, 39.588944518174969 ], [ -95.063885541084858, 39.580692563910645 ], [ -95.075140424291135, 39.574930845881795 ], [ -95.101678509555541, 39.573710143008668 ], [ -95.108905072111384, 39.570756040958486 ], [ -95.110540813907392, 39.550345884854664 ], [ -95.098822063987029, 39.530228697296536 ], [ -95.080828899733945, 39.514823423961843 ], [ -95.063885541084858, 39.508695493901882 ], [ -95.057733197129323, 39.501127135009256 ], [ -95.035467572370521, 39.465507018534083 ], [ -95.025726360583064, 39.454081236260038 ], [ -95.017767376663073, 39.450101744300014 ], [ -94.999334759591477, 39.443583189212802 ], [ -94.957440227884206, 39.419950377308055 ], [ -94.953680462783097, 39.413993346315863 ], [ -94.948480267050684, 39.398148619263338 ], [ -94.943792766722765, 39.392631041089658 ], [ -94.89970097092305, 39.385184752574276 ], [ -94.908587689170474, 39.367020689253366 ], [ -94.900994916382274, 39.327152525268787 ], [ -94.879022260169165, 39.287259947388634 ], [ -94.844769329940618, 39.269120298862674 ], [ -94.835052532947998, 39.259476744456151 ], [ -94.833856243970445, 39.238382993880066 ], [ -94.829583782565521, 39.217289244203243 ], [ -94.810638470988636, 39.207670102792974 ], [ -94.79044804084441, 39.20278729130041 ], [ -94.746234173768073, 39.179886899860492 ], [ -94.724066204591622, 39.172904478059195 ] ], [ [ -94.693158002339942, 39.173783385494801 ], [ -94.678216595719277, 39.172513853031887 ] ], [ [ -94.724066204591622, 39.172904478059195 ], [ -94.693158002339942, 39.173783385494801 ] ], [ [ -94.668109173699406, 39.173270689190929 ], [ -94.663226361307522, 39.172904478059195 ], [ -94.658148235952297, 39.169852721325981 ], [ -94.655950970960532, 39.161063657761588 ], [ -94.652703900364713, 39.159257017797131 ], [ -94.628900189392198, 39.157718932482737 ], [ -94.612542766935121, 39.15281170529596 ], [ -94.610467572320601, 39.144340025072097 ], [ -94.624627727987217, 39.132499204774433 ], [ -94.623284954736846, 39.130887876873999 ], [ -94.623284954736846, 39.128007018309233 ], [ -94.622259563927742, 39.124491393063295 ], [ -94.617742962667592, 39.123148618913604 ], [ -94.617742962667592, 39.11619061100788 ], [ -94.617742962667592, 39.042997252021564 ], [ -94.617742962667592, 38.915336118766845 ], [ -94.617767376563165, 38.787601743825405 ], [ -94.617816205253632, 38.659916197574432 ], [ -94.617816205253632, 38.532181821733673 ], [ -94.617816205253632, 38.404471860687806 ], [ -94.617865033044836, 38.276786314436833 ], [ -94.61788944694041, 38.14910076818586 ], [ -94.61788944694041, 38.021366393244421 ], [ -94.61788944694041, 37.893656432198554 ], [ -94.617913860835984, 37.765970885048262 ], [ -94.617962688627188, 37.638285337898026 ], [ -94.617962688627188, 37.510575376852159 ], [ -94.617962688627188, 37.38291424449676 ], [ -94.617962688627188, 37.25517986955532 ], [ -94.617962688627188, 37.127494322405028 ], [ -94.618035931213228, 36.999808775254735 ] ], [ [ -94.678216595719277, 39.172513853031887 ], [ -94.668109173699406, 39.173270689190929 ] ] ] } },
{ "type": "Feature", "properties": { "FEATURECLA": "Admin-1 statistical meta bounds", "NAME": "Missouri - Oklahoma", "ADM0_A3": "USA", "ADM0_NAME": "United States of America", "SHAPE_LENG": 44.509925328100003, "MAPCOLOR13": 1.0, "MAPCOLOR9": 1.0, "SOV_A3": "US1", "NAME_L": "Missouri", "NAME_R": "Oklahoma", "NAME_ALT_L": "MO", "NAME_ALT_R": "OK|Okla.", "NAME_LOC_L": null, "NAME_LOC_R": null, "NAME_LEN_L": 8.0, "NAME_LEN_R": 8.0, "NOTE": "US_84", "TYPE": null, "MIN_ZOOM": 2.0, "MIN_LABEL": 7.5, "SCALERANK": 2, "FCLASS_ISO": null, "FCLASS_US": null, "FCLASS_FR": null, "FCLASS_RU": null, "FCLASS_ES": null, "FCLASS_CN": null, "FCLASS_TW": null, "FCLASS_IN": null, "FCLASS_NP": null, "FCLASS_PK": null, "FCLASS_DE": null, "FCLASS_GB": null, "FCLASS_BR": null, "FCLASS_IL": null, "FCLASS_PS": null, "FCLASS_SA": null, "FCLASS_EG": null, "FCLASS_MA": null, "FCLASS_PT": null, "FCLASS_AR": null, "FCLASS_JP": null, "FCLASS_KO": null, "FCLASS_VN": null, "FCLASS_TR": null, "FCLASS_ID": null, "FCLASS_PL": null, "FCLASS_GR": null, "FCLASS_IT": null, "FCLASS_NL": null, "FCLASS_SE": null, "FCLASS_BD": null, "FCLASS_UA": null, "ne_id": 1746745129, "BRK_A3": null, "FCLASS_OSM": null, "FCLASS_TLC": null }, "geometry": { "type": "LineString", "coordinates": [ [ -94.618035931213228, 36.999808775254735 ], [ -94.618060346008122, 36.874808775504562 ], [ -94.618182416385366, 36.749808774855069 ], [ -94.61823124417657, 36.624808775104839 ], [ -94.618328899758922, 36.499833189250239 ] ] } },
{ "type": "Feature", "properties": { "FEATURECLA": "Admin-1 boundary", "NAME": "Iowa - Missouri", "ADM0_A3": "USA", "ADM0_NAME": "United States of America", "SHAPE_LENG": 490.57496112299998, "MAPCOLOR13": 1.0, "MAPCOLOR9": 1.0, "SOV_A3": "US1", "NAME_L": "Iowa", "NAME_R": "Missouri", "NAME_ALT_L": "IA|Iowa", "NAME_ALT_R": "MO", "NAME_LOC_L": null, "NAME_LOC_R": null, "NAME_LEN_L": 4.0, "NAME_LEN_R": 8.0, "NOTE": "US_83", "TYPE": null, "MIN_ZOOM": 2.0, "MIN_LABEL": 7.5, "SCALERANK": 2, "FCLASS_ISO": null, "FCLASS_US": null, "FCLASS_FR": null, "FCLASS_RU": null, "FCLASS_ES": null, "FCLASS_CN": null, "FCLASS_TW": null, "FCLASS_IN": null, "FCLASS_NP": null, "FCLASS_PK": null, "FCLASS_DE": null, "FCLASS_GB": null, "FCLASS_BR": null, "FCLASS_IL": null, "FCLASS_PS": null, "FCLASS_SA": null, "FCLASS_EG": null, "FCLASS_MA": null, "FCLASS_PT": null, "FCLASS_AR": null, "FCLASS_JP": null, "FCLASS_KO": null, "FCLASS_VN": null, "FCLASS_TR": null, "FCLASS_ID": null, "FCLASS_PL": null, "FCLASS_GR": null, "FCLASS_IT": null, "FCLASS_NL": null, "FCLASS_SE": null, "FCLASS_BD": null, "FCLASS_UA": null, "ne_id": 1746745133, "BRK_A3": null, "FCLASS_OSM": null, "FCLASS_TLC": null }, "geometry": { "type": "MultiLineString", "coordinates": [ [ [ -91.73068241586077, 40.61880291642143 ], [ -91.722943157900374, 40.60886639346927 ], [ -91.718817180768269, 40.603715025528004 ], [ -91.700408977592247, 40.594120298912628 ], [ -91.69625858836315, 40.588065611438822 ], [ -91.695697064268074, 40.575052916059178 ], [ -91.693548627067457, 40.565458189443859 ], [ -91.689202923975756, 40.557865415756282 ], [ -91.682000775315487, 40.550834166163838 ], [ -91.672503705181839, 40.546097838044773 ], [ -91.650994915682816, 40.541874205330316 ], [ -91.627362102878749, 40.529716001692123 ], [ -91.625384563846524, 40.52583416621377 ], [ -91.6208435486908, 40.511796080025078 ], [ -91.616815228040309, 40.505839049032886 ], [ -91.612274212884586, 40.503104673841619 ], [ -91.607244916219884, 40.502176939514129 ] ], [ [ -93.094989055800283, 40.581302916496384 ], [ -92.908026166374441, 40.585990415924925 ], [ -92.721038861254442, 40.590677916252787 ], [ -92.534051556134386, 40.595365416580705 ], [ -92.463790995158263, 40.597126976228935 ], [ -92.347088665809281, 40.600052916009247 ], [ -92.246307415954448, 40.601420103155192 ], [ -92.145526166099671, 40.602787291200514 ], [ -92.044744916244895, 40.604154478346459 ], [ -91.943963666390061, 40.60552166639178 ], [ -91.835369915988792, 40.613334166038896 ], [ -91.73068241586077, 40.61880291642143 ] ], [ [ -95.767645305686301, 40.600467954932128 ], [ -95.76754765010395, 40.600443541036555 ] ], [ [ -95.767401165831131, 40.600443541036555 ], [ -95.76730351024878, 40.600419127140981 ] ], [ [ -95.76754765010395, 40.600443541036555 ], [ -95.767474408417172, 40.600443541036555 ], [ -95.767401165831131, 40.600443541036555 ] ], [ [ -95.763714642416801, 40.600419127140981 ], [ -95.763641399830703, 40.600394713245407 ] ], [ [ -95.76730351024878, 40.600419127140981 ], [ -95.767205852867789, 40.600419127140981 ], [ -95.767108197285438, 40.600419127140981 ], [ -95.767010540803824, 40.600419127140981 ], [ -95.766937299117046, 40.600419127140981 ], [ -95.766839641736055, 40.600419127140981 ], [ -95.766741986153704, 40.600419127140981 ], [ -95.766644329672033, 40.600419127140981 ], [ -95.766546674089739, 40.600419127140981 ], [ -95.766473430604321, 40.600419127140981 ], [ -95.76637577502197, 40.600419127140981 ], [ -95.766278119439619, 40.600419127140981 ], [ -95.766180462958005, 40.600419127140981 ], [ -95.766107221271227, 40.600419127140981 ], [ -95.76603397778581, 40.600419127140981 ], [ -95.765936322203515, 40.600419127140981 ], [ -95.765863079617418, 40.600419127140981 ], [ -95.765765424035067, 40.600419127140981 ], [ -95.765667766654076, 40.600419127140981 ], [ -95.765570111071725, 40.600419127140981 ], [ -95.76547245459011, 40.600419127140981 ], [ -95.765399212903333, 40.600419127140981 ], [ -95.765301556421662, 40.600419127140981 ], [ -95.765203899939991, 40.600419127140981 ], [ -95.765106244357696, 40.600419127140981 ], [ -95.765008587876025, 40.600419127140981 ], [ -95.764935346189247, 40.600419127140981 ], [ -95.76486210270383, 40.600419127140981 ], [ -95.764764447121536, 40.600419127140981 ], [ -95.764666790639865, 40.600419127140981 ], [ -95.764593548953087, 40.600419127140981 ], [ -95.764520306367046, 40.600419127140981 ], [ -95.764422649885375, 40.600419127140981 ], [ -95.764324994303024, 40.600419127140981 ], [ -95.764251751716927, 40.600419127140981 ], [ -95.764178510030206, 40.600419127140981 ], [ -95.764080852649215, 40.600419127140981 ], [ -95.763983197066864, 40.600419127140981 ], [ -95.763885540585193, 40.600419127140981 ], [ -95.763787885002898, 40.600419127140981 ], [ -95.763714642416801, 40.600419127140981 ] ], [ [ -95.763446087766738, 40.600394713245407 ], [ -95.76337284607996, 40.600370299349834 ], [ -95.763299602594543, 40.600345885454203 ] ], [ [ -95.763641399830703, 40.600394713245407 ], [ -95.763543744248352, 40.600394713245407 ], [ -95.763446087766738, 40.600394713245407 ] ], [ [ -95.761932416347918, 40.600345885454203 ], [ -95.664471477876361, 40.598319517731511 ], [ -95.567010541203501, 40.596293150008819 ], [ -95.469549602731945, 40.594266783185446 ], [ -95.372088666059085, 40.592240416362131 ], [ -95.259588666283889, 40.589506041170864 ], [ -95.147088665609431, 40.586771665979597 ], [ -95.034588665834235, 40.584037290788331 ], [ -94.922088666059096, 40.581302916496384 ], [ -94.811151166393188, 40.579203307086914 ], [ -94.700213665828016, 40.577128111573074 ], [ -94.589276166162108, 40.575052916059178 ], [ -94.478338665596937, 40.572953307549085 ] ], [ [ -95.763299602594543, 40.600345885454203 ], [ -95.763201947012249, 40.600345885454203 ], [ -95.763104291429897, 40.600345885454203 ], [ -95.763006634948226, 40.600345885454203 ], [ -95.762908977567236, 40.600345885454203 ], [ -95.762835735880515, 40.600345885454203 ], [ -95.762762494193737, 40.600345885454203 ], [ -95.762664837712066, 40.600345885454203 ], [ -95.762567181230395, 40.600345885454203 ], [ -95.762469524748724, 40.600345885454203 ], [ -95.762371869166429, 40.600345885454203 ], [ -95.762274212684758, 40.600345885454203 ], [ -95.762176556203087, 40.600345885454203 ], [ -95.76210331361699, 40.600345885454203 ], [ -95.762030071930269, 40.600345885454203 ], [ -95.761932416347918, 40.600345885454203 ] ], [ [ -93.561663860698616, 40.585477721419693 ], [ -93.444989056000111, 40.584427915815638 ], [ -93.328338666096556, 40.583402525006477 ], [ -93.211663861398051, 40.582352721201119 ], [ -93.094989055800283, 40.581302916496384 ] ], [ [ -94.478338665596937, 40.572953307549085 ], [ -94.362713665603167, 40.573490415949891 ], [ -94.247088665609397, 40.5740031113545 ], [ -94.131463665615684, 40.574515806759052 ], [ -94.015838665621914, 40.575052916059178 ], [ -93.902288861141983, 40.5776652208732 ], [ -93.78873905576279, 40.580277524787903 ], [ -93.675213666077809, 40.582865415706351 ], [ -93.561663860698616, 40.585477721419693 ] ], [ [ -91.59635624414534, 40.502445494164192 ], [ -91.590203900189806, 40.500516782923171 ], [ -91.587445111102966, 40.49592693907698 ], [ -91.585687298929656, 40.490311705320948 ], [ -91.582684369088327, 40.485355650342967 ], [ -91.57394413511372, 40.479911313856007 ], [ -91.553826946656272, 40.473050963331275 ], [ -91.54542850991777, 40.468265807421062 ], [ -91.539276165962292, 40.461503111579304 ], [ -91.536151165743661, 40.454496274983057 ], [ -91.536004680571523, 40.447611510562751 ], [ -91.538616986284865, 40.440970885098238 ], [ -91.529876752310258, 40.431278502001248 ], [ -91.493621869153912, 40.403129087937032 ], [ -91.481366009933367, 40.3963419781997 ], [ -91.452362103228438, 40.387650572016241 ], [ -91.441815228390055, 40.379520689028539 ] ], [ [ -91.607244916219884, 40.502176939514129 ], [ -91.59635624414534, 40.502445494164192 ] ] ] } },
{ "type": "Feature", "properties": { "FEATURECLA": "Admin-1 boundary", "NAME": "Texas - Arkansas", "ADM0_A3": "USA", "ADM0_NAME": "United States of America", "SHAPE_LENG": 109.43200562, "MAPCOLOR13": 1.0, "MAPCOLOR9": 1.0, "SOV_A3": "US1", "NAME_L": "Texas", "NAME_R": "Arkansas", "NAME_ALT_L": "TX|Tex.", "NAME_ALT_R": "AR|Ark.", "NAME_LOC_L": null, "NAME_LOC_R": null, "NAME_LEN_L": 5.0, "NAME_LEN_R": 8.0, "NOTE": "US_82", "TYPE": null, "MIN_ZOOM": 2.0, "MIN_LABEL": 7.5, "SCALERANK": 2, "FCLASS_ISO": null, "FCLASS_US": null, "FCLASS_FR": null, "FCLASS_RU": null, "FCLASS_ES": null, "FCLASS_CN": null, "FCLASS_TW": null, "FCLASS_IN": null, "FCLASS_NP": null, "FCLASS_PK": null, "FCLASS_DE": null, "FCLASS_GB": null, "FCLASS_BR": null, "FCLASS_IL": null, "FCLASS_PS": null, "FCLASS_SA": null, "FCLASS_EG": null, "FCLASS_MA": null, "FCLASS_PT": null, "FCLASS_AR": null, "FCLASS_JP": null, "FCLASS_KO": null, "FCLASS_VN": null, "FCLASS_TR": null, "FCLASS_ID": null, "FCLASS_PL": null, "FCLASS_GR": null, "FCLASS_IT": null, "FCLASS_NL": null, "FCLASS_SE": null, "FCLASS_BD": null, "FCLASS_UA": null, "ne_id": 1746745139, "BRK_A3": null, "FCLASS_OSM": null, "FCLASS_TLC": null }, "geometry": { "type": "MultiLineString", "coordinates": [ [ [ -94.407122845642789, 33.584720884860928 ], [ -94.431488079811004, 33.590824400125939 ], [ -94.449871869091453, 33.604935728001408 ], [ -94.457171674233336, 33.625809751718634 ], [ -94.466912885121531, 33.644047056726265 ], [ -94.484100385424426, 33.647416196800009 ] ], [ [ -94.234979290661727, 33.57427166650416 ], [ -94.283172649698031, 33.595121275426493 ] ], [ [ -94.283172649698031, 33.595121275426493 ], [ -94.300116010145757, 33.594779478190333 ], [ -94.31032108774798, 33.58271893193313 ], [ -94.317449993822152, 33.566800963193884 ], [ -94.327825971391462, 33.558060728319958 ] ], [ [ -94.139886517149023, 33.573002134940566 ], [ -94.159320111134207, 33.577323424136694 ], [ -94.193182416335446, 33.59392498644894 ] ], [ [ -94.193182416335446, 33.59392498644894 ], [ -94.208221477639086, 33.589115415743834 ], [ -94.221258587813566, 33.579520689128458 ], [ -94.234979290661727, 33.57427166650416 ] ], [ [ -94.369061321622667, 33.558549009828937 ], [ -94.387420697007542, 33.561796080424756 ], [ -94.394574016977288, 33.571488463521746 ], [ -94.38204960310668, 33.581717955019599 ], [ -94.38204960310668, 33.587943541561174 ] ], [ [ -94.38204960310668, 33.587943541561174 ], [ -94.407122845642789, 33.584720884860928 ] ], [ [ -94.041253705394183, 33.010941587983893 ], [ -94.042596477745235, 33.130301939183141 ], [ -94.043890424103779, 33.249662291281709 ], [ -94.04523319735415, 33.369022643380276 ], [ -94.046575970604522, 33.488382994579524 ], [ -94.047283978073096, 33.55339764278699 ], [ -94.047283978073096, 33.554154478046712 ], [ -94.056951947274513, 33.557377134746957 ], [ -94.071942180787005, 33.563627135184106 ], [ -94.10089725970073, 33.581717955019599 ] ], [ [ -94.10089725970073, 33.581717955019599 ], [ -94.119134563809041, 33.573881041476852 ], [ -94.139886517149023, 33.573002134940566 ] ], [ [ -94.327825971391462, 33.558060728319958 ], [ -94.347918744154697, 33.567460142871255 ] ], [ [ -94.347918744154697, 33.567460142871255 ], [ -94.369061321622667, 33.558549009828937 ] ] ] } },
{ "type": "Feature", "properties": { "FEATURECLA": "Admin-1 boundary", "NAME": "Arkansas - Oklahoma", "ADM0_A3": "USA", "ADM0_NAME": "United States of America", "SHAPE_LENG": 261.296427752, "MAPCOLOR13": 1.0, "MAPCOLOR9": 1.0, "SOV_A3": "US1", "NAME_L": "Arkansas", "NAME_R": "Oklahoma", "NAME_ALT_L": "AR|Ark.", "NAME_ALT_R": "OK|Okla.", "NAME_LOC_L": null, "NAME_LOC_R": null, "NAME_LEN_L": 8.0, "NAME_LEN_R": 8.0, "NOTE": "US_81", "TYPE": null, "MIN_ZOOM": 2.0, "MIN_LABEL": 7.5, "SCALERANK": 2, "FCLASS_ISO": null, "FCLASS_US": null, "FCLASS_FR": null, "FCLASS_RU": null, "FCLASS_ES": null, "FCLASS_CN": null, "FCLASS_TW": null, "FCLASS_IN": null, "FCLASS_NP": null, "FCLASS_PK": null, "FCLASS_DE": null, "FCLASS_GB": null, "FCLASS_BR": null, "FCLASS_IL": null, "FCLASS_PS": null, "FCLASS_SA": null, "FCLASS_EG": null, "FCLASS_MA": null, "FCLASS_PT": null, "FCLASS_AR": null, "FCLASS_JP": null, "FCLASS_KO": null, "FCLASS_VN": null, "FCLASS_TR": null, "FCLASS_ID": null, "FCLASS_PL": null, "FCLASS_GR": null, "FCLASS_IT": null, "FCLASS_NL": null, "FCLASS_SE": null, "FCLASS_BD": null, "FCLASS_UA": null, "ne_id": 1746745143, "BRK_A3": null, "FCLASS_OSM": null, "FCLASS_TLC": null }, "geometry": { "type": "LineString", "coordinates": [ [ -94.618328899758922, 36.499833189250239 ], [ -94.595916790727301, 36.360624205142926 ], [ -94.573504680796361, 36.221415221035613 ], [ -94.551092571764741, 36.08218182213335 ], [ -94.528680462733178, 35.942997251921611 ], [ -94.506317180593385, 35.803812681709871 ], [ -94.483905071561765, 35.664628111498132 ], [ -94.461468548634571, 35.525443541286393 ], [ -94.439080852599261, 35.386210143283449 ], [ -94.444720502049506, 35.168827330416946 ], [ -94.450335735805538, 34.951517760136483 ], [ -94.455975385255783, 34.734159361165553 ], [ -94.461590619011815, 34.516800963093942 ], [ -94.467230266663478, 34.299466978018586 ], [ -94.472821088322576, 34.082108579946976 ], [ -94.478460735974181, 33.864750181875365 ], [ -94.484100385424426, 33.647416196800009 ] ] } },
{ "type": "Feature", "properties": { "FEATURECLA": "Admin-1 statistical meta bounds", "NAME": "Missouri - Arkansas", "ADM0_A3": "USA", "ADM0_NAME": "United States of America", "SHAPE_LENG": 640.9825458, "MAPCOLOR13": 1.0, "MAPCOLOR9": 1.0, "SOV_A3": "US1", "NAME_L": "Missouri", "NAME_R": "Arkansas", "NAME_ALT_L": "MO", "NAME_ALT_R": "AR|Ark.", "NAME_LOC_L": null, "NAME_LOC_R": null, "NAME_LEN_L": 8.0, "NAME_LEN_R": 8.0, "NOTE": "US_80", "TYPE": null, "MIN_ZOOM": 2.0, "MIN_LABEL": 7.5, "SCALERANK": 2, "FCLASS_ISO": null, "FCLASS_US": null, "FCLASS_FR": null, "FCLASS_RU": null, "FCLASS_ES": null, "FCLASS_CN": null, "FCLASS_TW": null, "FCLASS_IN": null, "FCLASS_NP": null, "FCLASS_PK": null, "FCLASS_DE": null, "FCLASS_GB": null, "FCLASS_BR": null, "FCLASS_IL": null, "FCLASS_PS": null, "FCLASS_SA": null, "FCLASS_EG": null, "FCLASS_MA": null, "FCLASS_PT": null, "FCLASS_AR": null, "FCLASS_JP": null, "FCLASS_KO": null, "FCLASS_VN": null, "FCLASS_TR": null, "FCLASS_ID": null, "FCLASS_PL": null, "FCLASS_GR": null, "FCLASS_IT": null, "FCLASS_NL": null, "FCLASS_SE": null, "FCLASS_BD": null, "FCLASS_UA": null, "ne_id": 1746745147, "BRK_A3": null, "FCLASS_OSM": null, "FCLASS_TLC": null }, "geometry": { "type": "MultiLineString", "coordinates": [ [ [ -90.162176555703468, 36.499833189250239 ], [ -90.160955852830341, 36.497562682571697 ], [ -90.159002727693689, 36.49534100188572 ], [ -90.153875775446636, 36.487382017965729 ], [ -90.143914837699583, 36.464945494139215 ], [ -90.14120487730321, 36.461503111479374 ], [ -90.137005657585007, 36.458549010328568 ], [ -90.132147259988017, 36.456009947201267 ], [ -90.128485149569997, 36.453202330323279 ], [ -90.126776166087154, 36.449637877286193 ], [ -90.125799603069197, 36.445121275126724 ], [ -90.12482304095056, 36.429056822114603 ], [ -90.123870891828176, 36.423563657836496 ], [ -90.122283977823315, 36.418412290794549 ], [ -90.119525188736475, 36.414066587702848 ], [ -90.115594524567655, 36.41033123649737 ], [ -90.082513471219727, 36.393705260289494 ], [ -90.077703899615244, 36.390604673966493 ], [ -90.073309368732339, 36.387015807033833 ], [ -90.069598431422435, 36.383304868824609 ], [ -90.066522259894384, 36.3791300639013 ], [ -90.064398235690021, 36.374369321886661 ], [ -90.062957805957979, 36.368900572403447 ], [ -90.062908978166774, 36.363260923852522 ], [ -90.06371464211702, 36.35705975210584 ], [ -90.070037885140266, 36.333329282820102 ], [ -90.070574994440449, 36.327079283282274 ], [ -90.066033978385349, 36.297513853381588 ], [ -90.066302533035469, 36.292313658548494 ], [ -90.067498822013022, 36.287357603570513 ], [ -90.069647260112959, 36.282425963387482 ], [ -90.072283977923234, 36.278129088086928 ], [ -90.075970502236885, 36.273954283163619 ], [ -90.079998821987999, 36.27046307181331 ], [ -90.084808391793842, 36.26743572807635 ], [ -90.090155071799131, 36.265189635293439 ], [ -90.115521282880877, 36.258841978374562 ], [ -90.120330852686664, 36.256205260564286 ], [ -90.12389530572375, 36.2526408075272 ], [ -90.125848430860401, 36.248099791472157 ], [ -90.129852337615262, 36.228177915977994 ], [ -90.132000774815879, 36.223099791522145 ], [ -90.134979290761635, 36.218387877298653 ], [ -90.138690228071539, 36.214506040921037 ], [ -90.14330448581336, 36.21142986939293 ], [ -90.174652141782872, 36.19722088503579 ], [ -90.197186322091056, 36.189579283557066 ], [ -90.209857221133802, 36.186527525025213 ], [ -90.215448040994261, 36.184452330410693 ], [ -90.225408977842051, 36.178934752237012 ], [ -90.229461713287435, 36.175297057513149 ], [ -90.232977337633997, 36.170975768317021 ], [ -90.235467572070775, 36.166312681884733 ], [ -90.236932415698391, 36.161258971324457 ], [ -90.238421674120957, 36.152250181800412 ], [ -90.23986210295368, 36.14697674438122 ], [ -90.242059368844764, 36.141678893066455 ], [ -90.244818157931604, 36.136869322361292 ], [ -90.248675580413703, 36.132816587815228 ], [ -90.253118939087756, 36.129935728351143 ], [ -90.258490032988618, 36.127518736500463 ], [ -90.264178510230067, 36.125638853050589 ], [ -90.283953899652715, 36.121757018471612 ], [ -90.289495891722026, 36.119755063745174 ], [ -90.294256634635985, 36.116874205180409 ], [ -90.298065228427504, 36.113285338247749 ], [ -90.304632611305976, 36.105277524737971 ], [ -90.316546674189624, 36.094291197081077 ], [ -90.333050580020256, 36.071512876917723 ], [ -90.342547650153904, 36.061478697483892 ], [ -90.377923626773963, 36.005716977756322 ], [ -90.381243939056503, 35.996146665935839 ], [ -90.381024213096964, 35.991703307261787 ], [ -90.379388471300899, 35.9877238144025 ], [ -90.373309369032143, 35.986185728188786 ] ], [ [ -94.618328899758922, 36.499833189250239 ], [ -94.344134564258695, 36.499833189250239 ], [ -94.069940227859206, 36.499833189250239 ], [ -93.795745892359037, 36.499833189250239 ], [ -93.521551555959547, 36.499833189250239 ], [ -93.247357221358641, 36.499833189250239 ], [ -92.973187298854725, 36.499833189250239 ], [ -92.698992963354556, 36.499833189250239 ], [ -92.424798626955067, 36.499833189250239 ], [ -92.150628705350471, 36.499833189250239 ], [ -91.876434368950925, 36.499833189250239 ], [ -91.602240032551435, 36.499833189250239 ], [ -91.56427694382586, 36.499833189250239 ], [ -91.328045697051266, 36.499833189250239 ], [ -91.05387577544667, 36.499833189250239 ], [ -90.77965702515155, 36.499833189250239 ], [ -90.505487102647635, 36.499833189250239 ], [ -90.231268353251892, 36.499833189250239 ], [ -90.162176555703468, 36.499833189250239 ] ], [ [ -89.731048627392227, 36.000638853300416 ], [ -89.729266400424024, 36.000590025509268 ], [ -89.727435345664674, 36.000565610714318 ], [ -89.725604290905267, 36.000541196818745 ], [ -89.723846477832694, 36.000492369027597 ] ], [ [ -90.373309369032143, 35.986185728188786 ], [ -90.300799602719451, 35.987772643092967 ], [ -90.158392376706786, 35.990970884998319 ], [ -90.015936322003654, 35.994193540799245 ], [ -89.873504681196039, 35.99741619749949 ], [ -89.731048627392227, 36.000638853300416 ] ] ] } },
{ "type": "Feature", "properties": { "FEATURECLA": "Admin-1 statistical meta bounds", "NAME": "Kentucky - Missouri", "ADM0_A3": "USA", "ADM0_NAME": "United States of America", "SHAPE_LENG": 18.9338609582, "MAPCOLOR13": 1.0, "MAPCOLOR9": 1.0, "SOV_A3": "US1", "NAME_L": "Kentucky", "NAME_R": "Missouri", "NAME_ALT_L": "Commonwealth of Kentucky|KY", "NAME_ALT_R": "MO", "NAME_LOC_L": null, "NAME_LOC_R": null, "NAME_LEN_L": 8.0, "NAME_LEN_R": 8.0, "NOTE": "US_78", "TYPE": null, "MIN_ZOOM": 2.0, "MIN_LABEL": 7.5, "SCALERANK": 2, "FCLASS_ISO": null, "FCLASS_US": null, "FCLASS_FR": null, "FCLASS_RU": null, "FCLASS_ES": null, "FCLASS_CN": null, "FCLASS_TW": null, "FCLASS_IN": null, "FCLASS_NP": null, "FCLASS_PK": null, "FCLASS_DE": null, "FCLASS_GB": null, "FCLASS_BR": null, "FCLASS_IL": null, "FCLASS_PS": null, "FCLASS_SA": null, "FCLASS_EG": null, "FCLASS_MA": null, "FCLASS_PT": null, "FCLASS_AR": null, "FCLASS_JP": null, "FCLASS_KO": null, "FCLASS_VN": null, "FCLASS_TR": null, "FCLASS_ID": null, "FCLASS_PL": null, "FCLASS_GR": null, "FCLASS_IT": null, "FCLASS_NL": null, "FCLASS_SE": null, "FCLASS_BD": null, "FCLASS_UA": null, "ne_id": 1746745151, "BRK_A3": null, "FCLASS_OSM": null, "FCLASS_TLC": null }, "geometry": { "type": "MultiLineString", "coordinates": [ [ [ -89.494378704813357, 36.501420103255157 ], [ -89.48981327486274, 36.51448162732521 ], [ -89.502679485969509, 36.554398619100994 ], [ -89.536932416198056, 36.567875182093985 ] ], [ [ -89.536932416198056, 36.567875182093985 ], [ -89.569696088004036, 36.556376158133162 ], [ -89.577948041368984, 36.52134197785 ], [ -89.56906132222224, 36.508841977874965 ], [ -89.559881635429122, 36.500150571691506 ] ] ] } },
{ "type": "Feature", "properties": { "FEATURECLA": "Admin-1 statistical meta bounds", "NAME": "Tennessee - Missouri", "ADM0_A3": "USA", "ADM0_NAME": "United States of America", "SHAPE_LENG": 97.678773575899996, "MAPCOLOR13": 1.0, "MAPCOLOR9": 1.0, "SOV_A3": "US1", "NAME_L": "Tennessee", "NAME_R": "Missouri", "NAME_ALT_L": "TN|Tenn.", "NAME_ALT_R": "MO", "NAME_LOC_L": null, "NAME_LOC_R": null, "NAME_LEN_L": 9.0, "NAME_LEN_R": 8.0, "NOTE": "US_78", "TYPE": null, "MIN_ZOOM": 2.0, "MIN_LABEL": 7.5, "SCALERANK": 2, "FCLASS_ISO": null, "FCLASS_US": null, "FCLASS_FR": null, "FCLASS_RU": null, "FCLASS_ES": null, "FCLASS_CN": null, "FCLASS_TW": null, "FCLASS_IN": null, "FCLASS_NP": null, "FCLASS_PK": null, "FCLASS_DE": null, "FCLASS_GB": null, "FCLASS_BR": null, "FCLASS_IL": null, "FCLASS_PS": null, "FCLASS_SA": null, "FCLASS_EG": null, "FCLASS_MA": null, "FCLASS_PT": null, "FCLASS_AR": null, "FCLASS_JP": null, "FCLASS_KO": null, "FCLASS_VN": null, "FCLASS_TR": null, "FCLASS_ID": null, "FCLASS_PL": null, "FCLASS_GR": null, "FCLASS_IT": null, "FCLASS_NL": null, "FCLASS_SE": null, "FCLASS_BD": null, "FCLASS_UA": null, "ne_id": 1746745157, "BRK_A3": null, "FCLASS_OSM": null, "FCLASS_TLC": null }, "geometry": { "type": "MultiLineString", "coordinates": [ [ [ -89.478924602788197, 36.452421080268607 ], [ -89.505072063924615, 36.458182799196777 ], [ -89.506829876997188, 36.472953306749673 ], [ -89.49733280596422, 36.492972837826187 ], [ -89.494378704813357, 36.501420103255157 ] ], [ [ -89.559881635429122, 36.500150571691506 ], [ -89.555658001815289, 36.496171079731539 ], [ -89.547479291036439, 36.481547057350781 ], [ -89.554339641561171, 36.46299236900262 ], [ -89.555950971260302, 36.447465025290683 ], [ -89.533929486356669, 36.406156432473381 ], [ -89.530755658346948, 36.383524596582845 ], [ -89.541375774872108, 36.361649595952088 ], [ -89.559735150256984, 36.351737485996182 ], [ -89.583221477888856, 36.3491984237682 ] ], [ [ -89.424456830318434, 36.498954282713953 ], [ -89.427093549028029, 36.493387876749068 ], [ -89.449652142332468, 36.47085369734026 ], [ -89.466082805577003, 36.458036314024639 ], [ -89.478924602788197, 36.452421080268607 ] ], [ [ -89.583221477888856, 36.3491984237682 ], [ -89.609295697338553, 36.349418149727796 ] ], [ [ -89.609295697338553, 36.349418149727796 ], [ -89.628387494087576, 36.341483579703436 ], [ -89.626190228196435, 36.323148619113454 ], [ -89.611248821575828, 36.302591977837494 ], [ -89.592205852618008, 36.287943541561162 ], [ -89.567181438772366, 36.28140057257832 ], [ -89.557342572301877, 36.274735533218234 ], [ -89.561175579989026, 36.263724790766446 ], [ -89.571258588113324, 36.257377134746946 ], [ -89.583441204747771, 36.25474041603735 ], [ -89.676507611437103, 36.251859557472585 ], [ -89.694622846067489, 36.246976744181381 ], [ -89.640228314385183, 36.182328307105649 ], [ -89.613861127289169, 36.141703306962029 ], [ -89.622918743705043, 36.123441588058824 ], [ -89.638641400380322, 36.120194518362325 ], [ -89.657855266607271, 36.112211118748121 ], [ -89.674090618687103, 36.102201353209864 ], [ -89.680950971010475, 36.09272869697179 ], [ -89.685125775034464, 36.076249205036788 ], [ -89.715741009639885, 36.03469647146494 ], [ -89.723846477832694, 36.000492369027597 ] ] ] } },
{ "type": "Feature", "properties": { "FEATURECLA": "Admin-1 boundary", "NAME": "Ohio - Kentucky", "ADM0_A3": "USA", "ADM0_NAME": "United States of America", "SHAPE_LENG": 1.52879488049, "MAPCOLOR13": 1.0, "MAPCOLOR9": 1.0, "SOV_A3": "US1", "NAME_L": "Ohio", "NAME_R": "Kentucky", "NAME_ALT_L": "OH|Ohio", "NAME_ALT_R": "Commonwealth of Kentucky|KY", "NAME_LOC_L": null, "NAME_LOC_R": null, "NAME_LEN_L": 4.0, "NAME_LEN_R": 8.0, "NOTE": "US_77", "TYPE": null, "MIN_ZOOM": 2.0, "MIN_LABEL": 7.5, "SCALERANK": 2, "FCLASS_ISO": null, "FCLASS_US": null, "FCLASS_FR": null, "FCLASS_RU": null, "FCLASS_ES": null, "FCLASS_CN": null, "FCLASS_TW": null, "FCLASS_IN": null, "FCLASS_NP": null, "FCLASS_PK": null, "FCLASS_DE": null, "FCLASS_GB": null, "FCLASS_BR": null, "FCLASS_IL": null, "FCLASS_PS": null, "FCLASS_SA": null, "FCLASS_EG": null, "FCLASS_MA": null, "FCLASS_PT": null, "FCLASS_AR": null, "FCLASS_JP": null, "FCLASS_KO": null, "FCLASS_VN": null, "FCLASS_TR": null, "FCLASS_ID": null, "FCLASS_PL": null, "FCLASS_GR": null, "FCLASS_IT": null, "FCLASS_NL": null, "FCLASS_SE": null, "FCLASS_BD": null, "FCLASS_UA": null, "ne_id": 1746745161, "BRK_A3": null, "FCLASS_OSM": null, "FCLASS_TLC": null }, "geometry": { "type": "LineString", "coordinates": [ [ -82.599481244363915, 38.431302916296545 ], [ -82.589447064030765, 38.419315610826743 ] ] } },
{ "type": "Feature", "properties": { "FEATURECLA": "Admin-1 statistical meta bounds", "NAME": "Ohio - Kentucky", "ADM0_A3": "USA", "ADM0_NAME": "United States of America", "SHAPE_LENG": 289.720195768, "MAPCOLOR13": 1.0, "MAPCOLOR9": 1.0, "SOV_A3": "US1", "NAME_L": "Ohio", "NAME_R": "Kentucky", "NAME_ALT_L": "OH|Ohio", "NAME_ALT_R": "Commonwealth of Kentucky|KY", "NAME_LOC_L": null, "NAME_LOC_R": null, "NAME_LEN_L": 4.0, "NAME_LEN_R": 8.0, "NOTE": "US_76", "TYPE": null, "MIN_ZOOM": 2.0, "MIN_LABEL": 7.5, "SCALERANK": 2, "FCLASS_ISO": null, "FCLASS_US": null, "FCLASS_FR": null, "FCLASS_RU": null, "FCLASS_ES": null, "FCLASS_CN": null, "FCLASS_TW": null, "FCLASS_IN": null, "FCLASS_NP": null, "FCLASS_PK": null, "FCLASS_DE": null, "FCLASS_GB": null, "FCLASS_BR": null, "FCLASS_IL": null, "FCLASS_PS": null, "FCLASS_SA": null, "FCLASS_EG": null, "FCLASS_MA": null, "FCLASS_PT": null, "FCLASS_AR": null, "FCLASS_JP": null, "FCLASS_KO": null, "FCLASS_VN": null, "FCLASS_TR": null, "FCLASS_ID": null, "FCLASS_PL": null, "FCLASS_GR": null, "FCLASS_IT": null, "FCLASS_NL": null, "FCLASS_SE": null, "FCLASS_BD": null, "FCLASS_UA": null, "ne_id": 1746745165, "BRK_A3": null, "FCLASS_OSM": null, "FCLASS_TLC": null }, "geometry": { "type": "MultiLineString", "coordinates": [ [ [ -84.73004764967925, 39.146219908521914 ], [ -84.721112102741358, 39.142801938858383 ], [ -84.708392376806728, 39.127884947032669 ], [ -84.703045696801439, 39.124491393063295 ], [ -84.688250775352969, 39.117972837976083 ], [ -84.637225384643784, 39.077299010041258 ], [ -84.594744915845183, 39.07405193944544 ] ], [ [ -84.823529096190839, 39.097416196700124 ], [ -84.76759647829482, 39.124491393063295 ], [ -84.751434368801085, 39.137967955156967 ], [ -84.74218143942187, 39.143802915771914 ], [ -84.73004764967925, 39.146219908521914 ] ], [ [ -84.465936322303435, 39.111454282888815 ], [ -84.444158978154292, 39.101810728482292 ], [ -84.43009647806997, 39.083207213242247 ], [ -84.41950077544044, 39.064969908234673 ], [ -84.408197064442959, 39.05684002524697 ], [ -84.388616986184957, 39.053959165782828 ], [ -84.364080852948973, 39.046927916190384 ], [ -84.321942181386532, 39.029496275132942 ], [ -84.306903119183573, 39.016898619575613 ], [ -84.296453899927542, 38.99997967392278 ], [ -84.290374798558105, 38.981449400369513 ], [ -84.288421674320773, 38.964017760211448 ], [ -84.28331913507003, 38.9499796740227 ], [ -84.271502727768677, 38.938871275089241 ], [ -84.257879681402187, 38.929300963268815 ], [ -84.247430463045418, 38.919657407962973 ], [ -84.237884564221247, 38.903202329923545 ], [ -84.231536908201747, 38.885257994360927 ], [ -84.228045696851439, 38.864750181775435 ], [ -84.22697147825113, 38.840824400425731 ], [ -84.217572063699777, 38.823466001954387 ], [ -84.195574993591038, 38.810550963056471 ], [ -84.083978314247815, 38.77776287735486 ], [ -84.061859173761832, 38.775663267945447 ] ], [ [ -84.594744915845183, 39.07405193944544 ], [ -84.508612103166001, 39.104789244428048 ], [ -84.465936322303435, 39.111454282888815 ] ], [ [ -83.972479291386151, 38.789310728207511 ], [ -83.948944135063755, 38.786674010397235 ], [ -83.908441205297379, 38.771732602877307 ], [ -83.865863080017107, 38.762235532743603 ], [ -83.850360150200743, 38.747709165945253 ], [ -83.836981243689422, 38.729813658173782 ], [ -83.8216736268364, 38.713602720888844 ], [ -83.753924603437667, 38.659769713301614 ], [ -83.714276166312004, 38.638529478452654 ], [ -83.670819135394765, 38.631034361246748 ] ], [ [ -84.061859173761832, 38.775663267945447 ], [ -83.972479291386151, 38.789310728207511 ] ], [ [ -82.898211713100068, 38.751615416218442 ], [ -82.886322064111937, 38.744828307380487 ], [ -82.883074994415438, 38.730350768373228 ], [ -82.883172649997789, 38.710502135465163 ], [ -82.880023235883641, 38.691068541479979 ], [ -82.855877727674965, 38.624833189500066 ], [ -82.826629681114866, 38.586478696934307 ], [ -82.78312382240648, 38.567240415912465 ], [ -82.736615032957388, 38.554471861287368 ], [ -82.698211712600425, 38.535453307124385 ], [ -82.626214641692343, 38.47773846315954 ], [ -82.615936322403343, 38.46352947790308 ], [ -82.599481244363915, 38.431302916296545 ] ], [ [ -83.172650189354727, 38.618119322348832 ], [ -83.151532024883011, 38.618949400194651 ], [ -83.13363651711154, 38.627933774923747 ], [ -83.125677533191606, 38.637845884879653 ], [ -83.115228313935518, 38.658841978074804 ], [ -83.109735149657411, 38.666434751762381 ], [ -83.101922650010295, 38.671439635430829 ], [ -83.074969524923631, 38.679447447141968 ], [ -83.060760540566491, 38.690018735875924 ], [ -83.046917767341085, 38.70386151000065 ], [ -83.03097538470621, 38.715873228466705 ], [ -83.01041874432957, 38.721049010303545 ], [ -82.984979290661727, 38.724100767936079 ], [ -82.924163861273144, 38.748343931727049 ], [ -82.898211713100068, 38.751615416218442 ] ], [ [ -83.534295696888876, 38.707401549142162 ], [ -83.51227421288462, 38.705643736069533 ], [ -83.491473430854114, 38.699076353191117 ], [ -83.472528119277285, 38.688846860793944 ], [ -83.456073041237858, 38.6760294783777 ], [ -83.446820110959322, 38.672049986417733 ] ], [ [ -83.670819135394765, 38.631034361246748 ], [ -83.650701946937261, 38.636039244015876 ], [ -83.633221478088728, 38.64785565041791 ], [ -83.620867963285889, 38.664164244184519 ], [ -83.616204876853544, 38.682865415906178 ], [ -83.604852338064916, 38.689359557097873 ], [ -83.534295696888876, 38.707401549142162 ] ], [ [ -83.411395305648796, 38.672635924408382 ], [ -83.397259563877753, 38.669877135321542 ], [ -83.368695110890656, 38.659769713301614 ], [ -83.356146283124474, 38.65278729150026 ], [ -83.348992963154728, 38.64578045490407 ], [ -83.325116009596172, 38.614896666547907 ], [ -83.312738079998383, 38.604056822264511 ], [ -83.305072063724765, 38.601444518349808 ] ], [ [ -83.446820110959322, 38.672049986417733 ], [ -83.411395305648796, 38.672635924408382 ] ], [ [ -83.218353313954253, 38.624833189500066 ], [ -83.172650189354727, 38.618119322348832 ] ], [ [ -83.305072063724765, 38.601444518349808 ], [ -83.269061322222228, 38.608085142915002 ], [ -83.256829876897314, 38.616044126834936 ], [ -83.241815227690608, 38.623270689390779 ], [ -83.218353313954253, 38.624833189500066 ] ] ] } },
{ "type": "Feature", "properties": { "FEATURECLA": "Admin-1 boundary", "NAME": "Tennessee - Kentucky", "ADM0_A3": "USA", "ADM0_NAME": "United States of America", "SHAPE_LENG": 663.61145382400002, "MAPCOLOR13": 1.0, "MAPCOLOR9": 1.0, "SOV_A3": "US1", "NAME_L": "Tennessee", "NAME_R": "Kentucky", "NAME_ALT_L": "TN|Tenn.", "NAME_ALT_R": "Commonwealth of Kentucky|KY", "NAME_LOC_L": null, "NAME_LOC_R": null, "NAME_LEN_L": 9.0, "NAME_LEN_R": 8.0, "NOTE": "US_75", "TYPE": null, "MIN_ZOOM": 2.0, "MIN_LABEL": 7.5, "SCALERANK": 2, "FCLASS_ISO": null, "FCLASS_US": null, "FCLASS_FR": null, "FCLASS_RU": null, "FCLASS_ES": null, "FCLASS_CN": null, "FCLASS_TW": null, "FCLASS_IN": null, "FCLASS_NP": null, "FCLASS_PK": null, "FCLASS_DE": null, "FCLASS_GB": null, "FCLASS_BR": null, "FCLASS_IL": null, "FCLASS_PS": null, "FCLASS_SA": null, "FCLASS_EG": null, "FCLASS_MA": null, "FCLASS_PT": null, "FCLASS_AR": null, "FCLASS_JP": null, "FCLASS_KO": null, "FCLASS_VN": null, "FCLASS_TR": null, "FCLASS_ID": null, "FCLASS_PL": null, "FCLASS_GR": null, "FCLASS_IT": null, "FCLASS_NL": null, "FCLASS_SE": null, "FCLASS_BD": null, "FCLASS_UA": null, "ne_id": 1746745167, "BRK_A3": null, "FCLASS_OSM": null, "FCLASS_TLC": null }, "geometry": { "type": "MultiLineString", "coordinates": [ [ [ -87.839105267094396, 36.642924009735225 ], [ -87.844427533204055, 36.646976744281289 ], [ -87.848529096440643, 36.652665221522739 ], [ -87.855828899783887, 36.6663859243709 ], [ -87.860711713075091, 36.671830259958483 ], [ -87.868670696995025, 36.674027524950304 ], [ -87.923504680596523, 36.678348814146432 ], [ -88.013128704626013, 36.68545330722435 ], [ -88.06710819738538, 36.68970135293506 ] ], [ [ -88.06710819738538, 36.68970135293506 ], [ -88.072064252363361, 36.68938397139317 ], [ -88.073699994159369, 36.68787029907503 ], [ -88.073773235846147, 36.682914244097049 ], [ -88.071356243995467, 36.673099791522134 ], [ -88.053509564015144, 36.625785338122853 ], [ -88.040277141776642, 36.57410076773624 ], [ -88.038690227771781, 36.558231626788142 ], [ -88.039788861166983, 36.521952329736223 ], [ -88.042742963217165, 36.498636900272686 ] ], [ [ -85.426507610937506, 36.618656432048681 ], [ -85.634027141639251, 36.622611510113074 ], [ -85.867205852867812, 36.628544127209693 ], [ -86.06681522834009, 36.634476744306255 ], [ -86.217010541003674, 36.642362486539525 ], [ -86.343475385280783, 36.652250181700481 ], [ -86.412640423616665, 36.6581827987971 ], [ -86.464032024558264, 36.662577330579325 ], [ -86.507537885065346, 36.663822447348025 ] ], [ [ -86.507537885065346, 36.663822447348025 ], [ -86.516107220871504, 36.663236510256695 ], [ -86.552166791064565, 36.656888853337875 ], [ -86.595404096022207, 36.65642498572447 ], [ -86.608807416429102, 36.656302916246545 ], [ -86.646844524755011, 36.655936705114812 ], [ -86.705877728074654, 36.655326353228588 ], [ -86.782489055825238, 36.654618345760014 ], [ -86.873040814182218, 36.653739439223727 ], [ -86.974163861273155, 36.652689635418312 ], [ -87.082342571852166, 36.651615415918684 ], [ -87.193963665990395, 36.650541197318375 ], [ -87.305633587919715, 36.6494181500276 ], [ -87.413787884603153, 36.648343932326611 ], [ -87.514910930794827, 36.64731854151745 ], [ -87.605487103047324, 36.646464048876737 ], [ -87.68204960300676, 36.645707212717696 ], [ -87.741131635016927, 36.645096860831416 ], [ -87.779119915551632, 36.644730649699682 ], [ -87.792547649854157, 36.644632994117387 ], [ -87.833270305580129, 36.644217955194449 ], [ -87.839105267094396, 36.642924009735225 ] ], [ [ -83.730340619324124, 36.585770688966079 ], [ -83.778680462633247, 36.587162290906974 ], [ -83.808856244420156, 36.587992368752793 ], [ -83.894061321872471, 36.5903849467079 ], [ -84.026483197141829, 36.594144712708328 ], [ -84.198260540991157, 36.598954283413434 ], [ -84.401483197291725, 36.604642759755563 ], [ -84.628363080291933, 36.610990415775063 ], [ -84.870941205172471, 36.617826353303542 ], [ -85.121356243595756, 36.624857602896043 ] ], [ [ -85.121356243595756, 36.624857602896043 ], [ -85.426507610937506, 36.618656432048681 ] ], [ [ -83.667474408317275, 36.60400799397371 ], [ -83.694744915845149, 36.593632018203039 ], [ -83.730340619324124, 36.585770688966079 ] ], [ [ -88.560907024639448, 36.49875897154925 ], [ -88.733587688920693, 36.498807799340454 ], [ -88.906292767097511, 36.498856627131602 ], [ -89.079022260069223, 36.498905454922806 ], [ -89.251727338246042, 36.498929868818379 ], [ -89.424456830318434, 36.498954282713953 ] ], [ [ -88.042742963217165, 36.498636900272686 ], [ -88.215448041393984, 36.498710142858783 ], [ -88.388201947361949, 36.49875897154925 ] ], [ [ -88.388201947361949, 36.49875897154925 ], [ -88.560907024639448, 36.49875897154925 ] ] ] } },
{ "type": "Feature", "properties": { "FEATURECLA": "Admin-1 boundary", "NAME": "Alabama - Tennessee", "ADM0_A3": "USA", "ADM0_NAME": "United States of America", "SHAPE_LENG": 288.50090082499997, "MAPCOLOR13": 1.0, "MAPCOLOR9": 1.0, "SOV_A3": "US1", "NAME_L": "Alabama", "NAME_R": "Tennessee", "NAME_ALT_L": "AL|Ala.", "NAME_ALT_R": "TN|Tenn.", "NAME_LOC_L": null, "NAME_LOC_R": null, "NAME_LEN_L": 7.0, "NAME_LEN_R": 9.0, "NOTE": "US_74", "TYPE": null, "MIN_ZOOM": 2.0, "MIN_LABEL": 7.5, "SCALERANK": 2, "FCLASS_ISO": null, "FCLASS_US": null, "FCLASS_FR": null, "FCLASS_RU": null, "FCLASS_ES": null, "FCLASS_CN": null, "FCLASS_TW": null, "FCLASS_IN": null, "FCLASS_NP": null, "FCLASS_PK": null, "FCLASS_DE": null, "FCLASS_GB": null, "FCLASS_BR": null, "FCLASS_IL": null, "FCLASS_PS": null, "FCLASS_SA": null, "FCLASS_EG": null, "FCLASS_MA": null, "FCLASS_PT": null, "FCLASS_AR": null, "FCLASS_JP": null, "FCLASS_KO": null, "FCLASS_VN": null, "FCLASS_TR": null, "FCLASS_ID": null, "FCLASS_PL": null, "FCLASS_GR": null, "FCLASS_IT": null, "FCLASS_NL": null, "FCLASS_SE": null, "FCLASS_BD": null, "FCLASS_UA": null, "ne_id": 1746745171, "BRK_A3": null, "FCLASS_OSM": null, "FCLASS_TLC": null }, "geometry": { "type": "MultiLineString", "coordinates": [ [ [ -87.671795696714014, 35.005472838100957 ], [ -87.824481243814319, 35.006498228010798 ], [ -87.982025189410933, 35.007987486433308 ], [ -88.139593548903122, 35.009476743956554 ], [ -88.174261517155287, 35.009745299505937 ] ], [ [ -88.174261517155287, 35.009745299505937 ], [ -88.185516400361564, 35.009745299505937 ], [ -88.179071087860393, 34.997831235722913 ] ], [ [ -86.726458783246244, 34.989774596220627 ], [ -86.884027141839113, 34.992631040889819 ], [ -87.041619916126194, 34.99548748645833 ], [ -87.199139446927916, 34.999759946963934 ], [ -87.356683391625211, 35.002616393431765 ], [ -87.514276165912293, 35.005472838100957 ] ], [ [ -87.514276165912293, 35.005472838100957 ], [ -87.671795696714014, 35.005472838100957 ] ], [ [ -85.605682416410389, 34.98520916627001 ], [ -85.781146282774728, 34.987552916433913 ], [ -85.942401165681247, 34.9891154165432 ], [ -86.096209760072327, 34.989896665698552 ], [ -86.253802532560826, 34.989945494389019 ] ], [ [ -86.253802532560826, 34.989945494389019 ], [ -86.411346478157441, 34.989774596220627 ], [ -86.568890423754056, 34.989774596220627 ], [ -86.726458783246244, 34.989774596220627 ] ] ] } },
{ "type": "Feature", "properties": { "FEATURECLA": "Admin-1 statistical meta bounds", "NAME": "Ohio - Pennsylvania", "ADM0_A3": "USA", "ADM0_NAME": "United States of America", "SHAPE_LENG": 139.727418438, "MAPCOLOR13": 1.0, "MAPCOLOR9": 1.0, "SOV_A3": "US1", "NAME_L": "Ohio", "NAME_R": "Pennsylvania", "NAME_ALT_L": "OH|Ohio", "NAME_ALT_R": "Commonwealth of Pennsylvania|PA", "NAME_LOC_L": null, "NAME_LOC_R": null, "NAME_LEN_L": 4.0, "NAME_LEN_R": 12.0, "NOTE": "US_73", "TYPE": null, "MIN_ZOOM": 2.0, "MIN_LABEL": 7.5, "SCALERANK": 2, "FCLASS_ISO": null, "FCLASS_US": null, "FCLASS_FR": null, "FCLASS_RU": null, "FCLASS_ES": null, "FCLASS_CN": null, "FCLASS_TW": null, "FCLASS_IN": null, "FCLASS_NP": null, "FCLASS_PK": null, "FCLASS_DE": null, "FCLASS_GB": null, "FCLASS_BR": null, "FCLASS_IL": null, "FCLASS_PS": null, "FCLASS_SA": null, "FCLASS_EG": null, "FCLASS_MA": null, "FCLASS_PT": null, "FCLASS_AR": null, "FCLASS_JP": null, "FCLASS_KO": null, "FCLASS_VN": null, "FCLASS_TR": null, "FCLASS_ID": null, "FCLASS_PL": null, "FCLASS_GR": null, "FCLASS_IT": null, "FCLASS_NL": null, "FCLASS_SE": null, "FCLASS_BD": null, "FCLASS_UA": null, "ne_id": 1746745177, "BRK_A3": null, "FCLASS_OSM": null, "FCLASS_TLC": null }, "geometry": { "type": "LineString", "coordinates": [ [ -80.520233197404139, 40.646781432317198 ], [ -80.520233197404139, 40.751615415818776 ], [ -80.520233197404139, 40.856449400219617 ], [ -80.520233197404139, 40.961332213310982 ], [ -80.520233197404139, 41.066166196812503 ], [ -80.520233197404139, 41.17097576821709 ], [ -80.520233197404139, 41.275834166513562 ], [ -80.520233197404139, 41.380668150015083 ], [ -80.520233197404139, 41.485526549210874 ], [ -80.520233197404139, 41.590336118816822 ], [ -80.520233197404139, 41.695170103217663 ], [ -80.520233197404139, 41.800028502413454 ], [ -80.520233197404139, 41.904886899810549 ], [ -80.520233197404139, 42.00974529900634 ], [ -80.520233197404139, 42.114579283407181 ], [ -80.520233197404139, 42.219388853013129 ], [ -80.520233197404139, 42.323782098564948 ] ] } },
{ "type": "Feature", "properties": { "FEATURECLA": "Admin-1 boundary", "NAME": "West Virginia - Ohio", "ADM0_A3": "USA", "ADM0_NAME": "United States of America", "SHAPE_LENG": 0.07111643268, "MAPCOLOR13": 1.0, "MAPCOLOR9": 1.0, "SOV_A3": "US1", "NAME_L": "West Virginia", "NAME_R": "Ohio", "NAME_ALT_L": "WV|W.Va.", "NAME_ALT_R": "OH|Ohio", "NAME_LOC_L": null, "NAME_LOC_R": null, "NAME_LEN_L": 13.0, "NAME_LEN_R": 4.0, "NOTE": "US_72", "TYPE": null, "MIN_ZOOM": 2.0, "MIN_LABEL": 7.5, "SCALERANK": 2, "FCLASS_ISO": null, "FCLASS_US": null, "FCLASS_FR": null, "FCLASS_RU": null, "FCLASS_ES": null, "FCLASS_CN": null, "FCLASS_TW": null, "FCLASS_IN": null, "FCLASS_NP": null, "FCLASS_PK": null, "FCLASS_DE": null, "FCLASS_GB": null, "FCLASS_BR": null, "FCLASS_IL": null, "FCLASS_PS": null, "FCLASS_SA": null, "FCLASS_EG": null, "FCLASS_MA": null, "FCLASS_PT": null, "FCLASS_AR": null, "FCLASS_JP": null, "FCLASS_KO": null, "FCLASS_VN": null, "FCLASS_TR": null, "FCLASS_ID": null, "FCLASS_PL": null, "FCLASS_GR": null, "FCLASS_IT": null, "FCLASS_NL": null, "FCLASS_SE": null, "FCLASS_BD": null, "FCLASS_UA": null, "ne_id": 1746745181, "BRK_A3": null, "FCLASS_OSM": null, "FCLASS_TLC": null }, "geometry": { "type": "LineString", "coordinates": [ [ -82.588983197316679, 38.418754088530363 ], [ -82.589447064030765, 38.419315610826743 ] ] } },
{ "type": "Feature", "properties": { "FEATURECLA": "Admin-1 statistical meta bounds", "NAME": "Ohio - West Virginia", "ADM0_A3": "USA", "ADM0_NAME": "United States of America", "SHAPE_LENG": 417.01554032199999, "MAPCOLOR13": 1.0, "MAPCOLOR9": 1.0, "SOV_A3": "US1", "NAME_L": "Ohio", "NAME_R": "West Virginia", "NAME_ALT_L": "OH|Ohio", "NAME_ALT_R": "WV|W.Va.", "NAME_LOC_L": null, "NAME_LOC_R": null, "NAME_LEN_L": 4.0, "NAME_LEN_R": 13.0, "NOTE": "US_71", "TYPE": null, "MIN_ZOOM": 2.0, "MIN_LABEL": 7.5, "SCALERANK": 2, "FCLASS_ISO": null, "FCLASS_US": null, "FCLASS_FR": null, "FCLASS_RU": null, "FCLASS_ES": null, "FCLASS_CN": null, "FCLASS_TW": null, "FCLASS_IN": null, "FCLASS_NP": null, "FCLASS_PK": null, "FCLASS_DE": null, "FCLASS_GB": null, "FCLASS_BR": null, "FCLASS_IL": null, "FCLASS_PS": null, "FCLASS_SA": null, "FCLASS_EG": null, "FCLASS_MA": null, "FCLASS_PT": null, "FCLASS_AR": null, "FCLASS_JP": null, "FCLASS_KO": null, "FCLASS_VN": null, "FCLASS_TR": null, "FCLASS_ID": null, "FCLASS_PL": null, "FCLASS_GR": null, "FCLASS_IT": null, "FCLASS_NL": null, "FCLASS_SE": null, "FCLASS_BD": null, "FCLASS_UA": null, "ne_id": 1746745185, "BRK_A3": null, "FCLASS_OSM": null, "FCLASS_TLC": null }, "geometry": { "type": "MultiLineString", "coordinates": [ [ [ -80.580438274906442, 40.619120298862697 ], [ -80.535711713324872, 40.643509946926486 ], [ -80.520233197404139, 40.646781432317198 ] ], [ [ -80.597283977973177, 40.626639829964176 ], [ -80.580438274906442, 40.619120298862697 ] ], [ [ -80.628875774697235, 40.386381041351967 ], [ -80.627093548628352, 40.409696470815447 ], [ -80.606658977729637, 40.448905455122656 ], [ -80.60150761068769, 40.471390806740317 ], [ -80.605120892415243, 40.485941588333617 ], [ -80.614080853248765, 40.503666197037319 ], [ -80.636297650216363, 40.537162291106824 ], [ -80.669500774840856, 40.57156170470887 ], [ -80.676849407773943, 40.58879803280297 ], [ -80.666375774622281, 40.60886639346927 ], [ -80.648284954786845, 40.61938885351276 ], [ -80.622528118677735, 40.626005064182323 ], [ -80.597283977973177, 40.626639829964176 ] ], [ [ -80.777996868760454, 39.918290221516486 ], [ -80.765374799307551, 39.91958416607639 ], [ -80.758685346051891, 39.929398619550625 ], [ -80.759930462820591, 39.938798033202659 ], [ -80.763885540884985, 39.947123228254384 ], [ -80.765374799307551, 39.953739438923947 ], [ -80.757928509892793, 39.970853697540065 ], [ -80.748895305573853, 39.982889829901694 ], [ -80.741302532785653, 39.996781431817624 ], [ -80.738104290880301, 40.019510924189774 ], [ -80.739080852998939, 40.060819517906396 ], [ -80.735345501793461, 40.08000897113709 ], [ -80.724432415823344, 40.104545103473697 ], [ -80.702923627223583, 40.139457213379671 ], [ -80.694354291417426, 40.157548033215164 ], [ -80.687054486275485, 40.193119321899189 ], [ -80.677825970791901, 40.216141782816976 ], [ -80.656756635010709, 40.255375181919078 ], [ -80.647283977873258, 40.263285338047865 ], [ -80.620184369413096, 40.280375181869147 ], [ -80.614569134757744, 40.286429869342953 ], [ -80.604949994246795, 40.317460142871255 ], [ -80.600555463363946, 40.323343932176726 ], [ -80.601873821819424, 40.33664959610195 ], [ -80.608367963011062, 40.359037291237996 ], [ -80.608905072311245, 40.363944518424773 ], [ -80.607586712956447, 40.374711119222752 ], [ -80.608367963011062, 40.379520689028539 ], [ -80.612664838311616, 40.383109556860518 ], [ -80.619598431422446, 40.385453307024477 ], [ -80.626092571714821, 40.386527524725466 ] ], [ [ -80.626092571714821, 40.386527524725466 ], [ -80.628875774697235, 40.386381041351967 ] ], [ [ -80.802044721386778, 39.9250040877684 ], [ -80.791424603062978, 39.923978696959296 ], [ -80.777996868760454, 39.918290221516486 ] ], [ [ -81.368695111290322, 39.351029477928023 ], [ -81.344989055900214, 39.353495299368547 ], [ -81.310199017270804, 39.378885924345923 ], [ -81.28986210285376, 39.385184752574276 ], [ -81.268988080035854, 39.386942563848208 ], [ -81.247039837718319, 39.391752135452691 ], [ -81.226947064055764, 39.398466001704605 ], [ -81.211639447202685, 39.406278502251041 ], [ -81.183319134970077, 39.430619322523683 ], [ -81.165594525367055, 39.442289243753578 ], [ -81.125775189173623, 39.453690611232673 ], [ -81.110662885283887, 39.468949400294548 ], [ -81.087518353089536, 39.501883971168297 ], [ -81.055340619274148, 39.530033385232514 ], [ -80.94415897795443, 39.598075377176883 ], [ -80.875238080373094, 39.628788268263975 ], [ -80.87335819692322, 39.638993345866197 ], [ -80.861590619211711, 39.666361509875742 ], [ -80.861199994184346, 39.671171080580905 ], [ -80.862616010020815, 39.682401548992289 ], [ -80.861590619211711, 39.686820493770767 ], [ -80.857098430947815, 39.690970884798446 ], [ -80.841107221421112, 39.701127135508898 ], [ -80.835662884934152, 39.72036541653074 ], [ -80.838958783321175, 39.733695494351537 ], [ -80.84945683036841, 39.745267759999081 ], [ -80.865325971316508, 39.759159361015691 ], [ -80.871014446759318, 39.771219908172213 ], [ -80.862884563771559, 39.779545103223938 ], [ -80.841107221421112, 39.790482603089629 ], [ -80.835687298829782, 39.800785338072899 ], [ -80.83156132169762, 39.820560728394867 ], [ -80.828094525142205, 39.830863463378137 ], [ -80.821746869122705, 39.842386900335157 ], [ -80.815423626998779, 39.85085858055902 ], [ -80.796746869172637, 39.868680845744393 ], [ -80.794305463426383, 39.876908385213767 ], [ -80.798089642423065, 39.887797057288367 ], [ -80.803558391906222, 39.899344908140961 ], [ -80.806366009683586, 39.909647643124231 ], [ -80.802044721386778, 39.9250040877684 ] ], [ [ -81.463153119021229, 39.406547056901161 ], [ -81.420526165949809, 39.406278502251041 ], [ -81.411175580088923, 39.398466001704605 ], [ -81.40155643867871, 39.380887877273722 ], [ -81.388446087716773, 39.362162290757112 ], [ -81.368695111290322, 39.351029477928023 ] ], [ [ -81.580975384906083, 39.275321471508676 ], [ -81.569354290568015, 39.287674986311572 ], [ -81.562274213184367, 39.326420103005319 ], [ -81.554266399674589, 39.344217955194438 ], [ -81.478900188692762, 39.400590025009649 ], [ -81.463153119021229, 39.406547056901161 ] ], [ [ -81.615741009639862, 39.282767760024058 ], [ -81.60888065821581, 39.275321471508676 ] ], [ [ -81.783636517111574, 38.932718932033083 ], [ -81.763983197166795, 38.937235533293233 ], [ -81.764495891672027, 38.948832212836351 ], [ -81.773748821950562, 38.964457213029959 ], [ -81.780194135351053, 38.981107603133353 ], [ -81.775238080373072, 39.01719158812125 ], [ -81.777093549028052, 39.034965025515476 ], [ -81.790155072198786, 39.042582213098626 ], [ -81.796405071736672, 39.044803892885341 ], [ -81.8038269472558, 39.05022381457735 ], [ -81.810516399612141, 39.056937681728584 ], [ -81.814349408198609, 39.063041196993652 ], [ -81.818914838149226, 39.076200377545376 ], [ -81.818475385330771, 39.079764830582462 ], [ -81.812567181230406, 39.080082213023672 ], [ -81.762445110953081, 39.096097838244589 ], [ -81.754559368719868, 39.105277525037707 ], [ -81.752288861142006, 39.128202330373199 ], [ -81.75509647802005, 39.16526287747979 ], [ -81.753704876978475, 39.177665220973154 ], [ -81.746087689395324, 39.193363462853483 ], [ -81.698065227628149, 39.237089049320161 ], [ -81.68244022833386, 39.271000182312548 ], [ -81.662249799088954, 39.275590025259419 ], [ -81.637518352889686, 39.276151549354495 ], [ -81.615741009639862, 39.282767760024058 ] ], [ [ -81.594891399818209, 39.282401548892324 ], [ -81.588909954930443, 39.280668149715325 ], [ -81.580975384906083, 39.275321471508676 ] ], [ [ -81.60888065821581, 39.275321471508676 ], [ -81.600872845605352, 39.280643735819751 ], [ -81.594891399818209, 39.282401548892324 ] ], [ [ -82.02662968091505, 39.022074400513134 ], [ -82.002972455114673, 39.0217081893814 ], [ -81.984320111184161, 39.012064634974877 ], [ -81.968890423953894, 39.000834166563493 ], [ -81.937445110603335, 38.990580260270747 ], [ -81.924017377200187, 38.978544127009854 ], [ -81.914788860817282, 38.962845885129468 ], [ -81.909930463220292, 38.94697674418137 ], [ -81.906488079661131, 38.941654478071712 ], [ -81.904168744292122, 38.936332212861316 ], [ -81.903094524792493, 38.929618345710082 ], [ -81.905291790683577, 38.923832212886282 ], [ -81.910247845661559, 38.921146666385539 ], [ -81.91517948584459, 38.919437682003377 ], [ -81.917401165631247, 38.916556822539292 ], [ -81.920379680677684, 38.903251157714749 ], [ -81.925726360682972, 38.897635923958717 ], [ -81.92763065802842, 38.892753111566833 ], [ -81.920501751954248, 38.881815610801766 ], [ -81.901678509855344, 38.874247251909139 ] ], [ [ -82.215106243558296, 38.591996275107988 ], [ -82.192742963217142, 38.595316588289904 ], [ -82.177459760259694, 38.611796080224906 ], [ -82.176702924100653, 38.621879088349203 ], [ -82.179095502055759, 38.635404478234079 ], [ -82.183197064392971, 38.648124205067973 ], [ -82.19247440766776, 38.665482603539317 ], [ -82.190692180699557, 38.675736509832063 ], [ -82.18429569688891, 38.690018735875924 ], [ -82.187542766585409, 38.715311705270949 ], [ -82.195257610650174, 38.73169354072428 ], [ -82.20433964186094, 38.745389830576187 ], [ -82.211590619211677, 38.76265057256586 ], [ -82.208709759747592, 38.785990415924914 ], [ -82.191766400199185, 38.797953307499142 ], [ -82.172772259931833, 38.808280455478609 ], [ -82.161199994284289, 38.831424985874378 ], [ -82.148236126695849, 38.849003111204581 ], [ -82.143328900408392, 38.858231626688223 ], [ -82.136492962879913, 38.89917401017243 ], [ -82.120697063618593, 38.929984556841816 ], [ -82.092205853217536, 38.968583189262745 ], [ -82.058367962811246, 39.003226744518599 ], [ -82.02662968091505, 39.022074400513134 ] ], [ [ -81.824285931150769, 38.954423032696752 ], [ -81.812127728411895, 38.951005063932541 ], [ -81.794500775290544, 38.936136899897974 ], [ -81.783636517111574, 38.932718932033083 ] ], [ [ -81.901678509855344, 38.874247251909139 ], [ -81.879998822187872, 38.883158384951457 ], [ -81.860565228202688, 38.899271665754725 ], [ -81.848480267150592, 38.913431822320717 ], [ -81.840814251776294, 38.937528501838869 ], [ -81.834783978198004, 38.949369322136477 ], [ -81.824285931150769, 38.954423032696752 ] ], [ [ -82.263104291429897, 38.597538268076562 ], [ -82.215106243558296, 38.591996275107988 ] ], [ [ -82.552655071574293, 38.405521666291861 ], [ -82.509002727693712, 38.409134947120094 ], [ -82.424505657709915, 38.433060728469798 ], [ -82.349530071755396, 38.437943540861681 ], [ -82.331683391775073, 38.443607603308237 ], [ -82.316986126808274, 38.460966001779525 ], [ -82.309515424397318, 38.478690611382603 ], [ -82.288201946962261, 38.566630064026185 ], [ -82.277117962823695, 38.588285337798084 ], [ -82.263104291429897, 38.597538268076562 ] ], [ [ -82.588983197316679, 38.418754088530363 ], [ -82.552655071574293, 38.405521666291861 ] ] ] } },
{ "type": "Feature", "properties": { "FEATURECLA": "Admin-1 statistical boundary", "NAME": "Kentucky - West Virginia", "ADM0_A3": "USA", "ADM0_NAME": "United States of America", "SHAPE_LENG": 130.670198384, "MAPCOLOR13": 1.0, "MAPCOLOR9": 1.0, "SOV_A3": "US1", "NAME_L": "Kentucky", "NAME_R": "West Virginia", "NAME_ALT_L": "Commonwealth of Kentucky|KY", "NAME_ALT_R": "WV|W.Va.", "NAME_LOC_L": null, "NAME_LOC_R": null, "NAME_LEN_L": 8.0, "NAME_LEN_R": 13.0, "NOTE": "US_70", "TYPE": null, "MIN_ZOOM": 2.0, "MIN_LABEL": 7.5, "SCALERANK": 2, "FCLASS_ISO": null, "FCLASS_US": null, "FCLASS_FR": null, "FCLASS_RU": null, "FCLASS_ES": null, "FCLASS_CN": null, "FCLASS_TW": null, "FCLASS_IN": null, "FCLASS_NP": null, "FCLASS_PK": null, "FCLASS_DE": null, "FCLASS_GB": null, "FCLASS_BR": null, "FCLASS_IL": null, "FCLASS_PS": null, "FCLASS_SA": null, "FCLASS_EG": null, "FCLASS_MA": null, "FCLASS_PT": null, "FCLASS_AR": null, "FCLASS_JP": null, "FCLASS_KO": null, "FCLASS_VN": null, "FCLASS_TR": null, "FCLASS_ID": null, "FCLASS_PL": null, "FCLASS_GR": null, "FCLASS_IT": null, "FCLASS_NL": null, "FCLASS_SE": null, "FCLASS_BD": null, "FCLASS_UA": null, "ne_id": 1746745187, "BRK_A3": null, "FCLASS_OSM": null, "FCLASS_TLC": null }, "geometry": { "type": "MultiLineString", "coordinates": [ [ [ -82.198138471013635, 37.628177915878098 ], [ -82.200946087891623, 37.630033385432398 ], [ -82.219354291067646, 37.65144451844975 ], [ -82.228924602888071, 37.659086119029155 ], [ -82.236419720993297, 37.663309751743611 ], [ -82.24430546322651, 37.666654477921782 ], [ -82.283074993815887, 37.678275572259849 ], [ -82.291693158312569, 37.682938657792818 ], [ -82.296453900327208, 37.688382994279721 ], [ -82.300897259900637, 37.703226744418714 ], [ -82.315325971116636, 37.736356627356429 ], [ -82.316595501780967, 37.741507994398376 ], [ -82.316815227740562, 37.747001157777163 ], [ -82.323773235646286, 37.757621275201643 ], [ -82.336297650416213, 37.771805846562529 ], [ -82.399237103109783, 37.823002135440163 ], [ -82.401922649610583, 37.827103696878112 ], [ -82.404119916400987, 37.831669126828729 ], [ -82.407342572201912, 37.841776548848657 ], [ -82.412127728112125, 37.873978697458881 ], [ -82.413934368975958, 37.880472837751256 ], [ -82.417401166430693, 37.887552916034224 ], [ -82.424823041050502, 37.897855650118117 ], [ -82.430633587769819, 37.903617369046344 ], [ -82.436199993734704, 37.908011899929193 ], [ -82.476678509605506, 37.931107603433134 ], [ -82.481927533129124, 37.936551939020774 ], [ -82.482830852661721, 37.94136150972588 ], [ -82.481024212697264, 37.944291196981112 ], [ -82.468475384931082, 37.960013852757072 ], [ -82.465936321803781, 37.964261900266479 ], [ -82.465374798608082, 37.967972838475703 ], [ -82.466522259794431, 37.973343932376565 ], [ -82.470086712831517, 37.98098553295597 ], [ -82.475189252082316, 37.986918150052588 ], [ -82.478973431078941, 37.99043377529847 ], [ -82.533685346101834, 38.02881268175986 ], [ -82.540643353108237, 38.035843932251623 ], [ -82.545208783058854, 38.045072446835945 ], [ -82.550482221377422, 38.059525571947574 ], [ -82.555975384756209, 38.068168150339829 ], [ -82.631195110565898, 38.152860533286969 ], [ -82.636834760016143, 38.161576353366002 ], [ -82.637371869316326, 38.166532408343926 ], [ -82.636981244288961, 38.171268736462991 ], [ -82.635662884934163, 38.174613463540481 ], [ -82.633856244070387, 38.176957212805121 ], [ -82.630706829956239, 38.179447447241898 ], [ -82.612616010120746, 38.189799010016259 ], [ -82.605267377187715, 38.196171079931389 ], [ -82.602166790864715, 38.200345884854698 ], [ -82.600555462964223, 38.204545102774262 ], [ -82.599749799013978, 38.20954998644271 ], [ -82.601019329678309, 38.225809752418115 ], [ -82.600408977792085, 38.231254088005755 ], [ -82.598846477682798, 38.235746275370275 ], [ -82.595745892259117, 38.238553893147639 ], [ -82.590741010389308, 38.239799009916339 ], [ -82.578582805851795, 38.241703307261787 ], [ -82.574359174036658, 38.244022643530172 ], [ -82.571820110909357, 38.247635924358406 ], [ -82.571380658090902, 38.252640807127534 ], [ -82.571551556259294, 38.258231626987993 ], [ -82.572283977623442, 38.263553893097651 ], [ -82.572625774859603, 38.274222838313335 ], [ -82.570282024695643, 38.296757017722143 ], [ -82.567742963367039, 38.309232602902284 ], [ -82.568817181068027, 38.318851744312553 ], [ -82.571991009977125, 38.330521666441712 ], [ -82.590106243708192, 38.36211346316577 ], [ -82.593573041162927, 38.369706235954027 ], [ -82.59393925229466, 38.372440611145294 ], [ -82.593817181018096, 38.376151549354518 ], [ -82.590008588125841, 38.402250181800412 ], [ -82.58966679088968, 38.413431822420648 ], [ -82.589447064030765, 38.419315610826743 ] ], [ [ -82.024676555778399, 37.542289243953405 ], [ -82.036834760315912, 37.543290220866993 ], [ -82.115936321603954, 37.563382994529547 ], [ -82.129364055906422, 37.569584166276229 ], [ -82.136248822125424, 37.575492369477274 ], [ -82.135516399861956, 37.580814634687613 ], [ -82.135394330384031, 37.586381041551817 ], [ -82.136492962879913, 37.591605650280542 ], [ -82.138836713043872, 37.596244321917879 ], [ -82.142132611430839, 37.600345885154468 ], [ -82.150018352764732, 37.607841002360374 ], [ -82.181097454983558, 37.630179868805897 ], [ -82.188787885152749, 37.631571470746735 ] ], [ [ -82.188787885152749, 37.631571470746735 ], [ -82.194061321672621, 37.630033385432398 ], [ -82.198138471013635, 37.628177915878098 ] ], [ [ -81.965228314435137, 37.538675963125172 ], [ -81.983880658365649, 37.546854673904079 ], [ -81.994891399918174, 37.547831236022716 ] ], [ [ -81.994891399918174, 37.547831236022716 ], [ -82.024676555778399, 37.542289243953405 ] ] ] } },
{ "type": "Feature", "properties": { "FEATURECLA": "Admin-1 statistical meta bounds", "NAME": "West Virginia - Pennsylvania", "ADM0_A3": "USA", "ADM0_NAME": "United States of America", "SHAPE_LENG": 194.59306586100001, "MAPCOLOR13": 1.0, "MAPCOLOR9": 1.0, "SOV_A3": "US1", "NAME_L": "West Virginia", "NAME_R": "Pennsylvania", "NAME_ALT_L": "WV|W.Va.", "NAME_ALT_R": "Commonwealth of Pennsylvania|PA", "NAME_LOC_L": null, "NAME_LOC_R": null, "NAME_LEN_L": 13.0, "NAME_LEN_R": 12.0, "NOTE": "US_69", "TYPE": null, "MIN_ZOOM": 2.0, "MIN_LABEL": 7.5, "SCALERANK": 2, "FCLASS_ISO": null, "FCLASS_US": null, "FCLASS_FR": null, "FCLASS_RU": null, "FCLASS_ES": null, "FCLASS_CN": null, "FCLASS_TW": null, "FCLASS_IN": null, "FCLASS_NP": null, "FCLASS_PK": null, "FCLASS_DE": null, "FCLASS_GB": null, "FCLASS_BR": null, "FCLASS_IL": null, "FCLASS_PS": null, "FCLASS_SA": null, "FCLASS_EG": null, "FCLASS_MA": null, "FCLASS_PT": null, "FCLASS_AR": null, "FCLASS_JP": null, "FCLASS_KO": null, "FCLASS_VN": null, "FCLASS_TR": null, "FCLASS_ID": null, "FCLASS_PL": null, "FCLASS_GR": null, "FCLASS_IT": null, "FCLASS_NL": null, "FCLASS_SE": null, "FCLASS_BD": null, "FCLASS_UA": null, "ne_id": 1746745193, "BRK_A3": null, "FCLASS_OSM": null, "FCLASS_TLC": null }, "geometry": { "type": "MultiLineString", "coordinates": [ [ [ -80.519403118659, 39.721488462922196 ], [ -80.51947636124504, 39.791117368871426 ], [ -80.519549602931818, 39.860770688716286 ], [ -80.519622846417235, 39.93044842425536 ], [ -80.519696088103956, 40.000101744100164 ], [ -80.519696088103956, 40.080350768373251 ], [ -80.519793743686307, 40.160575376952067 ], [ -80.519866986272405, 40.240848814221351 ], [ -80.519940227959125, 40.321097838494438 ], [ -80.520013471444543, 40.401371274864402 ], [ -80.520086713131263, 40.481620299137489 ], [ -80.520184368713615, 40.5618693225112 ], [ -80.520233197404139, 40.642167174575434 ], [ -80.520233197404139, 40.642728696871814 ], [ -80.520233197404139, 40.643314634862463 ], [ -80.520233197404139, 40.643900571953793 ], [ -80.520233197404139, 40.644486509944443 ], [ -80.520233197404139, 40.645072447035773 ], [ -80.520233197404139, 40.645633971130849 ], [ -80.520233197404139, 40.646195494326605 ], [ -80.520233197404139, 40.646781432317198 ] ], [ [ -79.477435346364132, 39.721757018471578 ], [ -79.607659954843029, 39.721708188881792 ], [ -79.737957805908025, 39.721659361090644 ], [ -79.868182416185562, 39.721634947195014 ], [ -79.998407024664459, 39.72161053329944 ], [ -80.128680462733143, 39.721561705508293 ], [ -80.258905072111361, 39.721512876817769 ], [ -80.389129680590258, 39.721512876817769 ], [ -80.519403118659, 39.721488462922196 ] ] ] } },
{ "type": "Feature", "properties": { "FEATURECLA": "Admin-1 boundary", "NAME": "Texas - Louisiana", "ADM0_A3": "USA", "ADM0_NAME": "United States of America", "SHAPE_LENG": 350.59992221300001, "MAPCOLOR13": 1.0, "MAPCOLOR9": 1.0, "SOV_A3": "US1", "NAME_L": "Texas", "NAME_R": "Louisiana", "NAME_ALT_L": "TX|Tex.", "NAME_ALT_R": "LA", "NAME_LOC_L": null, "NAME_LOC_R": null, "NAME_LEN_L": 5.0, "NAME_LEN_R": 9.0, "NOTE": "US_68", "TYPE": null, "MIN_ZOOM": 2.0, "MIN_LABEL": 7.5, "SCALERANK": 2, "FCLASS_ISO": null, "FCLASS_US": null, "FCLASS_FR": null, "FCLASS_RU": null, "FCLASS_ES": null, "FCLASS_CN": null, "FCLASS_TW": null, "FCLASS_IN": null, "FCLASS_NP": null, "FCLASS_PK": null, "FCLASS_DE": null, "FCLASS_GB": null, "FCLASS_BR": null, "FCLASS_IL": null, "FCLASS_PS": null, "FCLASS_SA": null, "FCLASS_EG": null, "FCLASS_MA": null, "FCLASS_PT": null, "FCLASS_AR": null, "FCLASS_JP": null, "FCLASS_KO": null, "FCLASS_VN": null, "FCLASS_TR": null, "FCLASS_ID": null, "FCLASS_PL": null, "FCLASS_GR": null, "FCLASS_IT": null, "FCLASS_NL": null, "FCLASS_SE": null, "FCLASS_BD": null, "FCLASS_UA": null, "ne_id": 1746745197, "BRK_A3": null, "FCLASS_OSM": null, "FCLASS_TLC": null }, "geometry": { "type": "MultiLineString", "coordinates": [ [ [ -93.585833782802808, 31.192069518093774 ], [ -93.589398235839894, 31.192142759780495 ], [ -93.592474408267321, 31.192508970912286 ], [ -93.594574016777415, 31.193387877448572 ], [ -93.597357220659205, 31.195267759999126 ], [ -93.600457806082886, 31.198002135190393 ], [ -93.603167767378523, 31.201566588227422 ], [ -93.605194135101215, 31.206791196956146 ], [ -93.609100385374461, 31.233451353497173 ], [ -93.610784954961673, 31.238627135334013 ], [ -93.616180462758109, 31.246000182162675 ], [ -93.619232221289963, 31.251200376995769 ], [ -93.621600385349495, 31.258109557110345 ], [ -93.623577924381664, 31.266263853094301 ], [ -93.625775189373485, 31.271830259958506 ], [ -93.628460735874228, 31.276639829764292 ], [ -93.631634563884006, 31.28064373651921 ], [ -93.642669721130687, 31.290775572434711 ], [ -93.668255658172086, 31.30940350246965 ], [ -93.672625775159361, 31.314139829689395 ], [ -93.67589725965081, 31.320048032890384 ], [ -93.677899212578552, 31.330716978106011 ], [ -93.676824993978244, 31.337723813802938 ], [ -93.674871868841649, 31.343558775317206 ], [ -93.670599408335988, 31.352347837982336 ], [ -93.667645306285863, 31.356327329942303 ], [ -93.655072063724731, 31.3702677605487 ], [ -93.654461712737827, 31.373636899723124 ], [ -93.656243938806711, 31.376346861018817 ], [ -93.670062299035862, 31.384330259733701 ], [ -93.685540814057276, 31.398734557054127 ], [ -93.695428510117608, 31.410306821802351 ], [ -93.698699993709738, 31.41692303337129 ], [ -93.701556439278249, 31.425467955281874 ], [ -93.704461712637908, 31.441605649980715 ], [ -93.706903119283481, 31.449906432036187 ], [ -93.710174602875611, 31.455887876923953 ], [ -93.714422650384961, 31.458841978074815 ], [ -93.719891399868175, 31.460941588383605 ], [ -93.731756634960732, 31.463675963574815 ], [ -93.73641972139302, 31.465873228566636 ], [ -93.740203900389645, 31.468680846343943 ], [ -93.743255658022179, 31.473002135540128 ], [ -93.745428510017689, 31.477543149796531 ], [ -93.747552533322732, 31.485526549410679 ], [ -93.746795697163691, 31.490336119216522 ], [ -93.743719524736264, 31.494291197280916 ], [ -93.733221477689028, 31.500174985687011 ], [ -93.732757610974943, 31.500565610714318 ], [ -93.731585735892963, 31.501639830213946 ], [ -93.729168744042283, 31.504545103573662 ], [ -93.726263470682625, 31.509720885410502 ], [ -93.726702924400399, 31.514994321930374 ], [ -93.729876752410178, 31.519095885166962 ], [ -93.734710736111538, 31.521879088149376 ], [ -93.740496868935338, 31.524051939245567 ], [ -93.764862103103553, 31.530399596164386 ], [ -93.770526166449429, 31.532767760223919 ], [ -93.775335736255215, 31.535502135415186 ], [ -93.784100385024715, 31.541703307161868 ], [ -93.810882611043667, 31.567167173825965 ], [ -93.820721478413475, 31.578690610783042 ], [ -93.826922650160157, 31.587845885479226 ], [ -93.829608196660956, 31.593827330366992 ], [ -93.832904095947242, 31.603446470877884 ], [ -93.833490033038572, 31.611014829770568 ], [ -93.832904095947242, 31.61787518209394 ], [ -93.828997845673996, 31.628275571760184 ], [ -93.824823040750687, 31.635550963006494 ], [ -93.823187298954679, 31.640922056907357 ], [ -93.821893352596135, 31.649320494545179 ], [ -93.820184369113349, 31.677274596545374 ], [ -93.818621869004005, 31.686478697234065 ], [ -93.813861126989423, 31.702372252077737 ], [ -93.813446088066485, 31.708109557110333 ], [ -93.814300579807878, 31.713090025084568 ], [ -93.816864055931433, 31.71687420498057 ], [ -93.819866985772762, 31.720170103367536 ], [ -93.823358197123071, 31.723295102686848 ], [ -93.826898236264583, 31.731009946751612 ], [ -93.830584759678914, 31.742777525362499 ], [ -93.837347454621295, 31.781351743887853 ], [ -93.840057415916988, 31.790360533411842 ], [ -93.865814252026098, 31.82278240798172 ], [ -93.87294315810027, 31.83557537740171 ], [ -93.876922650060237, 31.845316588289904 ], [ -93.881756634660917, 31.854667174150734 ], [ -93.890521283430473, 31.86792401028481 ], [ -93.904168743692537, 31.883207213242258 ], [ -93.923602337677721, 31.900565610814283 ], [ -93.932366986447221, 31.906742369564711 ], [ -93.965252727731183, 31.920975767817424 ], [ -93.969696088203875, 31.923490416149775 ], [ -93.973968548709536, 31.926517759886679 ], [ -93.97743534616427, 31.930082212923764 ], [ -93.997845502268092, 31.962552916184109 ], [ -94.00250858780106, 31.967338072094321 ], [ -94.014935346089317, 31.975614439354899 ], [ -94.021258588213243, 31.978495298818984 ], [ -94.035003704956978, 31.987186705002387 ], [ -94.04037479885784, 31.99231365814876 ], [ -94.042449994371736, 31.996097838044761 ], [ -94.043231244426352, 31.998197447454231 ], [ -94.04306034625796, 32.072318540768038 ], [ -94.042816204604151, 32.189603697352709 ], [ -94.042596477745235, 32.306962096523534 ], [ -94.042352337890065, 32.42429608000009 ], [ -94.042157024926723, 32.541605650480392 ], [ -94.041961712862758, 32.658939634856267 ], [ -94.041717572108269, 32.776273619232143 ], [ -94.041497846148673, 32.893632018402911 ], [ -94.041253705394183, 33.010941587983893 ] ], [ [ -93.798421170400673, 29.985606596567152 ], [ -93.796405072036407, 29.990238463034643 ], [ -93.776092572414257, 30.021805845863071 ], [ -93.717205853367432, 30.07981365837361 ], [ -93.724896282637303, 30.091825376839665 ], [ -93.723284954736869, 30.10105389322257 ], [ -93.710394329734527, 30.120780454854071 ], [ -93.703973431128929, 30.143754087980767 ], [ -93.704681438597504, 30.159672056720012 ], [ -93.70824589163459, 30.174003111454397 ], [ -93.710394329734527, 30.192484557216517 ], [ -93.712567180830717, 30.199174010472177 ], [ -93.722259563927707, 30.213798032852935 ], [ -93.724676555778387, 30.223807799290512 ], [ -93.722821088022783, 30.23513592418351 ], [ -93.713324016989759, 30.25478924412829 ], [ -93.710394329734527, 30.264774595770973 ], [ -93.71517948564474, 30.287259947388634 ], [ -93.729657024651942, 30.301761900291467 ], [ -93.744891399818243, 30.313968931720808 ], [ -93.751971478101211, 30.329349791159927 ], [ -93.75580448578836, 30.373368346172242 ], [ -93.752410930919723, 30.392679868880805 ], [ -93.738324016939828, 30.414994322330074 ], [ -93.713958782771613, 30.441288267739367 ], [ -93.706390423878929, 30.454789243728612 ], [ -93.703582806101622, 30.473343932076773 ], [ -93.704998821938091, 30.481302915996764 ], [ -93.717205853367432, 30.51118572833866 ], [ -93.716326946831089, 30.512259946938968 ], [ -93.717205853367432, 30.531669127028579 ], [ -93.719842572077027, 30.536381041252014 ], [ -93.728045696751508, 30.540897643411483 ], [ -93.730877728424389, 30.545951353072439 ], [ -93.730535931188228, 30.565653501707743 ], [ -93.721746869422475, 30.583207213142373 ], [ -93.7064880803606, 30.595756040908554 ], [ -93.686810345620927, 30.600565610714341 ], [ -93.684930463070373, 30.611136900347674 ], [ -93.670404096272023, 30.660697447429243 ], [ -93.661981243839307, 30.676298032827958 ], [ -93.627850384887324, 30.699882017840821 ], [ -93.618231244376432, 30.714139829989165 ], [ -93.610028118802632, 30.761869322311384 ], [ -93.573846478232383, 30.81968182185858 ], [ -93.568182415785827, 30.836478697134169 ], [ -93.566815227740562, 30.845267759799242 ], [ -93.566400188817624, 30.85720623657852 ], [ -93.567572063899604, 30.86841229109433 ], [ -93.572674603150404, 30.887406432261002 ], [ -93.573846478232383, 30.898490416399568 ], [ -93.569915814063563, 30.908817564379092 ], [ -93.561053509711712, 30.917313658498529 ], [ -93.545916791027082, 30.928910338041646 ], [ -93.539642376694303, 30.939432798984456 ], [ -93.538153119171113, 30.943900572453458 ], [ -93.545916791027082, 30.956840025246947 ], [ -93.553289837855687, 30.964115416493257 ], [ -93.569085736217744, 30.985697446779739 ], [ -93.577557416441607, 31.008402525256315 ], [ -93.563006634848307, 31.018900572303551 ], [ -93.553680462883051, 31.02007244738553 ], [ -93.526556438728619, 31.027274596045743 ], [ -93.518597454808685, 31.031962096373604 ], [ -93.514764447121536, 31.042045102699319 ], [ -93.518841595563174, 31.049222838363278 ], [ -93.532879680852545, 31.059891783578905 ], [ -93.559588666084039, 31.097123227954569 ], [ -93.557440227984102, 31.108207212992454 ], [ -93.548065228227699, 31.121732602877273 ], [ -93.545916791027082, 31.131571471146458 ], [ -93.543035930663677, 31.176175963250103 ], [ -93.548455853255007, 31.192533384807859 ], [ -93.566400188817624, 31.196439635081049 ] ], [ [ -93.566400188817624, 31.196439635081049 ], [ -93.585833782802808, 31.192069518093774 ] ] ] } },
{ "type": "Feature", "properties": { "FEATURECLA": "Admin-1 boundary", "NAME": "Arkansas - Louisiana", "ADM0_A3": "USA", "ADM0_NAME": "United States of America", "SHAPE_LENG": 320.02030131700002, "MAPCOLOR13": 1.0, "MAPCOLOR9": 1.0, "SOV_A3": "US1", "NAME_L": "Arkansas", "NAME_R": "Louisiana", "NAME_ALT_L": "AR|Ark.", "NAME_ALT_R": "LA", "NAME_LOC_L": null, "NAME_LOC_R": null, "NAME_LEN_L": 8.0, "NAME_LEN_R": 9.0, "NOTE": "US_67", "TYPE": null, "MIN_ZOOM": 2.0, "MIN_LABEL": 7.5, "SCALERANK": 2, "FCLASS_ISO": null, "FCLASS_US": null, "FCLASS_FR": null, "FCLASS_RU": null, "FCLASS_ES": null, "FCLASS_CN": null, "FCLASS_TW": null, "FCLASS_IN": null, "FCLASS_NP": null, "FCLASS_PK": null, "FCLASS_DE": null, "FCLASS_GB": null, "FCLASS_BR": null, "FCLASS_IL": null, "FCLASS_PS": null, "FCLASS_SA": null, "FCLASS_EG": null, "FCLASS_MA": null, "FCLASS_PT": null, "FCLASS_AR": null, "FCLASS_JP": null, "FCLASS_KO": null, "FCLASS_VN": null, "FCLASS_TR": null, "FCLASS_ID": null, "FCLASS_PL": null, "FCLASS_GR": null, "FCLASS_IT": null, "FCLASS_NL": null, "FCLASS_SE": null, "FCLASS_BD": null, "FCLASS_UA": null, "ne_id": 1746745201, "BRK_A3": null, "FCLASS_OSM": null, "FCLASS_TLC": null }, "geometry": { "type": "LineString", "coordinates": [ [ -94.041253705394183, 33.010941587983893 ], [ -93.862469524948608, 33.011088072256712 ], [ -93.683660930607459, 33.011283385220054 ], [ -93.504876751960524, 33.011478697284019 ], [ -93.326092572414268, 33.011625182456157 ], [ -93.147283978073119, 33.011771665829713 ], [ -92.96847538463129, 33.011991392688628 ], [ -92.789666791189461, 33.01216229085702 ], [ -92.610882610743886, 33.012333189025412 ], [ -92.43209843119763, 33.012479674197607 ], [ -92.253289837755801, 33.012699400157146 ], [ -92.074505658209546, 33.012870299224915 ], [ -91.895697063868397, 33.013016783497733 ], [ -91.716912885221461, 33.013187682565501 ], [ -91.538104290880312, 33.013334165939 ], [ -91.359295697438483, 33.013480650211818 ], [ -91.180487103097335, 33.013700377070734 ], [ -91.16647343080416, 33.014335142852531 ] ] } },
{ "type": "Feature", "properties": { "FEATURECLA": "Admin-1 boundary", "NAME": "Tennessee - Mississippi", "ADM0_A3": "USA", "ADM0_NAME": "United States of America", "SHAPE_LENG": 236.57031725600001, "MAPCOLOR13": 1.0, "MAPCOLOR9": 1.0, "SOV_A3": "US1", "NAME_L": "Tennessee", "NAME_R": "Mississippi", "NAME_ALT_L": "TN|Tenn.", "NAME_ALT_R": "MS|Miss.", "NAME_LOC_L": null, "NAME_LOC_R": null, "NAME_LEN_L": 9.0, "NAME_LEN_R": 11.0, "NOTE": "US_66", "TYPE": null, "MIN_ZOOM": 2.0, "MIN_LABEL": 7.5, "SCALERANK": 2, "FCLASS_ISO": null, "FCLASS_US": null, "FCLASS_FR": null, "FCLASS_RU": null, "FCLASS_ES": null, "FCLASS_CN": null, "FCLASS_TW": null, "FCLASS_IN": null, "FCLASS_NP": null, "FCLASS_PK": null, "FCLASS_DE": null, "FCLASS_GB": null, "FCLASS_BR": null, "FCLASS_IL": null, "FCLASS_PS": null, "FCLASS_SA": null, "FCLASS_EG": null, "FCLASS_MA": null, "FCLASS_PT": null, "FCLASS_AR": null, "FCLASS_JP": null, "FCLASS_KO": null, "FCLASS_VN": null, "FCLASS_TR": null, "FCLASS_ID": null, "FCLASS_PL": null, "FCLASS_GR": null, "FCLASS_IT": null, "FCLASS_NL": null, "FCLASS_SE": null, "FCLASS_BD": null, "FCLASS_UA": null, "ne_id": 1746745205, "BRK_A3": null, "FCLASS_OSM": null, "FCLASS_TLC": null }, "geometry": { "type": "MultiLineString", "coordinates": [ [ [ -90.304217572383038, 35.000077330304521 ], [ -90.174212688964417, 34.999930846031702 ], [ -90.044256635135582, 34.999833189550031 ], [ -89.914276165612534, 34.999711119172787 ], [ -89.784246869197659, 34.999540221004395 ], [ -89.654315228365078, 34.9993937358322 ], [ -89.52433475974135, 34.999222838563128 ], [ -89.394329877222049, 34.99907635339099 ], [ -89.264373821594575, 34.998954283013745 ], [ -89.134368939075273, 34.99883221353582 ], [ -89.004388471350865, 34.998685728363625 ], [ -88.874408001827817, 34.998539244090807 ], [ -88.744427533204089, 34.998392759817989 ], [ -88.614422649785467, 34.998221860750277 ], [ -88.484466595956633, 34.998124205167926 ], [ -88.354461713437331, 34.998002134790681 ], [ -88.224481243914283, 34.997831235722913 ] ], [ [ -88.224481243914283, 34.997831235722913 ], [ -88.188836712644161, 34.997831235722913 ], [ -88.179071087860393, 34.997831235722913 ] ] ] } },
{ "type": "Feature", "properties": { "FEATURECLA": "Admin-1 boundary", "NAME": "Alabama - Mississippi", "ADM0_A3": "USA", "ADM0_NAME": "United States of America", "SHAPE_LENG": 439.96767395900002, "MAPCOLOR13": 1.0, "MAPCOLOR9": 1.0, "SOV_A3": "US1", "NAME_L": "Alabama", "NAME_R": "Mississippi", "NAME_ALT_L": "AL|Ala.", "NAME_ALT_R": "MS|Miss.", "NAME_LOC_L": null, "NAME_LOC_R": null, "NAME_LEN_L": 7.0, "NAME_LEN_R": 11.0, "NOTE": "US_65", "TYPE": null, "MIN_ZOOM": 2.0, "MIN_LABEL": 7.5, "SCALERANK": 2, "FCLASS_ISO": null, "FCLASS_US": null, "FCLASS_FR": null, "FCLASS_RU": null, "FCLASS_ES": null, "FCLASS_CN": null, "FCLASS_TW": null, "FCLASS_IN": null, "FCLASS_NP": null, "FCLASS_PK": null, "FCLASS_DE": null, "FCLASS_GB": null, "FCLASS_BR": null, "FCLASS_IL": null, "FCLASS_PS": null, "FCLASS_SA": null, "FCLASS_EG": null, "FCLASS_MA": null, "FCLASS_PT": null, "FCLASS_AR": null, "FCLASS_JP": null, "FCLASS_KO": null, "FCLASS_VN": null, "FCLASS_TR": null, "FCLASS_ID": null, "FCLASS_PL": null, "FCLASS_GR": null, "FCLASS_IT": null, "FCLASS_NL": null, "FCLASS_SE": null, "FCLASS_BD": null, "FCLASS_UA": null, "ne_id": 1746745211, "BRK_A3": null, "FCLASS_OSM": null, "FCLASS_TLC": null }, "geometry": { "type": "LineString", "coordinates": [ [ -88.179071087860393, 34.997831235722913 ], [ -88.161590619011861, 34.957450377233101 ], [ -88.137371869116464, 34.92859295480099 ], [ -88.105023236233365, 34.910013853456576 ], [ -88.088153119270999, 34.908060728319924 ], [ -88.089422649935329, 34.892045103099008 ], [ -88.094134564158765, 34.855961119010431 ], [ -88.095257610550277, 34.847489438786567 ], [ -88.098577923732194, 34.822635924008637 ], [ -88.103826947255811, 34.78262127485192 ], [ -88.110980267225557, 34.728495298719054 ], [ -88.119866986372301, 34.66133221331097 ], [ -88.130340618624643, 34.58223065022429 ], [ -88.142230266713398, 34.492264829858016 ], [ -88.155389447265179, 34.39248455691677 ], [ -88.16969608810399, 34.284012876892746 ], [ -88.185028118852586, 34.167948424080464 ], [ -88.201239056137524, 34.045389830076601 ], [ -88.218158001790357, 33.917362485690148 ], [ -88.235638470638889, 33.785013853006888 ], [ -88.253582806201507, 33.649393735832234 ], [ -88.271795697313564, 33.511600768460653 ], [ -88.290106244007916, 33.372709165895287 ], [ -88.308465619392791, 33.233841978124758 ], [ -88.326702924400422, 33.096097838544381 ], [ -88.344622846067466, 32.960477721369728 ], [ -88.362127727912309, 32.828104673891573 ], [ -88.379022259669512, 32.700101744300014 ], [ -88.395184369163303, 32.577494322504947 ], [ -88.410540813807472, 32.461478697483869 ], [ -88.424871869441176, 32.353007018359165 ], [ -88.438079876884785, 32.253226744518599 ], [ -88.449969524973596, 32.163285338047899 ], [ -88.460418744229628, 32.084134947170071 ], [ -88.469305463376429, 32.016996274758242 ], [ -88.476483197241748, 31.962821470834172 ], [ -88.48175663466094, 31.922831236472348 ], [ -88.485003705256759, 31.898050963381252 ], [ -88.486151166443165, 31.889506041470611 ], [ -88.480902142020227, 31.795658384726664 ], [ -88.475628704601036, 31.701835142777611 ], [ -88.470379681077418, 31.60793865824246 ], [ -88.465155072348693, 31.514091002397834 ], [ -88.459930462720649, 31.42026776044878 ], [ -88.454681439197032, 31.32637127501431 ], [ -88.44940800177784, 31.232523619169683 ], [ -88.444158978254222, 31.13870037722063 ], [ -88.438909954730605, 31.044828307480373 ], [ -88.433636517311413, 30.950980649837106 ], [ -88.428436321578943, 30.857132993992479 ], [ -88.423162885059071, 30.763260924252222 ], [ -88.417938275431027, 30.669413268407595 ], [ -88.412713665803039, 30.575590025559222 ], [ -88.407440228383791, 30.481693541024072 ], [ -88.402215618755804, 30.387870299075018 ], [ -88.40221339653101, 30.387830396155834 ] ] } },
{ "type": "Feature", "properties": { "FEATURECLA": "Admin-1 statistical boundary", "NAME": "Florida - Alabama", "ADM0_A3": "USA", "ADM0_NAME": "United States of America", "SHAPE_LENG": 352.88735554499999, "MAPCOLOR13": 1.0, "MAPCOLOR9": 1.0, "SOV_A3": "US1", "NAME_L": "Florida", "NAME_R": "Alabama", "NAME_ALT_L": "FL|Fla.", "NAME_ALT_R": "AL|Ala.", "NAME_LOC_L": null, "NAME_LOC_R": null, "NAME_LEN_L": 7.0, "NAME_LEN_R": 7.0, "NOTE": "US_64", "TYPE": null, "MIN_ZOOM": 2.0, "MIN_LABEL": 7.5, "SCALERANK": 2, "FCLASS_ISO": null, "FCLASS_US": null, "FCLASS_FR": null, "FCLASS_RU": null, "FCLASS_ES": null, "FCLASS_CN": null, "FCLASS_TW": null, "FCLASS_IN": null, "FCLASS_NP": null, "FCLASS_PK": null, "FCLASS_DE": null, "FCLASS_GB": null, "FCLASS_BR": null, "FCLASS_IL": null, "FCLASS_PS": null, "FCLASS_SA": null, "FCLASS_EG": null, "FCLASS_MA": null, "FCLASS_PT": null, "FCLASS_AR": null, "FCLASS_JP": null, "FCLASS_KO": null, "FCLASS_VN": null, "FCLASS_TR": null, "FCLASS_ID": null, "FCLASS_PL": null, "FCLASS_GR": null, "FCLASS_IT": null, "FCLASS_NL": null, "FCLASS_SE": null, "FCLASS_BD": null, "FCLASS_UA": null, "ne_id": 1746745215, "BRK_A3": null, "FCLASS_OSM": null, "FCLASS_TLC": null }, "geometry": { "type": "LineString", "coordinates": [ [ -85.006585736242698, 31.000101744100164 ], [ -85.165448041194111, 31.00007733020459 ], [ -85.324334760041154, 31.00007733020459 ], [ -85.48319706409319, 31.000028502413443 ], [ -85.642059369044603, 31.000004088517869 ], [ -85.800946087891646, 31.000004088517869 ], [ -85.959808391943739, 30.999955259827345 ], [ -86.118670696895151, 30.999906432036198 ], [ -86.277557415742137, 30.999906432036198 ], [ -86.43641972069355, 30.999906432036198 ], [ -86.595282024745643, 30.999857603345674 ], [ -86.754168743592629, 30.999833189450101 ], [ -86.913031049443362, 30.999833189450101 ], [ -87.071893352596135, 30.999833189450101 ], [ -87.230780072342441, 30.999784360759634 ], [ -87.389642377293853, 30.99975994686406 ], [ -87.548504681345946, 30.99975994686406 ], [ -87.593646282749717, 30.999711119072856 ], [ -87.600311322109803, 30.98586834584745 ], [ -87.598284955286431, 30.938920103579903 ], [ -87.599945110978069, 30.934086118979167 ], [ -87.620428509667988, 30.895511900453812 ], [ -87.624432416422849, 30.885209166369918 ], [ -87.625994915632816, 30.879252135377726 ], [ -87.626922649960306, 30.873050962731725 ], [ -87.625311322059872, 30.865214049188978 ], [ -87.621136517136563, 30.85688885323799 ], [ -87.611053509911528, 30.843412291144318 ], [ -87.599725385018473, 30.831058775442102 ], [ -87.551532025082849, 30.789945493789503 ], [ -87.545843548740777, 30.78247479137849 ], [ -87.52521366577804, 30.749393736231923 ], [ -87.511151165693718, 30.732303893310018 ], [ -87.496844524854907, 30.722611510213028 ], [ -87.41654667369005, 30.680082212723903 ], [ -87.408514447183961, 30.673758971499296 ], [ -87.405194134901365, 30.670170102767997 ], [ -87.403802532960526, 30.660062682546766 ], [ -87.404657024701919, 30.645341001885697 ], [ -87.411224407580335, 30.610697447529162 ], [ -87.419329876672464, 30.584281431742681 ], [ -87.436395305698795, 30.557694517787752 ], [ -87.44020390038969, 30.549100768085964 ], [ -87.44137577457235, 30.544755064094886 ], [ -87.439032025307711, 30.528666197187249 ], [ -87.420257610999954, 30.48093670486503 ], [ -87.419696087804198, 30.479789244577944 ], [ -87.419619235339439, 30.479632196868351 ], [ -87.419611029025759, 30.479610703970764 ] ] } },
{ "type": "Feature", "properties": { "FEATURECLA": "Admin-1 statistical boundary", "NAME": "Georgia - Tennessee", "ADM0_A3": "USA", "ADM0_NAME": "United States of America", "SHAPE_LENG": 142.60968795, "MAPCOLOR13": 1.0, "MAPCOLOR9": 1.0, "SOV_A3": "US1", "NAME_L": "Georgia", "NAME_R": "Tennessee", "NAME_ALT_L": "GA|Ga.", "NAME_ALT_R": "TN|Tenn.", "NAME_LOC_L": null, "NAME_LOC_R": null, "NAME_LEN_L": 7.0, "NAME_LEN_R": 9.0, "NOTE": "US_62", "TYPE": null, "MIN_ZOOM": 2.0, "MIN_LABEL": 7.5, "SCALERANK": 2, "FCLASS_ISO": null, "FCLASS_US": null, "FCLASS_FR": null, "FCLASS_RU": null, "FCLASS_ES": null, "FCLASS_CN": null, "FCLASS_TW": null, "FCLASS_IN": null, "FCLASS_NP": null, "FCLASS_PK": null, "FCLASS_DE": null, "FCLASS_GB": null, "FCLASS_BR": null, "FCLASS_IL": null, "FCLASS_PS": null, "FCLASS_SA": null, "FCLASS_EG": null, "FCLASS_MA": null, "FCLASS_PT": null, "FCLASS_AR": null, "FCLASS_JP": null, "FCLASS_KO": null, "FCLASS_VN": null, "FCLASS_TR": null, "FCLASS_ID": null, "FCLASS_PL": null, "FCLASS_GR": null, "FCLASS_IT": null, "FCLASS_NL": null, "FCLASS_SE": null, "FCLASS_BD": null, "FCLASS_UA": null, "ne_id": 1746745219, "BRK_A3": null, "FCLASS_OSM": null, "FCLASS_TLC": null }, "geometry": { "type": "MultiLineString", "coordinates": [ [ [ -84.324627727887332, 34.987064634924934 ], [ -84.412518352739767, 34.988334166488585 ] ], [ [ -84.412518352739767, 34.988334166488585 ], [ -84.506439252069811, 34.988334166488585 ], [ -84.577166791414299, 34.988334166488585 ], [ -84.61896366574058, 34.988334166488585 ], [ -84.744549602582083, 34.988334166488585 ], [ -84.870111127326652, 34.988334166488585 ], [ -84.995672650272581, 34.987552916433913 ], [ -85.121258588013404, 34.986771666379298 ], [ -85.246844524854907, 34.98520916627001 ], [ -85.372406048700157, 34.983646666160666 ], [ -85.497967571646086, 34.983646666160666 ] ], [ [ -85.497967571646086, 34.983646666160666 ], [ -85.605682416410389, 34.98520916627001 ] ] ] } },
{ "type": "Feature", "properties": { "FEATURECLA": "Admin-1 statistical boundary", "NAME": "Alabama - Georgia", "ADM0_A3": "USA", "ADM0_NAME": "United States of America", "SHAPE_LENG": 253.449930634, "MAPCOLOR13": 1.0, "MAPCOLOR9": 1.0, "SOV_A3": "US1", "NAME_L": "Alabama", "NAME_R": "Georgia", "NAME_ALT_L": "AL|Ala.", "NAME_ALT_R": "GA|Ga.", "NAME_LOC_L": null, "NAME_LOC_R": null, "NAME_LEN_L": 7.0, "NAME_LEN_R": 7.0, "NOTE": "US_61", "TYPE": null, "MIN_ZOOM": 2.0, "MIN_LABEL": 7.5, "SCALERANK": 2, "FCLASS_ISO": null, "FCLASS_US": null, "FCLASS_FR": null, "FCLASS_RU": null, "FCLASS_ES": null, "FCLASS_CN": null, "FCLASS_TW": null, "FCLASS_IN": null, "FCLASS_NP": null, "FCLASS_PK": null, "FCLASS_DE": null, "FCLASS_GB": null, "FCLASS_BR": null, "FCLASS_IL": null, "FCLASS_PS": null, "FCLASS_SA": null, "FCLASS_EG": null, "FCLASS_MA": null, "FCLASS_PT": null, "FCLASS_AR": null, "FCLASS_JP": null, "FCLASS_KO": null, "FCLASS_VN": null, "FCLASS_TR": null, "FCLASS_ID": null, "FCLASS_PL": null, "FCLASS_GR": null, "FCLASS_IT": null, "FCLASS_NL": null, "FCLASS_SE": null, "FCLASS_BD": null, "FCLASS_UA": null, "ne_id": 1746745223, "BRK_A3": null, "FCLASS_OSM": null, "FCLASS_TLC": null }, "geometry": { "type": "LineString", "coordinates": [ [ -84.966595501880875, 32.420316588040066 ], [ -84.96774296306728, 32.433549010278568 ], [ -84.976190227596931, 32.448343931727038 ], [ -84.986615032957388, 32.462552916084178 ], [ -84.994134564058868, 32.478153502382213 ], [ -84.998968548659604, 32.51030682230197 ], [ -85.00309452489239, 32.523075376927068 ], [ -85.014617962748787, 32.539603697552593 ], [ -85.083514447333869, 32.615336118766834 ], [ -85.077703899715175, 32.628519713214189 ], [ -85.085491986366037, 32.636429869342976 ], [ -85.097308391868751, 32.643094907803743 ], [ -85.103387494137507, 32.652543150146244 ], [ -85.101141399555956, 32.670218931958118 ], [ -85.101800580132647, 32.682841002310397 ], [ -85.111810345670904, 32.703373227892143 ], [ -85.117669721080745, 32.738236510006914 ], [ -85.125824017064701, 32.749857603445605 ], [ -85.135174602925588, 32.760087095842778 ], [ -85.138958782821533, 32.769657408562523 ], [ -85.130682415561012, 32.779203307386695 ], [ -85.136248822425216, 32.785941588433559 ], [ -85.156414837774548, 32.804349790710262 ], [ -85.162542766935132, 32.810770689315859 ], [ -85.167474408017483, 32.817728697221582 ], [ -85.170672649922835, 32.825590025559222 ], [ -85.171673626836366, 32.8344279160155 ], [ -85.168719524786241, 32.863163268070366 ], [ -85.201336713218723, 32.93523357976585 ], [ -85.19862675192303, 32.944364438767821 ], [ -85.206805462701936, 32.983622251765496 ], [ -85.20800175167949, 32.989408385488559 ], [ -85.211517376925372, 33.006254088555295 ], [ -85.217083782890256, 33.033451353497128 ], [ -85.224676555678514, 33.07026775984923 ], [ -85.234149212815908, 33.115922057556872 ], [ -85.244744916344814, 33.169681822558061 ], [ -85.257244916319792, 33.230863463078322 ], [ -85.268182416185539, 33.298661314268202 ], [ -85.283026166324476, 33.372416197349594 ], [ -85.298651165618764, 33.451298033577359 ], [ -85.314276165812373, 33.53457439978871 ], [ -85.332244916169941, 33.621561705108604 ], [ -85.350213665628132, 33.711527525474878 ], [ -85.36574101023939, 33.793119322099017 ], [ -85.386151166343211, 33.897318540718061 ], [ -85.404901165856131, 33.991727721557083 ], [ -85.422088666159027, 34.082865416106074 ], [ -85.44083866567189, 34.179789244378128 ], [ -85.458807416029401, 34.271927915840649 ], [ -85.477557416441584, 34.361918150102497 ], [ -85.49708866600912, 34.448905455422391 ], [ -85.515057416366631, 34.532206236428635 ], [ -85.531463665715592, 34.611063657861507 ], [ -85.547869915963815, 34.684818540942899 ], [ -85.562713666102809, 34.752640806927673 ], [ -85.574432416023171, 34.813773618757466 ], [ -85.584588665834247, 34.867582213348442 ], [ -85.593182416435354, 34.913187682365617 ], [ -85.599432415973183, 34.9500040878184 ], [ -85.60099491608247, 34.962577330379474 ], [ -85.604461712637885, 34.979471861237357 ], [ -85.605682416410389, 34.98520916627001 ] ] } },
{ "type": "Feature", "properties": { "FEATURECLA": "Admin-1 statistical boundary", "NAME": "Georgia - Alabama", "ADM0_A3": "USA", "ADM0_NAME": "United States of America", "SHAPE_LENG": 171.729563899, "MAPCOLOR13": 1.0, "MAPCOLOR9": 1.0, "SOV_A3": "US1", "NAME_L": "Georgia", "NAME_R": "Alabama", "NAME_ALT_L": "GA|Ga.", "NAME_ALT_R": "AL|Ala.", "NAME_LOC_L": null, "NAME_LOC_R": null, "NAME_LEN_L": 7.0, "NAME_LEN_R": 7.0, "NOTE": "US_60", "TYPE": null, "MIN_ZOOM": 2.0, "MIN_LABEL": 7.5, "SCALERANK": 2, "FCLASS_ISO": null, "FCLASS_US": null, "FCLASS_FR": null, "FCLASS_RU": null, "FCLASS_ES": null, "FCLASS_CN": null, "FCLASS_TW": null, "FCLASS_IN": null, "FCLASS_NP": null, "FCLASS_PK": null, "FCLASS_DE": null, "FCLASS_GB": null, "FCLASS_BR": null, "FCLASS_IL": null, "FCLASS_PS": null, "FCLASS_SA": null, "FCLASS_EG": null, "FCLASS_MA": null, "FCLASS_PT": null, "FCLASS_AR": null, "FCLASS_JP": null, "FCLASS_KO": null, "FCLASS_VN": null, "FCLASS_TR": null, "FCLASS_ID": null, "FCLASS_PL": null, "FCLASS_GR": null, "FCLASS_IT": null, "FCLASS_NL": null, "FCLASS_SE": null, "FCLASS_BD": null, "FCLASS_UA": null, "ne_id": 1746745231, "BRK_A3": null, "FCLASS_OSM": null, "FCLASS_TLC": null }, "geometry": { "type": "MultiLineString", "coordinates": [ [ [ -84.966595501880875, 32.420316588040066 ], [ -84.968109174199014, 32.407401549142151 ], [ -84.974627728386963, 32.396195493727021 ], [ -84.978875774996993, 32.386527525424924 ], [ -84.973651166268269, 32.375126157945829 ], [ -84.995355266931995, 32.355179869455412 ], [ -84.9918884712759, 32.336869321861684 ], [ -84.972308392118578, 32.320560728095131 ], [ -84.924627727587563, 32.297172056944873 ], [ -84.914984174080359, 32.290433774998689 ], [ -84.908905071811603, 32.279105650105635 ], [ -84.90446171313755, 32.278373227842167 ], [ -84.899969524873654, 32.276346861018794 ], [ -84.897943158050282, 32.268998228085763 ], [ -84.900726361032696, 32.260868345997324 ], [ -84.90770878283405, 32.255472838200888 ], [ -84.916644329771998, 32.2526652213229 ], [ -84.925262494268679, 32.252201352810175 ], [ -84.919500775340509, 32.239701352835141 ], [ -84.922454877390635, 32.229716002091777 ], [ -84.93019413535103, 32.222318541367542 ], [ -84.938885540635169, 32.217460142871289 ] ], [ [ -84.938885540635169, 32.217460142871289 ], [ -84.956854290992737, 32.223978697059181 ] ], [ [ -84.956854290992737, 32.223978697059181 ], [ -84.971746868922821, 32.220780455153886 ], [ -84.975311321959907, 32.212504087893308 ], [ -84.959393353220662, 32.203788267814275 ], [ -84.971307416104366, 32.196171080231125 ], [ -84.987616009870919, 32.189603697352709 ], [ -85.004388471250934, 32.185038268301412 ], [ -85.017718549071787, 32.183329283019987 ], [ -85.024530071805373, 32.179569517918878 ], [ -85.031366010233171, 32.170438658017645 ], [ -85.047381634554768, 32.13762615842046 ], [ -85.049115032832503, 32.129203306887064 ], [ -85.048748821700769, 32.104496275482688 ], [ -85.051214642241916, 32.091507993998732 ], [ -85.061297650366271, 32.073929869567792 ], [ -85.064471478375992, 32.051127135508864 ], [ -85.05702518896129, 32.028763853369128 ], [ -85.060443157725558, 32.003934752486828 ], [ -85.06188358835692, 32.000223814277604 ], [ -85.070428510267504, 31.985331236347463 ], [ -85.074530071705453, 31.980668149915175 ], [ -85.102679485769613, 31.941410337816819 ], [ -85.122088665859224, 31.902958188769389 ], [ -85.130072063674788, 31.869510924289727 ], [ -85.135076947343236, 31.856351743737946 ], [ -85.136419720593608, 31.851493346141012 ], [ -85.137420696607819, 31.845243345703807 ], [ -85.143914837799514, 31.823954283063699 ], [ -85.137054486375405, 31.803690611232696 ], [ -85.109491010301895, 31.692338071744587 ], [ -85.101336713418561, 31.675565611263949 ], [ -85.06696171281277, 31.635257994460858 ], [ -85.058026165874821, 31.616507994048675 ], [ -85.056073040738227, 31.603885923696396 ], [ -85.055609174024141, 31.576591002272892 ], [ -85.053533977610982, 31.568851744312553 ], [ -85.044598430673034, 31.548954282713964 ], [ -85.042547649954088, 31.535331236347474 ], [ -85.048529095741173, 31.511674010547154 ], [ -85.059637493775313, 31.492728697171628 ], [ -85.065448041394006, 31.472074400313318 ], [ -85.055609174024141, 31.443461119535016 ], [ -85.07665409590976, 31.419559752080886 ], [ -85.083660930707367, 31.382938657792806 ], [ -85.08971561908055, 31.306278502251075 ], [ -85.094451947199559, 31.2973673692087 ], [ -85.107147260137936, 31.281742369015092 ], [ -85.110199016871093, 31.271537291412869 ], [ -85.108392376906636, 31.263627135284025 ], [ -85.099334759591443, 31.243998228335556 ], [ -85.097186322390826, 31.234281432242312 ], [ -85.102459759810074, 31.198466001904421 ], [ -85.101019330078032, 31.182670103542421 ], [ -85.08971561908055, 31.169755063745185 ], [ -85.069647260212889, 31.161185727938971 ], [ -85.042327923994492, 31.128861509850765 ], [ -85.018182415785816, 31.086844907766249 ], [ -85.005584760228487, 31.039896666398022 ], [ -84.996112103091093, 31.029374205455213 ], [ -84.994134564058868, 31.018900572303551 ], [ -84.997430463345211, 31.010648618938603 ], [ -85.003802533260284, 31.004398619400718 ], [ -85.006585736242698, 31.000101744100164 ] ] ] } },
{ "type": "Feature", "properties": { "FEATURECLA": "Admin-1 boundary", "NAME": "Georgia - Florida", "ADM0_A3": "USA", "ADM0_NAME": "United States of America", "SHAPE_LENG": 467.78911535499998, "MAPCOLOR13": 1.0, "MAPCOLOR9": 1.0, "SOV_A3": "US1", "NAME_L": "Georgia", "NAME_R": "Florida", "NAME_ALT_L": "GA|Ga.", "NAME_ALT_R": "FL|Fla.", "NAME_LOC_L": null, "NAME_LOC_R": null, "NAME_LEN_L": 7.0, "NAME_LEN_R": 7.0, "NOTE": "US_59", "TYPE": null, "MIN_ZOOM": 2.0, "MIN_LABEL": 7.5, "SCALERANK": 2, "FCLASS_ISO": null, "FCLASS_US": null, "FCLASS_FR": null, "FCLASS_RU": null, "FCLASS_ES": null, "FCLASS_CN": null, "FCLASS_TW": null, "FCLASS_IN": null, "FCLASS_NP": null, "FCLASS_PK": null, "FCLASS_DE": null, "FCLASS_GB": null, "FCLASS_BR": null, "FCLASS_IL": null, "FCLASS_PS": null, "FCLASS_SA": null, "FCLASS_EG": null, "FCLASS_MA": null, "FCLASS_PT": null, "FCLASS_AR": null, "FCLASS_JP": null, "FCLASS_KO": null, "FCLASS_VN": null, "FCLASS_TR": null, "FCLASS_ID": null, "FCLASS_PL": null, "FCLASS_GR": null, "FCLASS_IT": null, "FCLASS_NL": null, "FCLASS_SE": null, "FCLASS_BD": null, "FCLASS_UA": null, "ne_id": 1746745235, "BRK_A3": null, "FCLASS_OSM": null, "FCLASS_TLC": null }, "geometry": { "type": "MultiLineString", "coordinates": [ [ [ -85.006585736242698, 31.000101744100164 ], [ -85.008758588238265, 30.996757017921993 ], [ -85.007806439115882, 30.984159361465345 ], [ -85.003338665646879, 30.979740415787546 ], [ -84.985907024589494, 30.969071471471239 ], [ -84.979876751910581, 30.963675962775426 ], [ -84.974212688564705, 30.952811705495776 ], [ -84.966204876853567, 30.922709166294965 ], [ -84.957733196629704, 30.915238462984632 ], [ -84.94406132157269, 30.891678892766663 ], [ -84.936615033057308, 30.868094907753743 ], [ -84.935345502392977, 30.825882994504582 ], [ -84.920477338358467, 30.760087096242501 ], [ -84.875775188873831, 30.719144712758293 ] ], [ [ -81.945721477863913, 30.821049009903845 ], [ -81.931805462951729, 30.82026775984923 ] ], [ [ -81.989959759735086, 30.781595884842204 ], [ -81.981024212797195, 30.783133971055918 ], [ -81.976678509705437, 30.786234557378918 ], [ -81.973602338177329, 30.790702329948545 ], [ -81.97218632234086, 30.795511899754331 ], [ -81.971185346326649, 30.802274596495408 ], [ -81.971258588013427, 30.804349791109928 ], [ -81.96969608790414, 30.810697447129485 ], [ -81.966864056231202, 30.814628111298305 ], [ -81.961981243839318, 30.81841229119425 ], [ -81.95338749413753, 30.82060955708539 ], [ -81.945721477863913, 30.821049009903845 ] ], [ [ -81.925531048619007, 30.820682798772111 ], [ -81.917913861035856, 30.820218932058026 ], [ -81.909051555784629, 30.818509946776601 ], [ -81.89435429081783, 30.810477721169889 ], [ -81.886590618961861, 30.805179868955747 ], [ -81.873016400386575, 30.798539244390611 ], [ -81.781805463251487, 30.766190611507511 ] ], [ [ -81.931805462951729, 30.82026775984923 ], [ -81.925531048619007, 30.820682798772111 ] ], [ [ -82.008587688870705, 30.78540447773446 ], [ -81.99821171310009, 30.78247479137849 ], [ -81.989959759735086, 30.781595884842204 ] ], [ [ -82.08956913540726, 30.362699400057238 ], [ -82.085174602725715, 30.362723813952812 ], [ -82.057684369238245, 30.369193541248933 ], [ -82.052435345714628, 30.371683774786334 ], [ -82.048577924131905, 30.375394712995615 ], [ -82.046478313823116, 30.383256041333198 ], [ -82.04625858786352, 30.389603697352754 ], [ -82.048162885208967, 30.41831463551199 ], [ -82.047625775009521, 30.424564635049876 ], [ -82.045037884990393, 30.43762615822061 ], [ -82.024871868741741, 30.500101744200094 ], [ -82.011346477957602, 30.566483580452882 ], [ -82.010955852930238, 30.577958188719435 ], [ -82.012152141907791, 30.587992369052586 ], [ -82.013714642017078, 30.592728697171594 ], [ -82.018109173799303, 30.600394713445269 ], [ -82.037371868716775, 30.623929868868345 ], [ -82.041937298667392, 30.63291424449676 ], [ -82.04535526743166, 30.642093932189198 ], [ -82.047308391668935, 30.650052916109189 ], [ -82.048236126895745, 30.661698424342774 ], [ -82.047479290736646, 30.667216002516511 ], [ -82.040594525417021, 30.690067564366586 ], [ -82.039300579957796, 30.696317563904415 ], [ -82.038836713243711, 30.702299009691501 ], [ -82.042059369044637, 30.726908385513582 ], [ -82.041326946781169, 30.736698424192923 ], [ -82.039764446671882, 30.741312681934687 ], [ -82.03781132243455, 30.745560728544774 ], [ -82.034954876866038, 30.749393736231923 ], [ -82.023211713050102, 30.759574399938572 ], [ -82.02025761099992, 30.764481627125349 ], [ -82.018548626617815, 30.770072446985807 ], [ -82.016693157962834, 30.780424009760225 ], [ -82.013616986434783, 30.784134947070129 ], [ -82.008587688870705, 30.78540447773446 ] ], [ [ -81.772918744104743, 30.76726483010782 ], [ -81.763763471207199, 30.766507993948721 ], [ -81.749823040600802, 30.763309752043426 ], [ -81.739862102853749, 30.757230649774669 ], [ -81.733538860729823, 30.752103697527616 ], [ -81.723504681295992, 30.746732602727434 ], [ -81.70875858763867, 30.741068541180198 ], [ -81.660418744329547, 30.728422056932345 ], [ -81.649725385218346, 30.727421080018814 ] ], [ [ -81.781805463251487, 30.766190611507511 ], [ -81.772918744104743, 30.76726483010782 ] ], [ [ -81.639324993753462, 30.729081235710453 ], [ -81.632220501574864, 30.728910338441324 ], [ -81.618597455208374, 30.72129314995891 ], [ -81.608587688770797, 30.717460143171024 ], [ -81.567157024676931, 30.709427915765673 ] ], [ [ -81.649725385218346, 30.727421080018814 ], [ -81.639324993753462, 30.729081235710453 ] ], [ [ -84.867010541003651, 30.72036541653074 ], [ -84.835272260006775, 30.718534360872013 ], [ -84.828875775296751, 30.718143735844706 ], [ -84.810272260056763, 30.717069518143717 ], [ -84.780072064374281, 30.715287291175514 ], [ -84.739129680890073, 30.712821471533687 ], [ -84.688201946662502, 30.70981854079298 ], [ -84.627996869160143, 30.706254087755951 ], [ -84.55934452532955, 30.702152525418683 ], [ -84.482879680952522, 30.697635924158533 ], [ -84.399432415673402, 30.692679869180608 ], [ -84.309759563852765, 30.687382017865787 ], [ -84.21459354865334, 30.681766783210435 ], [ -84.114666791439276, 30.675834166113873 ], [ -84.010736126570976, 30.669657408262765 ], [ -83.903631634592273, 30.663285338347691 ], [ -83.794012494281162, 30.65681561105157 ], [ -83.682708782584257, 30.650199400382007 ], [ -83.570404095772403, 30.643509947126347 ], [ -83.457904095997208, 30.63684490776626 ], [ -83.345892376831728, 30.630179869305493 ], [ -83.235199017020989, 30.623612486427078 ], [ -83.126532024932999, 30.617167173925907 ], [ -83.020672649722997, 30.610892760492504 ], [ -82.918328899758876, 30.604838072119321 ], [ -82.820282025095366, 30.599003111504373 ], [ -82.727288860992132, 30.593509947226266 ], [ -82.640155072298739, 30.588334166288746 ], [ -82.559539837793238, 30.583549010378533 ], [ -82.486199993634784, 30.579203307286775 ], [ -82.420990033363353, 30.575321470909159 ], [ -82.364544720962101, 30.572001157727243 ], [ -82.317694135176168, 30.569217954744772 ], [ -82.281146282574866, 30.567045102749262 ], [ -82.239837688858245, 30.564652524794155 ], [ -82.237811322034872, 30.563090025584188 ], [ -82.237786908139299, 30.560160338328956 ], [ -82.24064335280849, 30.553715024928465 ], [ -82.244769329940596, 30.547172056844943 ], [ -82.246478314322758, 30.543461119535039 ], [ -82.246698041181617, 30.539481627575014 ], [ -82.24547733830849, 30.535233580065665 ], [ -82.239959760134809, 30.527176938764683 ], [ -82.216326947330742, 30.500492369227459 ], [ -82.212054485925762, 30.494095885416755 ], [ -82.207342571702327, 30.485404478333976 ], [ -82.205926555865858, 30.480692564110541 ], [ -82.205316204878955, 30.476298033227636 ], [ -82.205706829906262, 30.471000181912871 ], [ -82.20678104940589, 30.465629088012008 ], [ -82.211663860898454, 30.451127135109175 ], [ -82.21430057960805, 30.439383971293239 ], [ -82.214862102803806, 30.433597838469439 ], [ -82.214788861117029, 30.42851971311427 ], [ -82.212518352639847, 30.419559752280747 ], [ -82.197503705231782, 30.382572446860934 ], [ -82.191864055781537, 30.373905455472368 ], [ -82.188006635098134, 30.370341002435282 ], [ -82.182879681052441, 30.367289243903485 ], [ -82.175824016665047, 30.365238463184482 ], [ -82.166180463157843, 30.364554868712219 ] ], [ [ -84.875775188873831, 30.719144712758293 ], [ -84.867010541003651, 30.72036541653074 ] ], [ [ -81.525262493868979, 30.718143735844706 ], [ -81.507196087929117, 30.71367596327508 ], [ -81.500028141385599, 30.712165301887126 ] ], [ [ -81.567157024676931, 30.709427915765673 ], [ -81.55770878323375, 30.709574400038491 ], [ -81.525262493868979, 30.718143735844706 ] ], [ [ -82.119989056150018, 30.369291196831227 ], [ -82.113201947312007, 30.368119321749305 ], [ -82.094525188586545, 30.363090025084546 ], [ -82.08956913540726, 30.362699400057238 ] ], [ [ -82.166180463157843, 30.364554868712219 ], [ -82.119989056150018, 30.369291196831227 ] ] ] } },
{ "type": "Feature", "properties": { "FEATURECLA": "Admin-1 boundary", "NAME": "South Carolina - Georgia", "ADM0_A3": "USA", "ADM0_NAME": "United States of America", "SHAPE_LENG": 469.39764370699999, "MAPCOLOR13": 1.0, "MAPCOLOR9": 1.0, "SOV_A3": "US1", "NAME_L": "South Carolina", "NAME_R": "Georgia", "NAME_ALT_L": "SC|S.C.", "NAME_ALT_R": "GA|Ga.", "NAME_LOC_L": null, "NAME_LOC_R": null, "NAME_LEN_L": 14.0, "NAME_LEN_R": 7.0, "NOTE": "US_58", "TYPE": null, "MIN_ZOOM": 2.0, "MIN_LABEL": 7.5, "SCALERANK": 2, "FCLASS_ISO": null, "FCLASS_US": null, "FCLASS_FR": null, "FCLASS_RU": null, "FCLASS_ES": null, "FCLASS_CN": null, "FCLASS_TW": null, "FCLASS_IN": null, "FCLASS_NP": null, "FCLASS_PK": null, "FCLASS_DE": null, "FCLASS_GB": null, "FCLASS_BR": null, "FCLASS_IL": null, "FCLASS_PS": null, "FCLASS_SA": null, "FCLASS_EG": null, "FCLASS_MA": null, "FCLASS_PT": null, "FCLASS_AR": null, "FCLASS_JP": null, "FCLASS_KO": null, "FCLASS_VN": null, "FCLASS_TR": null, "FCLASS_ID": null, "FCLASS_PL": null, "FCLASS_GR": null, "FCLASS_IT": null, "FCLASS_NL": null, "FCLASS_SE": null, "FCLASS_BD": null, "FCLASS_UA": null, "ne_id": 1746745239, "BRK_A3": null, "FCLASS_OSM": null, "FCLASS_TLC": null }, "geometry": { "type": "MultiLineString", "coordinates": [ [ [ -83.114764447221432, 35.000443541436255 ], [ -83.114349408298551, 34.999222838563128 ], [ -83.115838665821741, 34.987211119197752 ], [ -83.121502728268297, 34.975443541486243 ], [ -83.125198494015251, 34.962387472703654 ], [ -83.134482810633187, 34.942492509421754 ], [ -83.158356767650673, 34.93519768922198 ], [ -83.182893890140917, 34.915302725040704 ], [ -83.204115185267597, 34.898723588222992 ], [ -83.220694321185931, 34.88678660971425 ], [ -83.239926119894506, 34.877502293096313 ], [ -83.256170697219886, 34.861918150002623 ], [ -83.266180462758143, 34.847855649918301 ], [ -83.279705852642962, 34.837870299174938 ], [ -83.294793744435765, 34.829642759705564 ], [ -83.308221477838913, 34.820048033090245 ], [ -83.316619916375998, 34.805716978355861 ], [ -83.320574994440449, 34.800004088118158 ], [ -83.322039838068065, 34.792631041289496 ], [ -83.322796674227106, 34.784501158301794 ], [ -83.324603314191563, 34.776468931795762 ], [ -83.328875774697224, 34.768363462703633 ], [ -83.345867962936097, 34.750590025309407 ], [ -83.355487103447047, 34.708426938952073 ], [ -83.323895305823669, 34.671708189081642 ], [ -83.232611127001917, 34.622635924408371 ], [ -83.199090619036838, 34.608964049351357 ] ], [ [ -83.1753601497511, 34.61460369700302 ], [ -83.168304486263025, 34.613138853375347 ], [ -83.166424602813152, 34.599662291281675 ], [ -83.158953900402139, 34.587235532993418 ], [ -83.121722455127212, 34.56987713542145 ], [ -83.100604290655497, 34.54629315040853 ], [ -83.079510540978674, 34.535111509788351 ], [ -83.063372846279833, 34.511527524775431 ], [ -83.047235149782296, 34.49663494684529 ], [ -83.014959760384613, 34.481717955019576 ] ], [ [ -83.199090619036838, 34.608964049351357 ], [ -83.1753601497511, 34.61460369700302 ] ], [ [ -82.899505657659972, 34.482963071788333 ], [ -82.857293744410754, 34.460648619238384 ], [ -82.846112102891198, 34.434574399788687 ], [ -82.841180462708166, 34.407255064469609 ], [ -82.827508587651209, 34.374979674172607 ], [ -82.81847538513091, 34.366092955025806 ], [ -82.761419720843435, 34.292777524762926 ], [ -82.75343632212855, 34.270072447185669 ], [ -82.734442180961878, 34.184720885460479 ], [ -82.728924602788197, 34.170780454854082 ], [ -82.722088666158982, 34.166507994348422 ], [ -82.705731243701905, 34.147733580040665 ], [ -82.682098430897838, 34.139579283157389 ], [ -82.669354291067691, 34.130179869505355 ], [ -82.658123821756931, 34.118754088130629 ], [ -82.65043339158774, 34.108719907797479 ], [ -82.639520305617623, 34.080863463178275 ], [ -82.631341595738036, 34.066898619575625 ], [ -82.607782024620747, 34.056376157733496 ], [ -82.599383587882244, 34.045414243972175 ], [ -82.589178510280021, 34.0174601428713 ], [ -82.577972454864891, 33.993900571753954 ], [ -82.570526166349509, 33.967801939308004 ], [ -82.558123821956826, 33.956644713482717 ], [ -82.541986127257928, 33.951664243709843 ] ], [ [ -83.014959760384613, 34.481717955019576 ], [ -82.967767377362577, 34.482963071788333 ], [ -82.899505657659972, 34.482963071788333 ] ], [ [ -82.52211307955497, 33.951664243709843 ], [ -82.505999798751702, 33.938041197343352 ], [ -82.488592571589891, 33.916898618976063 ], [ -82.465008588375611, 33.894584166426114 ], [ -82.43400272784362, 33.877176939264302 ], [ -82.401702923650987, 33.864750181875365 ], [ -82.363250774603557, 33.843656432198543 ], [ -82.321038861354339, 33.815116393107019 ], [ -82.272625774559856, 33.777884946932716 ], [ -82.245306439240778, 33.750541196818745 ], [ -82.232879680952522, 33.705863463028379 ], [ -82.216766400149254, 33.686014830120314 ], [ -82.20827030602976, 33.663675962775415 ], [ -82.193890424403548, 33.634647643074231 ], [ -82.173992962804959, 33.616459165857805 ], [ -82.150531049068661, 33.602958188969239 ], [ -82.129046674364531, 33.594779478190333 ], [ -82.081512494106278, 33.582865416205948 ], [ -82.061785930676137, 33.574686705427098 ], [ -82.040936321753804, 33.560013853456553 ], [ -81.998748822400216, 33.515433775248482 ], [ -81.97821659591915, 33.49919842406797 ], [ -81.938055463388935, 33.476078307567832 ], [ -81.923944134614089, 33.458573423924349 ], [ -81.931048626792688, 33.437137877011367 ], [ -81.925921673646315, 33.43198650996942 ], [ -81.917401165631247, 33.4166056505303 ], [ -81.933221477888878, 33.414457213329683 ], [ -81.935858196598474, 33.406962096123834 ], [ -81.923602338277249, 33.382523619369522 ], [ -81.937860150425593, 33.376175963350022 ], [ -81.93097538510591, 33.361234556729414 ], [ -81.888494916307309, 33.318558774967471 ], [ -81.880120891665797, 33.312382018015683 ] ], [ [ -82.541986127257928, 33.951664243709843 ], [ -82.52211307955497, 33.951664243709843 ] ], [ [ -81.871527141964009, 33.321830260358183 ], [ -81.860467571721017, 33.320609557485056 ], [ -81.848724407905081, 33.316776548898588 ], [ -81.841668744417007, 33.313602720888809 ], [ -81.841668744417007, 33.306791197255905 ], [ -81.85531620467907, 33.300541196818756 ], [ -81.838250774753419, 33.28938397099347 ], [ -81.831219525160918, 33.27790936092822 ], [ -81.834515424447261, 33.267508971261975 ], [ -81.848480267150592, 33.259598814233868 ], [ -81.833245891984291, 33.237162291306674 ], [ -81.817547650103961, 33.224686705227271 ], [ -81.799505658059672, 33.219217954844737 ], [ -81.777093549028052, 33.218021665867184 ], [ -81.770477338358489, 33.209769713401556 ], [ -81.764764447221467, 33.169925963312551 ], [ -81.759735149657388, 33.155936704915007 ], [ -81.724139447077789, 33.13113201792828 ], [ -81.636102337952536, 33.100590025009637 ], [ -81.59523319705437, 33.080863463378137 ], [ -81.567083782990153, 33.057743345978622 ], [ -81.551922650409949, 33.049759947263738 ], [ -81.530096477570396, 33.046708188731884 ], [ -81.517620892390255, 33.039554868762139 ], [ -81.505169721105744, 33.022587096217478 ], [ -81.495721477863924, 33.002250181800434 ], [ -81.492205852617985, 32.985257994460881 ], [ -81.500457805982933, 32.951029478127907 ], [ -81.500408978191786, 32.931693541523714 ], [ -81.488787884753037, 32.923197447404277 ], [ -81.43756718108051, 32.848075377176883 ], [ -81.42811893873801, 32.820365415931178 ], [ -81.425116009796, 32.804813658323667 ], [ -81.42394413471402, 32.790043149871451 ], [ -81.418597454708731, 32.774686705227225 ], [ -81.40846561879323, 32.760648619038534 ], [ -81.402508587801094, 32.744901549367 ], [ -81.403436322128528, 32.731400572478435 ], [ -81.409686321666413, 32.7245646349499 ], [ -81.412176556103191, 32.712308774830092 ], [ -81.416058391581487, 32.701957212954994 ], [ -81.413397259875637, 32.697269713526453 ], [ -81.408709760447096, 32.694535338335186 ], [ -81.402899212828402, 32.687992369352344 ], [ -81.398040814332091, 32.68010662711913 ], [ -81.396014446609399, 32.673343932176692 ], [ -81.399261517205218, 32.654227721532095 ], [ -81.404657025001711, 32.638822447298082 ], [ -81.405755658396913, 32.624296080499676 ], [ -81.396014446609399, 32.607889830251452 ], [ -81.38339237715644, 32.597318541517438 ], [ -81.365350385112151, 32.586381040752428 ], [ -81.344793743836192, 32.577811704946214 ], [ -81.314813275012625, 32.57292889345365 ], [ -81.305804486387899, 32.569071470971608 ], [ -81.297576946918525, 32.563627135383967 ], [ -81.290203900089921, 32.557328307155615 ], [ -81.275360149950927, 32.542631041289496 ], [ -81.270086713431056, 32.538871275289125 ] ], [ [ -81.880120891665797, 33.312382018015683 ], [ -81.876409955255212, 33.317313658198771 ], [ -81.871527141964009, 33.321830260358183 ] ], [ [ -81.266278118740161, 32.539603697552593 ], [ -81.244354291217576, 32.529716002391581 ], [ -81.238958783421083, 32.525956236391153 ], [ -81.235321087797956, 32.517142759830506 ], [ -81.233416791351829, 32.505765807146247 ], [ -81.228265424309882, 32.496000182362479 ], [ -81.214764447421317, 32.491800963543596 ], [ -81.200750775128142, 32.48454998619286 ], [ -81.19630741555477, 32.467826353503369 ], [ -81.197381635054398, 32.436576353116209 ], [ -81.166986127307894, 32.35464276015523 ], [ -81.151971478101245, 32.350321470959102 ], [ -81.1397156188807, 32.338578307143166 ], [ -81.131781048856283, 32.321195493876928 ], [ -81.129754681133591, 32.300004087718435 ], [ -81.131805462751913, 32.288187682215721 ], [ -81.139520305917358, 32.274662291431582 ], [ -81.142767377412497, 32.265262876880229 ], [ -81.144476360895339, 32.254056822364419 ], [ -81.142767377412497, 32.228007017709672 ], [ -81.144891399818221, 32.222123228404257 ], [ -81.154290814369574, 32.204886900310157 ], [ -81.156414837674618, 32.193876157858369 ], [ -81.153778118965022, 32.187308774979954 ], [ -81.135955852880272, 32.155399595814686 ], [ -81.136273236220859, 32.152323424286578 ], [ -81.138055463189062, 32.148221861050047 ], [ -81.138763470657636, 32.14272869677194 ], [ -81.135955852880272, 32.13552654901099 ], [ -81.131463666415073, 32.130912291269226 ], [ -81.120916790677313, 32.125687682540502 ], [ -81.115448041194156, 32.121879087849607 ], [ -81.086541790970841, 32.091507993998732 ], [ -81.077899212578586, 32.087113463115827 ] ], [ [ -81.270086713431056, 32.538871275289125 ], [ -81.266278118740161, 32.539603697552593 ] ], [ [ -81.020037885240185, 32.091215025453039 ], [ -80.998162884609428, 32.087113463115827 ], [ -80.957952924288008, 32.070780455453644 ], [ -80.950970501587335, 32.063529478102907 ], [ -80.944549602981795, 32.049711118773075 ], [ -80.929241986128716, 32.039725768029768 ], [ -80.911004681121142, 32.033890807414821 ], [ -80.890936322253481, 32.032474791578352 ] ], [ [ -81.077899212578586, 32.087113463115827 ], [ -81.020037885240185, 32.091215025453039 ] ], [ [ -80.890936322253481, 32.032474791578352 ], [ -80.890287658348711, 32.032657202867597 ] ] ] } },
{ "type": "Feature", "properties": { "FEATURECLA": "Admin-1 statistical boundary", "NAME": "Tennessee - North Carolina", "ADM0_A3": "USA", "ADM0_NAME": "United States of America", "SHAPE_LENG": 397.36563259799999, "MAPCOLOR13": 1.0, "MAPCOLOR9": 1.0, "SOV_A3": "US1", "NAME_L": "Tennessee", "NAME_R": "North Carolina", "NAME_ALT_L": "TN|Tenn.", "NAME_ALT_R": "NC|N.C.", "NAME_LOC_L": null, "NAME_LOC_R": null, "NAME_LEN_L": 9.0, "NAME_LEN_R": 14.0, "NOTE": "US_57", "TYPE": null, "MIN_ZOOM": 2.0, "MIN_LABEL": 7.5, "SCALERANK": 2, "FCLASS_ISO": null, "FCLASS_US": null, "FCLASS_FR": null, "FCLASS_RU": null, "FCLASS_ES": null, "FCLASS_CN": null, "FCLASS_TW": null, "FCLASS_IN": null, "FCLASS_NP": null, "FCLASS_PK": null, "FCLASS_DE": null, "FCLASS_GB": null, "FCLASS_BR": null, "FCLASS_IL": null, "FCLASS_PS": null, "FCLASS_SA": null, "FCLASS_EG": null, "FCLASS_MA": null, "FCLASS_PT": null, "FCLASS_AR": null, "FCLASS_JP": null, "FCLASS_KO": null, "FCLASS_VN": null, "FCLASS_TR": null, "FCLASS_ID": null, "FCLASS_PL": null, "FCLASS_GR": null, "FCLASS_IT": null, "FCLASS_NL": null, "FCLASS_SE": null, "FCLASS_BD": null, "FCLASS_UA": null, "ne_id": 1746745243, "BRK_A3": null, "FCLASS_OSM": null, "FCLASS_TLC": null }, "geometry": { "type": "MultiLineString", "coordinates": [ [ [ -81.721014446859215, 36.3428507677487 ], [ -81.71637577522182, 36.343607603008422 ], [ -81.714276165812407, 36.346586118954178 ], [ -81.715960736298939, 36.351786313787329 ], [ -81.718768353176927, 36.356229674260021 ], [ -81.732415814338367, 36.371732603177065 ], [ -81.742938275281176, 36.389066587752779 ], [ -81.744647259663282, 36.393387876948964 ], [ -81.743963666090281, 36.400297057063483 ], [ -81.740496868635546, 36.409452329961027 ], [ -81.714471477876373, 36.451493345941117 ], [ -81.698529096140874, 36.488212095811548 ], [ -81.699066205441, 36.497220885335594 ], [ -81.713299602794393, 36.521537290813285 ], [ -81.715008588075875, 36.526346861518448 ], [ -81.705877728174585, 36.546659361140598 ], [ -81.65885624422026, 36.609549986043021 ] ], [ [ -81.804949993647256, 36.360624205142926 ], [ -81.752020305592623, 36.346293150408542 ], [ -81.721014446859215, 36.3428507677487 ] ], [ [ -82.093695110740725, 36.100443541036555 ], [ -82.08656620466661, 36.100590025309373 ], [ -82.077948041069249, 36.103715025528004 ], [ -82.068280071867832, 36.108841977775057 ], [ -82.052069134582894, 36.120536313799846 ], [ -82.042498821863148, 36.124466977968609 ], [ -82.032537885015358, 36.131595884942101 ], [ -82.024676555778399, 36.139921079993826 ], [ -81.924017377200187, 36.294071470721747 ], [ -81.919696088004059, 36.298392759917931 ], [ -81.892401165681235, 36.316727721407176 ], [ -81.814813274912694, 36.358915220760821 ], [ -81.809808392143566, 36.360575377351779 ], [ -81.804949993647256, 36.360624205142926 ] ], [ [ -82.207830853211306, 36.160111510138051 ], [ -82.204071088110197, 36.160062682346904 ], [ -82.198773235896113, 36.158524596133191 ], [ -82.189398236139652, 36.152933775373413 ], [ -82.183807416279251, 36.150687681691124 ], [ -82.177069135232387, 36.149833189050412 ], [ -82.163446087966577, 36.149369322336327 ], [ -82.157342571802246, 36.148368346322115 ], [ -82.151727338046214, 36.14631756380453 ], [ -82.147576947018479, 36.143705259889828 ], [ -82.144500774591052, 36.140531431880049 ], [ -82.142401166080958, 36.136039244515473 ], [ -82.141033978035637, 36.13125408770594 ], [ -82.140325970567062, 36.126420103105261 ], [ -82.138934368626224, 36.12156170550827 ], [ -82.136932415698425, 36.117240416312143 ], [ -82.13319706359357, 36.11335857993447 ], [ -82.128704877128371, 36.110160338029175 ], [ -82.12316288505906, 36.10725506377014 ], [ -82.116717571658569, 36.104764830232682 ], [ -82.101483197391644, 36.101273618882374 ], [ -82.093695110740725, 36.100443541036555 ] ], [ [ -82.260955853329961, 36.134965025015845 ], [ -82.255535930738574, 36.136844908465719 ], [ -82.224408001627978, 36.155106627368923 ], [ -82.213153119320964, 36.159183774911241 ], [ -82.207830853211306, 36.160111510138051 ] ], [ [ -82.282342571552419, 36.1354533074242 ], [ -82.260955853329961, 36.134965025015845 ] ], [ [ -82.559588665584442, 35.961771666229367 ], [ -82.553436321628908, 35.962821470934102 ], [ -82.544354291317461, 35.966117369321125 ], [ -82.498260540791307, 35.989701353434668 ], [ -82.493792767322361, 35.991459166507298 ], [ -82.489276166062211, 35.99382733056683 ], [ -82.482611126702125, 35.998539243890946 ], [ -82.475311321560241, 36.004911313806076 ], [ -82.457196087829175, 36.024466978168505 ], [ -82.452703899565279, 36.030912291568995 ], [ -82.439544720812194, 36.054496274783219 ], [ -82.429315228415021, 36.065970884848412 ], [ -82.394574016677495, 36.095682799021915 ], [ -82.376629681114878, 36.106644712783236 ], [ -82.360614055893961, 36.113529478102919 ], [ -82.351165813551461, 36.116630064425919 ], [ -82.315594524867436, 36.1245646353496 ], [ -82.290594524917367, 36.134647643473954 ], [ -82.282342571552419, 36.1354533074242 ] ], [ [ -82.620257610700151, 36.058915221360337 ], [ -82.613055462939258, 36.057865415756282 ], [ -82.608953899702669, 36.05434979140972 ], [ -82.592352338289743, 36.035306822451901 ], [ -82.59083866597166, 36.032621275051781 ], [ -82.590741010389308, 36.029545103523674 ], [ -82.592254680908809, 36.025150571741449 ], [ -82.598358197073139, 36.012870299524707 ], [ -82.599920697182426, 36.005301938833384 ], [ -82.600408977792085, 35.999418150427289 ], [ -82.599554486050693, 35.993778501876363 ], [ -82.593963666190234, 35.980692563910679 ], [ -82.591058391931199, 35.97651775988669 ], [ -82.587616010170734, 35.972489439236199 ], [ -82.583685346001914, 35.968802915821868 ], [ -82.578656049337212, 35.965775572084965 ], [ -82.572869915614092, 35.96323650985704 ], [ -82.566180463257751, 35.961844907916145 ], [ -82.559588665584442, 35.961771666229367 ] ], [ [ -82.81671757205828, 35.932401549292024 ], [ -82.810174603075438, 35.933329282720194 ], [ -82.804168744292099, 35.936454282938769 ], [ -82.798455853155076, 35.943949400144675 ], [ -82.79606327519997, 35.949808775554516 ], [ -82.791253705394183, 35.958207213192338 ], [ -82.779583783264968, 35.968949400094743 ], [ -82.776629681214786, 35.973246275395297 ], [ -82.774871869041533, 35.977958188719413 ], [ -82.775213666277637, 35.992289244353117 ], [ -82.773846478232372, 35.996000182562341 ], [ -82.771698041031755, 35.998856627231532 ], [ -82.770257611299712, 36.000248228273108 ], [ -82.701824994328035, 36.030619322123982 ], [ -82.677874799082701, 36.037845885579145 ], [ -82.629779095628749, 36.05735272125105 ], [ -82.620257610700151, 36.058915221360337 ] ], [ [ -82.878289837605905, 35.955570494482686 ], [ -82.867840619249137, 35.955472838001072 ], [ -82.85910038527453, 35.953934751787358 ], [ -82.846429486231784, 35.949222838463186 ], [ -82.832342572251889, 35.941239438848982 ], [ -82.821966595581898, 35.933841978124747 ], [ -82.81671757205828, 35.932401549292024 ] ], [ [ -82.996698040582089, 35.78223065052407 ], [ -82.990570111421505, 35.783744321942891 ], [ -82.982659955292661, 35.78799236945224 ], [ -82.956854291392403, 35.812650572166149 ], [ -82.932220501674806, 35.842899596539155 ], [ -82.926800579982739, 35.851713072200482 ], [ -82.925116010395527, 35.856791197555708 ], [ -82.92289432970955, 35.866800963093965 ], [ -82.919720501699771, 35.87143963473136 ], [ -82.908270306429472, 35.883207213342189 ], [ -82.905828899783899, 35.889164244334381 ], [ -82.9056824164104, 35.894340025271902 ], [ -82.914373821694483, 35.910599791247364 ], [ -82.915985149594974, 35.915458188844298 ], [ -82.917010541303398, 35.920658385476088 ], [ -82.916815228340113, 35.926151548854875 ], [ -82.915594524567666, 35.931791197405801 ], [ -82.91351932995309, 35.937186705202237 ], [ -82.910809368657397, 35.941678893466133 ], [ -82.907489056374857, 35.9459269391769 ], [ -82.901776166137154, 35.949979673722964 ], [ -82.893695110940598, 35.953080260045965 ], [ -82.878289837605905, 35.955570494482686 ] ], [ [ -83.064617963048534, 35.79126385304437 ], [ -83.052874799232598, 35.78850506395753 ], [ -83.011297649966536, 35.785453307224316 ], [ -82.996698040582089, 35.78223065052407 ] ], [ [ -83.309344525129688, 35.666410338466335 ], [ -83.301824994028209, 35.666703307011971 ], [ -83.295135540772549, 35.669242369239953 ], [ -83.274578900395909, 35.69228924405337 ], [ -83.25343632202862, 35.709427916565062 ], [ -83.250067181055556, 35.713016783497721 ], [ -83.244183391750141, 35.716678893016478 ], [ -83.236468548584639, 35.719999205299075 ], [ -83.211297649566859, 35.727591978087275 ], [ -83.201263471032348, 35.732645689546928 ], [ -83.176800580382462, 35.752689635418335 ], [ -83.170672650322558, 35.756058775492079 ], [ -83.162713666402567, 35.758939634956164 ], [ -83.127850385187116, 35.767289243903463 ], [ -83.075433391637716, 35.789457213079913 ], [ -83.069964642154503, 35.791092954875921 ], [ -83.064617963048534, 35.79126385304437 ] ], [ [ -83.325579877209577, 35.668265807121259 ], [ -83.316644330271629, 35.667875182093951 ], [ -83.309344525129688, 35.666410338466335 ] ], [ [ -83.565130658353212, 35.559257017797108 ], [ -83.499212688814509, 35.56997479080394 ], [ -83.493035930963401, 35.572709165995207 ], [ -83.485882610993713, 35.57700604129576 ], [ -83.463470501962092, 35.594755063895036 ], [ -83.453118939187675, 35.604862485914964 ], [ -83.446600384999726, 35.60967205751939 ], [ -83.43778690843908, 35.61445721342966 ], [ -83.3839294860569, 35.633182799046892 ], [ -83.370574994340473, 35.641849791334778 ], [ -83.359539837993111, 35.651859556873035 ], [ -83.344793744335789, 35.6629435410116 ], [ -83.336004680771396, 35.666630064425931 ], [ -83.325579877209577, 35.668265807121259 ] ], [ [ -83.610321088447449, 35.573392760467527 ], [ -83.600457806282691, 35.572855650268025 ], [ -83.593206829831331, 35.570951352922577 ], [ -83.589080852699169, 35.567533385057629 ], [ -83.584368939375054, 35.564335143152334 ], [ -83.578826947305743, 35.561429868893299 ], [ -83.572088666258935, 35.559745299306087 ], [ -83.565130658353212, 35.559257017797108 ] ], [ [ -83.650116009845988, 35.56670330721181 ], [ -83.641058391631475, 35.566825376689735 ], [ -83.629827924119411, 35.568412290694653 ], [ -83.610321088447449, 35.573392760467527 ] ], [ [ -83.662469524648827, 35.568778501826387 ], [ -83.655999799151402, 35.567972837876141 ], [ -83.650116009845988, 35.56670330721181 ] ], [ [ -83.692718549021777, 35.56394451812497 ], [ -83.688641399680819, 35.564139830188992 ], [ -83.685199017020977, 35.564652524694225 ], [ -83.675482220927734, 35.567533385057629 ], [ -83.668963665840465, 35.568583188863045 ], [ -83.662469524648827, 35.568778501826387 ] ], [ [ -83.728094524742517, 35.566556822039672 ], [ -83.692718549021777, 35.56394451812497 ] ], [ [ -84.099017377350094, 35.257328307155603 ], [ -84.095184368763569, 35.257914244246933 ], [ -84.088324017339517, 35.261600768560584 ], [ -84.078387494387357, 35.268339048708128 ], [ -84.058856243920502, 35.28430584613784 ], [ -84.050750774828373, 35.293412291244238 ], [ -84.046063275399831, 35.301615415918661 ], [ -84.04447636139497, 35.333597838569347 ], [ -84.043133588144542, 35.339237486221009 ], [ -84.038812298948415, 35.349320494345307 ], [ -84.036029095966001, 35.354130064151093 ], [ -84.018524213221838, 35.374637876736585 ], [ -84.01569218064958, 35.379545103024043 ], [ -84.013641399930634, 35.384696470965366 ], [ -84.012616010020849, 35.390458188994216 ], [ -84.013201947112179, 35.395511900453812 ], [ -84.017596477995028, 35.40862225231507 ], [ -84.017572064099454, 35.412211119247729 ], [ -84.016668743667594, 35.416068540830452 ], [ -84.014666790739795, 35.419901549416977 ], [ -84.011492962730017, 35.424515807158741 ], [ -83.98869022777177, 35.44465740771318 ], [ -83.981463666115303, 35.449369321936615 ], [ -83.972479291386151, 35.453495299068777 ], [ -83.930438275406061, 35.465458188844309 ], [ -83.923602337877583, 35.469047057575608 ], [ -83.915692180849476, 35.476005064582068 ], [ -83.911151165693752, 35.48100994735114 ], [ -83.894818158031569, 35.508085142815048 ], [ -83.888739055762812, 35.512308775529561 ], [ -83.880194134751491, 35.516459166557297 ], [ -83.863641400230392, 35.521293150258657 ], [ -83.831658977579764, 35.526737485846297 ], [ -83.823284954736835, 35.529618346209702 ], [ -83.813592571639845, 35.534037290988181 ], [ -83.798065227927907, 35.544340025072074 ], [ -83.774285930851022, 35.556156432373427 ], [ -83.75480350997401, 35.562064635574473 ], [ -83.734564252038581, 35.566215024803512 ], [ -83.728094524742517, 35.566556822039672 ] ], [ [ -84.231512494306173, 35.267167174525468 ], [ -84.223211713150022, 35.267045103248904 ], [ -84.216912884921669, 35.265189635493243 ], [ -84.209295697338518, 35.258622251715508 ], [ -84.204657024801861, 35.255668150564702 ], [ -84.199823041100444, 35.25371502542805 ], [ -84.192987102672646, 35.252640806827742 ], [ -84.178631634942008, 35.252421079968826 ] ], [ [ -84.324627727887332, 34.987064634924934 ], [ -84.319574017327, 35.03393963550576 ], [ -84.314349407699012, 35.081644713033086 ], [ -84.308270306329575, 35.137504088343007 ], [ -84.304266399574658, 35.174296079900159 ], [ -84.300506635372926, 35.208353697165364 ], [ -84.298699993609773, 35.21609295512576 ], [ -84.296746869372498, 35.220585143389656 ], [ -84.290594525417021, 35.229935728351165 ], [ -84.278802532910561, 35.241703306962052 ], [ -84.261248822375251, 35.255668150564702 ], [ -84.255047649729249, 35.25972088511071 ], [ -84.247015424122537, 35.263138852975658 ], [ -84.231512494306173, 35.267167174525468 ] ], [ [ -84.124700970873107, 35.257523619219626 ], [ -84.099017377350094, 35.257328307155603 ] ], [ [ -84.178631634942008, 35.252421079968826 ], [ -84.124700970873107, 35.257523619219626 ] ] ] } },
{ "type": "Feature", "properties": { "FEATURECLA": "Admin-1 boundary", "NAME": "South Carolina - North Carolina", "ADM0_A3": "USA", "ADM0_NAME": "United States of America", "SHAPE_LENG": 2.0329629041900001, "MAPCOLOR13": 1.0, "MAPCOLOR9": 1.0, "SOV_A3": "US1", "NAME_L": "South Carolina", "NAME_R": "North Carolina", "NAME_ALT_L": "SC|S.C.", "NAME_ALT_R": "NC|N.C.", "NAME_LOC_L": null, "NAME_LOC_R": null, "NAME_LEN_L": 14.0, "NAME_LEN_R": 14.0, "NOTE": "US_56", "TYPE": null, "MIN_ZOOM": 2.0, "MIN_LABEL": 7.5, "SCALERANK": 2, "FCLASS_ISO": null, "FCLASS_US": null, "FCLASS_FR": null, "FCLASS_RU": null, "FCLASS_ES": null, "FCLASS_CN": null, "FCLASS_TW": null, "FCLASS_IN": null, "FCLASS_NP": null, "FCLASS_PK": null, "FCLASS_DE": null, "FCLASS_GB": null, "FCLASS_BR": null, "FCLASS_IL": null, "FCLASS_PS": null, "FCLASS_SA": null, "FCLASS_EG": null, "FCLASS_MA": null, "FCLASS_PT": null, "FCLASS_AR": null, "FCLASS_JP": null, "FCLASS_KO": null, "FCLASS_VN": null, "FCLASS_TR": null, "FCLASS_ID": null, "FCLASS_PL": null, "FCLASS_GR": null, "FCLASS_IT": null, "FCLASS_NL": null, "FCLASS_SE": null, "FCLASS_BD": null, "FCLASS_UA": null, "ne_id": 1746745249, "BRK_A3": null, "FCLASS_OSM": null, "FCLASS_TLC": null }, "geometry": { "type": "LineString", "coordinates": [ [ -83.096502728318228, 35.000638853500277 ], [ -83.114764447221432, 35.000443541436255 ] ] } },
{ "type": "Feature", "properties": { "FEATURECLA": "Admin-1 boundary", "NAME": "North Carolina - South Carolina", "ADM0_A3": "USA", "ADM0_NAME": "United States of America", "SHAPE_LENG": 562.56755491599995, "MAPCOLOR13": 1.0, "MAPCOLOR9": 1.0, "SOV_A3": "US1", "NAME_L": "North Carolina", "NAME_R": "South Carolina", "NAME_ALT_L": "NC|N.C.", "NAME_ALT_R": "SC|S.C.", "NAME_LOC_L": null, "NAME_LOC_R": null, "NAME_LEN_L": 14.0, "NAME_LEN_R": 14.0, "NOTE": "US_55", "TYPE": null, "MIN_ZOOM": 2.0, "MIN_LABEL": 7.5, "SCALERANK": 2, "FCLASS_ISO": null, "FCLASS_US": null, "FCLASS_FR": null, "FCLASS_RU": null, "FCLASS_ES": null, "FCLASS_CN": null, "FCLASS_TW": null, "FCLASS_IN": null, "FCLASS_NP": null, "FCLASS_PK": null, "FCLASS_DE": null, "FCLASS_GB": null, "FCLASS_BR": null, "FCLASS_IL": null, "FCLASS_PS": null, "FCLASS_SA": null, "FCLASS_EG": null, "FCLASS_MA": null, "FCLASS_PT": null, "FCLASS_AR": null, "FCLASS_JP": null, "FCLASS_KO": null, "FCLASS_VN": null, "FCLASS_TR": null, "FCLASS_ID": null, "FCLASS_PL": null, "FCLASS_GR": null, "FCLASS_IT": null, "FCLASS_NL": null, "FCLASS_SE": null, "FCLASS_BD": null, "FCLASS_UA": null, "ne_id": 1746745253, "BRK_A3": null, "FCLASS_OSM": null, "FCLASS_TLC": null }, "geometry": { "type": "MultiLineString", "coordinates": [ [ [ -82.391229291398645, 35.218314634912474 ], [ -82.384442180761994, 35.217850768198389 ], [ -82.380804486038187, 35.215067564316598 ], [ -82.37772831361076, 35.21191815020245 ], [ -82.373284954936707, 35.205912291419111 ], [ -82.370819135294823, 35.203422056982333 ], [ -82.367132610981173, 35.201273618882396 ], [ -82.362811321785045, 35.200077329904843 ] ], [ [ -82.655535930838539, 35.127128110773697 ], [ -82.647674603400219, 35.128031432104876 ], [ -82.638201947162145, 35.131180846219081 ], [ -82.605194134601618, 35.145341001885697 ], [ -82.554022259619558, 35.159134947319956 ], [ -82.546527142413652, 35.160184752024691 ], [ -82.510565227802999, 35.160697447429243 ], [ -82.502996868910373, 35.162089049370138 ], [ -82.497723430591805, 35.164310728257476 ], [ -82.492987103372116, 35.168534360971933 ], [ -82.485345501893391, 35.173881040977221 ], [ -82.478875774597327, 35.176102720763936 ], [ -82.442840619199217, 35.176298032827958 ], [ -82.435125775134395, 35.17856854130514 ], [ -82.429998821988022, 35.182670102743032 ], [ -82.424505657709915, 35.197465025090821 ], [ -82.419696087904128, 35.203080259746173 ], [ -82.413079877234509, 35.208133971205768 ], [ -82.398260540991146, 35.216166196812537 ], [ -82.391229291398645, 35.218314634912474 ] ], [ [ -82.287200970948049, 35.20588787752348 ], [ -82.215741010239412, 35.20281170509611 ], [ -82.206195111415241, 35.202445493964376 ], [ -82.179022260368981, 35.201273618882396 ], [ -82.136370891603349, 35.19946697801862 ], [ -82.080365032919929, 35.19702557227231 ], [ -82.013055463239027, 35.194193541498748 ], [ -81.936590618861942, 35.190922057007299 ], [ -81.853118938787986, 35.187357603070893 ], [ -81.764715619430262, 35.183597837969842 ], [ -81.673529096190805, 35.179716002491489 ], [ -81.581658977579764, 35.175785338322669 ], [ -81.491278119189815, 35.171976744531094 ], [ -81.404461712937689, 35.168241393325616 ], [ -81.323358196923209, 35.164799009766455 ], [ -81.250018352764755, 35.1616740104472 ], [ -81.186639447252674, 35.158939635255933 ], [ -81.135321087997795, 35.156766783260423 ], [ -81.073529095591255, 35.154203307136868 ], [ -81.061004680821327, 35.152225768104699 ], [ -81.052606244082881, 35.149589049395104 ], [ -81.048455853055145, 35.146341977899965 ], [ -81.044744915745241, 35.142777524862879 ], [ -81.041864056281156, 35.138822446798486 ], [ -81.039617962598868, 35.134769713151741 ], [ -81.03822636065803, 35.129813658173759 ], [ -81.037860150425558, 35.124515806858994 ], [ -81.038397259725741, 35.119193540749279 ], [ -81.040692181199177, 35.114066588502226 ], [ -81.051995892196658, 35.094974790853882 ], [ -81.053485149719847, 35.090824399826147 ], [ -81.054315227565667, 35.087211118997914 ], [ -81.054705852593031, 35.083133971455595 ], [ -81.053729291373656, 35.078617369296126 ], [ -81.052313274637925, 35.07388104117706 ], [ -81.048968549359074, 35.069071471371274 ], [ -81.045208783358646, 35.064579283107435 ], [ -81.038494916207412, 35.059965025365614 ], [ -81.033319135269835, 35.059818541092795 ] ], [ [ -82.362811321785045, 35.200077329904843 ], [ -82.287200970948049, 35.20588787752348 ] ], [ [ -82.667254680758901, 35.127982603414409 ], [ -82.655535930838539, 35.127128110773697 ] ], [ [ -82.756366010283159, 35.072367368858977 ], [ -82.751116985860222, 35.073246275395263 ], [ -82.742132611131069, 35.077054869186838 ], [ -82.731463665915442, 35.083231627037947 ], [ -82.70770878273413, 35.093729674085182 ], [ -82.696893353245628, 35.100174985687033 ], [ -82.689764447171513, 35.106156432373439 ], [ -82.685565228352573, 35.117533385057641 ], [ -82.682318157756754, 35.123075377126952 ], [ -82.67560429060552, 35.1274699080098 ], [ -82.667254680758901, 35.127982603414409 ] ], [ [ -80.938031048793846, 35.112992369002598 ], [ -80.933636517011621, 35.112650571766437 ], [ -80.930389447315122, 35.11108807255647 ], [ -80.927117962823729, 35.108133971405607 ], [ -80.890496869434969, 35.068094908353316 ], [ -80.836590619261642, 35.009330260583056 ], [ -80.792913860586168, 34.961747252533655 ], [ -80.78942265013518, 34.955741392850996 ], [ -80.788641400080508, 34.949296080349825 ], [ -80.792645305936105, 34.8459269395766 ], [ -80.792279095703691, 34.83899334646577 ], [ -80.790179486294221, 34.832718932132991 ], [ -80.784027142338743, 34.827591978087298 ], [ -80.776239055687881, 34.825736510331637 ], [ -80.736785930626183, 34.824955260277022 ], [ -80.725628704800897, 34.82475994731368 ], [ -80.694012494181266, 34.82417401022235 ], [ -80.644915813813725, 34.823270688891171 ], [ -80.581219524961114, 34.822123227704765 ], [ -80.505902141770434, 34.820707212767616 ], [ -80.421795696813945, 34.819169127453222 ], [ -80.331854291242507, 34.81748455696669 ], [ -80.239007611412148, 34.815751157789691 ], [ -80.146136516786783, 34.813993346515701 ], [ -80.056219525110976, 34.812357602920997 ], [ -79.972088666258912, 34.81079510281171 ], [ -79.896746869172659, 34.809403501770191 ], [ -79.833074994215622, 34.808207212792638 ], [ -79.783953899952508, 34.807279478465148 ], [ -79.752337689332876, 34.806766783060596 ], [ -79.74118046260827, 34.806498228410476 ], [ -79.703802533060411, 34.805814634837532 ], [ -79.673480267000684, 34.801273618782432 ], [ -79.653509563715374, 34.795731626713177 ], [ -79.621722454927351, 34.768949399794963 ], [ -79.556170697419759, 34.713578306893339 ], [ -79.490643352908421, 34.658158385301192 ], [ -79.425116010195723, 34.602762876705356 ], [ -79.359564251788754, 34.547367369008839 ], [ -79.294036908176736, 34.491971861312322 ], [ -79.228509563665398, 34.436576352716486 ], [ -79.162957806157806, 34.381180845919289 ], [ -79.097430463445107, 34.325785338222772 ], [ -79.031903118933769, 34.270389830526256 ], [ -78.966375775321751, 34.214994321930419 ], [ -78.900848430810413, 34.159598814233846 ], [ -78.835321088097714, 34.104203307436649 ], [ -78.769744915795229, 34.048807798840812 ], [ -78.704241986078785, 33.993436705039869 ], [ -78.638714641567447, 33.938041197343352 ], [ -78.573162884959174, 33.882621274851942 ], [ -78.573145247455216, 33.882606364092396 ] ], [ [ -81.033319135269835, 35.059818541092795 ], [ -81.027703899715164, 35.061283384720412 ], [ -80.944866986322324, 35.109965025265694 ], [ -80.938031048793846, 35.112992369002598 ] ], [ [ -82.771868939200147, 35.08660076801101 ], [ -82.767572063899593, 35.078129087787147 ], [ -82.763690228421297, 35.074418150477243 ], [ -82.756366010283159, 35.072367368858977 ] ], [ [ -83.096502728318228, 35.000638853500277 ], [ -82.803875774847143, 35.080814635187267 ], [ -82.771868939200147, 35.08660076801101 ] ] ] } },
{ "type": "Feature", "properties": { "FEATURECLA": "Admin-1 boundary", "NAME": "North Carolina - Georgia", "ADM0_A3": "USA", "ADM0_NAME": "United States of America", "SHAPE_LENG": 134.68687193, "MAPCOLOR13": 1.0, "MAPCOLOR9": 1.0, "SOV_A3": "US1", "NAME_L": "North Carolina", "NAME_R": "Georgia", "NAME_ALT_L": "NC|N.C.", "NAME_ALT_R": "GA|Ga.", "NAME_LOC_L": null, "NAME_LOC_R": null, "NAME_LEN_L": 14.0, "NAME_LEN_R": 7.0, "NOTE": "US_54", "TYPE": null, "MIN_ZOOM": 2.0, "MIN_LABEL": 7.5, "SCALERANK": 2, "FCLASS_ISO": null, "FCLASS_US": null, "FCLASS_FR": null, "FCLASS_RU": null, "FCLASS_ES": null, "FCLASS_CN": null, "FCLASS_TW": null, "FCLASS_IN": null, "FCLASS_NP": null, "FCLASS_PK": null, "FCLASS_DE": null, "FCLASS_GB": null, "FCLASS_BR": null, "FCLASS_IL": null, "FCLASS_PS": null, "FCLASS_SA": null, "FCLASS_EG": null, "FCLASS_MA": null, "FCLASS_PT": null, "FCLASS_AR": null, "FCLASS_JP": null, "FCLASS_KO": null, "FCLASS_VN": null, "FCLASS_TR": null, "FCLASS_ID": null, "FCLASS_PL": null, "FCLASS_GR": null, "FCLASS_IT": null, "FCLASS_NL": null, "FCLASS_SE": null, "FCLASS_BD": null, "FCLASS_UA": null, "ne_id": 1746745257, "BRK_A3": null, "FCLASS_OSM": null, "FCLASS_TLC": null }, "geometry": { "type": "LineString", "coordinates": [ [ -84.324627727887332, 34.987064634924934 ], [ -84.249041790945853, 34.987894712770753 ], [ -84.17338261141839, 34.988724791515892 ], [ -84.097772259682017, 34.989554869361712 ], [ -84.022186321841275, 34.990384947207531 ], [ -83.946575971004222, 34.991263852844497 ], [ -83.870965619267906, 34.992069517694063 ], [ -83.79533085273664, 34.992850767748735 ], [ -83.719720501899644, 34.993729674285021 ], [ -83.644110150163272, 34.994584166026414 ], [ -83.568450970635752, 34.995389829976659 ], [ -83.492865032795009, 34.996195493926905 ], [ -83.417254681058694, 34.997074400463191 ], [ -83.341619916326067, 34.99790447830901 ], [ -83.266033977586005, 34.998783384845296 ], [ -83.190399212853379, 34.999613462691116 ], [ -83.114764447221432, 35.000443541436255 ] ] } },
{ "type": "Feature", "properties": { "FEATURECLA": "Admin-1 statistical meta bounds", "NAME": "Delaware - Pennsylvania", "ADM0_A3": "USA", "ADM0_NAME": "United States of America", "SHAPE_LENG": 43.578261368600003, "MAPCOLOR13": 1.0, "MAPCOLOR9": 1.0, "SOV_A3": "US1", "NAME_L": "Delaware", "NAME_R": "Pennsylvania", "NAME_ALT_L": "DE|Del.", "NAME_ALT_R": "Commonwealth of Pennsylvania|PA", "NAME_LOC_L": null, "NAME_LOC_R": null, "NAME_LEN_L": 8.0, "NAME_LEN_R": 12.0, "NOTE": "US_53", "TYPE": null, "MIN_ZOOM": 2.0, "MIN_LABEL": 7.5, "SCALERANK": 2, "FCLASS_ISO": null, "FCLASS_US": null, "FCLASS_FR": null, "FCLASS_RU": null, "FCLASS_ES": null, "FCLASS_CN": null, "FCLASS_TW": null, "FCLASS_IN": null, "FCLASS_NP": null, "FCLASS_PK": null, "FCLASS_DE": null, "FCLASS_GB": null, "FCLASS_BR": null, "FCLASS_IL": null, "FCLASS_PS": null, "FCLASS_SA": null, "FCLASS_EG": null, "FCLASS_MA": null, "FCLASS_PT": null, "FCLASS_AR": null, "FCLASS_JP": null, "FCLASS_KO": null, "FCLASS_VN": null, "FCLASS_TR": null, "FCLASS_ID": null, "FCLASS_PL": null, "FCLASS_GR": null, "FCLASS_IT": null, "FCLASS_NL": null, "FCLASS_SE": null, "FCLASS_BD": null, "FCLASS_UA": null, "ne_id": 1746745261, "BRK_A3": null, "FCLASS_OSM": null, "FCLASS_TLC": null }, "geometry": { "type": "MultiLineString", "coordinates": [ [ [ -75.42446252312692, 39.80661364280536 ], [ -75.425213665678143, 39.807084166301195 ], [ -75.431463666115292, 39.810990416574441 ], [ -75.44640507183658, 39.816727720707718 ], [ -75.469866985572935, 39.825345885204399 ], [ -75.49489140031784, 39.833158384851572 ], [ -75.529315227815516, 39.837845885179433 ], [ -75.573114055968915, 39.838627135234105 ] ], [ [ -75.573114055968915, 39.838627135234105 ], [ -75.601263470932452, 39.837845885179433 ], [ -75.630218548946857, 39.830814634687613 ], [ -75.652117962573925, 39.825345885204399 ], [ -75.677948041269076, 39.81516522149775 ], [ -75.70221561895562, 39.80178631408711 ], [ -75.731121869178878, 39.782303893210099 ], [ -75.758514447084053, 39.751810728082603 ], [ -75.775286907564691, 39.722587096317397 ], [ -75.776995891946854, 39.721049010103684 ] ], [ [ -75.776995891946854, 39.721049010103684 ], [ -75.784686322116045, 39.721317563854484 ] ] ] } },
{ "type": "Feature", "properties": { "FEATURECLA": "Admin-1 boundary", "NAME": "Massachusetts - Rhode Island", "ADM0_A3": "USA", "ADM0_NAME": "United States of America", "SHAPE_LENG": 82.425468503499999, "MAPCOLOR13": 1.0, "MAPCOLOR9": 1.0, "SOV_A3": "US1", "NAME_L": "Massachusetts", "NAME_R": "Rhode Island", "NAME_ALT_L": "Commonwealth of Massachusetts|MA|Mass.", "NAME_ALT_R": "State of Rhode Island and Providence Plantations|RI|R.I.", "NAME_LOC_L": null, "NAME_LOC_R": null, "NAME_LEN_L": 13.0, "NAME_LEN_R": 12.0, "NOTE": "US_52", "TYPE": null, "MIN_ZOOM": 2.0, "MIN_LABEL": 7.5, "SCALERANK": 2, "FCLASS_ISO": null, "FCLASS_US": null, "FCLASS_FR": null, "FCLASS_RU": null, "FCLASS_ES": null, "FCLASS_CN": null, "FCLASS_TW": null, "FCLASS_IN": null, "FCLASS_NP": null, "FCLASS_PK": null, "FCLASS_DE": null, "FCLASS_GB": null, "FCLASS_BR": null, "FCLASS_IL": null, "FCLASS_PS": null, "FCLASS_SA": null, "FCLASS_EG": null, "FCLASS_MA": null, "FCLASS_PT": null, "FCLASS_AR": null, "FCLASS_JP": null, "FCLASS_KO": null, "FCLASS_VN": null, "FCLASS_TR": null, "FCLASS_ID": null, "FCLASS_PL": null, "FCLASS_GR": null, "FCLASS_IT": null, "FCLASS_NL": null, "FCLASS_SE": null, "FCLASS_BD": null, "FCLASS_UA": null, "ne_id": 1746745265, "BRK_A3": null, "FCLASS_OSM": null, "FCLASS_TLC": null }, "geometry": { "type": "MultiLineString", "coordinates": [ [ [ -71.438934369325693, 42.016410338366427 ], [ -71.387078899871312, 42.015824400375777 ], [ -71.385907024789333, 42.002323424386475 ], [ -71.384100384824876, 41.970902524931546 ], [ -71.38053593088847, 41.907938658342403 ], [ -71.379022260369027, 41.901371275463987 ], [ -71.3759460879416, 41.896097838044739 ], [ -71.368035930913493, 41.894462096248731 ] ], [ [ -71.800799602819382, 42.010917174088263 ], [ -71.710345501843449, 42.012259947338691 ], [ -71.619891399968139, 42.01367596317516 ], [ -71.529412885096576, 42.015067564216679 ], [ -71.438934369325693, 42.016410338366427 ] ], [ [ -71.349139447127754, 41.895365415781271 ], [ -71.341131635416616, 41.894169126803718 ], [ -71.337567180580891, 41.890409360803346 ], [ -71.335565227653149, 41.879105649805865 ], [ -71.336077923957021, 41.871879088149399 ], [ -71.337176555553583, 41.865848814571109 ], [ -71.33966679088968, 41.857255063970001 ], [ -71.339520305717542, 41.852494321955362 ], [ -71.338006635198042, 41.842411313831064 ], [ -71.342791791108255, 41.808549010428464 ], [ -71.342498821663298, 41.803226744318749 ], [ -71.340692180799465, 41.796903502194823 ], [ -71.335223431316308, 41.78928631371241 ], [ -71.323797649941582, 41.777787291550226 ], [ -71.307440228383825, 41.768363463103299 ], [ -71.2960144470091, 41.763553893297512 ], [ -71.286248822225332, 41.761063657961415 ], [ -71.267840619049309, 41.749808774755138 ], [ -71.236858303667759, 41.709563686914578 ] ], [ [ -71.368035930913493, 41.894462096248731 ], [ -71.349139447127754, 41.895365415781271 ] ] ] } },
{ "type": "Feature", "properties": { "FEATURECLA": "Admin-1 boundary", "NAME": "Massachusetts - Connecticut", "ADM0_A3": "USA", "ADM0_NAME": "United States of America", "SHAPE_LENG": 191.33198856800001, "MAPCOLOR13": 1.0, "MAPCOLOR9": 1.0, "SOV_A3": "US1", "NAME_L": "Massachusetts", "NAME_R": "Connecticut", "NAME_ALT_L": "Commonwealth of Massachusetts|MA|Mass.", "NAME_ALT_R": "CT|Conn.", "NAME_LOC_L": null, "NAME_LOC_R": null, "NAME_LEN_L": 13.0, "NAME_LEN_R": 11.0, "NOTE": "US_51", "TYPE": null, "MIN_ZOOM": 2.0, "MIN_LABEL": 7.5, "SCALERANK": 2, "FCLASS_ISO": null, "FCLASS_US": null, "FCLASS_FR": null, "FCLASS_RU": null, "FCLASS_ES": null, "FCLASS_CN": null, "FCLASS_TW": null, "FCLASS_IN": null, "FCLASS_NP": null, "FCLASS_PK": null, "FCLASS_DE": null, "FCLASS_GB": null, "FCLASS_BR": null, "FCLASS_IL": null, "FCLASS_PS": null, "FCLASS_SA": null, "FCLASS_EG": null, "FCLASS_MA": null, "FCLASS_PT": null, "FCLASS_AR": null, "FCLASS_JP": null, "FCLASS_KO": null, "FCLASS_VN": null, "FCLASS_TR": null, "FCLASS_ID": null, "FCLASS_PL": null, "FCLASS_GR": null, "FCLASS_IT": null, "FCLASS_NL": null, "FCLASS_SE": null, "FCLASS_BD": null, "FCLASS_UA": null, "ne_id": 1746745269, "BRK_A3": null, "FCLASS_OSM": null, "FCLASS_TLC": null }, "geometry": { "type": "MultiLineString", "coordinates": [ [ [ -73.480535931188285, 42.05454510317395 ], [ -73.358758588138301, 42.051029477928068 ], [ -73.236932416397906, 42.047562682271973 ], [ -73.115106243758134, 42.044047057026035 ], [ -72.993328899808887, 42.04058026047062 ], [ -72.925848431060217, 42.038700377020746 ], [ -72.861737103284668, 42.036771665779725 ], [ -72.807635541047375, 42.033036314574247 ], [ -72.806414838174248, 42.0069865099195 ] ], [ [ -72.757586713356147, 42.033036314574247 ], [ -72.62033085258679, 42.031498228360533 ], [ -72.597039837918146, 42.026078307567843 ], [ -72.584198040707008, 42.024418150077565 ] ], [ [ -72.806414838174248, 42.0069865099195 ], [ -72.763299602694474, 42.010209165720426 ], [ -72.757586713356147, 42.033036314574247 ] ], [ [ -72.557391399893163, 42.031742369115022 ], [ -72.506756635110605, 42.031034360747128 ], [ -72.358953900402184, 42.028861510550257 ], [ -72.211248822175378, 42.026688658554747 ], [ -72.063543743948628, 42.024515807458499 ], [ -71.915789837930674, 42.022294126772522 ], [ -71.801580852874054, 42.021683774886299 ], [ -71.800799602819382, 42.010917174088263 ] ], [ [ -72.584198040707008, 42.024418150077565 ], [ -72.575653118796367, 42.024759947313669 ], [ -72.557391399893163, 42.031742369115022 ] ] ] } },
{ "type": "Feature", "properties": { "FEATURECLA": "Admin-1 boundary", "NAME": "Rhode Island - Connecticut", "ADM0_A3": "USA", "ADM0_NAME": "United States of America", "SHAPE_LENG": 60.266367478200003, "MAPCOLOR13": 1.0, "MAPCOLOR9": 1.0, "SOV_A3": "US1", "NAME_L": "Rhode Island", "NAME_R": "Connecticut", "NAME_ALT_L": "State of Rhode Island and Providence Plantations|RI|R.I.", "NAME_ALT_R": "CT|Conn.", "NAME_LOC_L": null, "NAME_LOC_R": null, "NAME_LEN_L": 12.0, "NAME_LEN_R": 11.0, "NOTE": "US_50", "TYPE": null, "MIN_ZOOM": 2.0, "MIN_LABEL": 7.5, "SCALERANK": 2, "FCLASS_ISO": null, "FCLASS_US": null, "FCLASS_FR": null, "FCLASS_RU": null, "FCLASS_ES": null, "FCLASS_CN": null, "FCLASS_TW": null, "FCLASS_IN": null, "FCLASS_NP": null, "FCLASS_PK": null, "FCLASS_DE": null, "FCLASS_GB": null, "FCLASS_BR": null, "FCLASS_IL": null, "FCLASS_PS": null, "FCLASS_SA": null, "FCLASS_EG": null, "FCLASS_MA": null, "FCLASS_PT": null, "FCLASS_AR": null, "FCLASS_JP": null, "FCLASS_KO": null, "FCLASS_VN": null, "FCLASS_TR": null, "FCLASS_ID": null, "FCLASS_PL": null, "FCLASS_GR": null, "FCLASS_IT": null, "FCLASS_NL": null, "FCLASS_SE": null, "FCLASS_BD": null, "FCLASS_UA": null, "ne_id": 1746745275, "BRK_A3": null, "FCLASS_OSM": null, "FCLASS_TLC": null }, "geometry": { "type": "LineString", "coordinates": [ [ -71.800799602819382, 42.010917174088263 ], [ -71.800189251832478, 41.953202330123418 ], [ -71.799578899946255, 41.895414244471795 ], [ -71.798992962854925, 41.837674985711999 ], [ -71.798407024864275, 41.779960143545793 ], [ -71.797821087772945, 41.722220884785997 ], [ -71.797235149782352, 41.664481626925522 ], [ -71.796624798795392, 41.606717955169472 ], [ -71.796063274700373, 41.548978697308996 ], [ -71.795745892259106, 41.518900572003758 ], [ -71.799188274918947, 41.477469907909892 ], [ -71.804461713237458, 41.415726744193876 ], [ -71.817523236408249, 41.413138853275427 ], [ -71.823846477632799, 41.40522869714664 ], [ -71.829827924319261, 41.391703307261821 ], [ -71.838690227771792, 41.341239438849016 ], [ -71.844964642104514, 41.321512877217515 ] ] } },
{ "type": "Feature", "properties": { "FEATURECLA": "Admin-1 statistical boundary", "NAME": "Virginia - Kentucky", "ADM0_A3": "USA", "ADM0_NAME": "United States of America", "SHAPE_LENG": 217.95954602099999, "MAPCOLOR13": 1.0, "MAPCOLOR9": 1.0, "SOV_A3": "US1", "NAME_L": "Virginia", "NAME_R": "Kentucky", "NAME_ALT_L": "VA", "NAME_ALT_R": "Commonwealth of Kentucky|KY", "NAME_LOC_L": null, "NAME_LOC_R": null, "NAME_LEN_L": 8.0, "NAME_LEN_R": 8.0, "NOTE": "US_49", "TYPE": null, "MIN_ZOOM": 2.0, "MIN_LABEL": 7.5, "SCALERANK": 2, "FCLASS_ISO": null, "FCLASS_US": null, "FCLASS_FR": null, "FCLASS_RU": null, "FCLASS_ES": null, "FCLASS_CN": null, "FCLASS_TW": null, "FCLASS_IN": null, "FCLASS_NP": null, "FCLASS_PK": null, "FCLASS_DE": null, "FCLASS_GB": null, "FCLASS_BR": null, "FCLASS_IL": null, "FCLASS_PS": null, "FCLASS_SA": null, "FCLASS_EG": null, "FCLASS_MA": null, "FCLASS_PT": null, "FCLASS_AR": null, "FCLASS_JP": null, "FCLASS_KO": null, "FCLASS_VN": null, "FCLASS_TR": null, "FCLASS_ID": null, "FCLASS_PL": null, "FCLASS_GR": null, "FCLASS_IT": null, "FCLASS_NL": null, "FCLASS_SE": null, "FCLASS_BD": null, "FCLASS_UA": null, "ne_id": 1746745277, "BRK_A3": null, "FCLASS_OSM": null, "FCLASS_TLC": null }, "geometry": { "type": "LineString", "coordinates": [ [ -81.965228314435137, 37.538675963125172 ], [ -82.0214294860819, 37.500858579859539 ], [ -82.106976360770432, 37.443143735894694 ], [ -82.168719525385768, 37.401493345841232 ], [ -82.264715619330332, 37.33684490786618 ], [ -82.351385541309696, 37.2784952990188 ], [ -82.375701946787387, 37.265336119366395 ], [ -82.447869915863919, 37.236820494170445 ], [ -82.52672733819611, 37.205716978056046 ], [ -82.632586713406056, 37.163920102830446 ], [ -82.681536907702139, 37.137089049020346 ], [ -82.699725384918565, 37.12258709611757 ], [ -82.708148235552585, 37.11313885287575 ], [ -82.709027142088928, 37.106742369065046 ], [ -82.705389447365064, 37.091166197561961 ], [ -82.703802533360204, 37.068607603358203 ], [ -82.704632611206023, 37.062797057538148 ], [ -82.706512493756577, 37.05713299419233 ], [ -82.709246868947844, 37.051810728082614 ], [ -82.712493938644343, 37.047245299031317 ], [ -82.716571087985301, 37.043461119135316 ], [ -82.726873822069194, 37.037992368752782 ], [ -82.815374798807909, 37.003177916227855 ], [ -82.839471478326061, 36.988236510506511 ], [ -82.849041791045806, 36.979935728451096 ], [ -82.854559369219487, 36.971952329736212 ], [ -82.854901165556328, 36.955497251696784 ], [ -82.854144330296606, 36.950199400382019 ], [ -82.853631634891997, 36.939359556997942 ], [ -82.85543827485651, 36.924222838313312 ], [ -82.85692753327902, 36.919193540749291 ], [ -82.858807415829574, 36.91426190056626 ], [ -82.86151737712521, 36.909183775211034 ], [ -82.864935345889478, 36.904740416536981 ], [ -82.86906132212232, 36.901005064432184 ], [ -82.884295697288564, 36.894340025072097 ], [ -82.94469608775421, 36.875687682040848 ], [ -83.007293744110996, 36.856351744537335 ], [ -83.049823040700744, 36.856205260264517 ], [ -83.056268353201915, 36.85464276015523 ], [ -83.062396283261876, 36.851713072000678 ], [ -83.082415814338333, 36.834598814283822 ], [ -83.100653119345964, 36.802250182300043 ], [ -83.107708782834038, 36.793827329867383 ], [ -83.119574017027276, 36.78325604113337 ], [ -83.122088666258946, 36.779886900160307 ], [ -83.122601360764179, 36.776200376745976 ], [ -83.120721478213625, 36.766849790885146 ], [ -83.121038860654892, 36.761576353465898 ], [ -83.123065228377584, 36.757035338310175 ], [ -83.128533977860798, 36.753324400100951 ], [ -83.137200971047946, 36.749955260027207 ], [ -83.23956913490764, 36.737137876711643 ], [ -83.342303509899068, 36.709330259883586 ], [ -83.381829876647487, 36.691361510425338 ], [ -83.394696087754255, 36.682621275551412 ], [ -83.402459759610224, 36.679300963268815 ], [ -83.413201947411949, 36.676273619531912 ], [ -83.508978313598277, 36.668534361571517 ], [ -83.597137494000151, 36.642582213398384 ], [ -83.604071088010301, 36.642045103198939 ], [ -83.623309369032143, 36.63462322857913 ], [ -83.667474408317275, 36.60400799397371 ] ] } },
{ "type": "Feature", "properties": { "FEATURECLA": "Admin-1 statistical boundary", "NAME": "Virginia - Tennessee", "ADM0_A3": "USA", "ADM0_NAME": "United States of America", "SHAPE_LENG": 224.01829025699999, "MAPCOLOR13": 1.0, "MAPCOLOR9": 1.0, "SOV_A3": "US1", "NAME_L": "Virginia", "NAME_R": "Tennessee", "NAME_ALT_L": "VA", "NAME_ALT_R": "TN|Tenn.", "NAME_LOC_L": null, "NAME_LOC_R": null, "NAME_LEN_L": 8.0, "NAME_LEN_R": 9.0, "NOTE": "US_48", "TYPE": null, "MIN_ZOOM": 2.0, "MIN_LABEL": 7.5, "SCALERANK": 2, "FCLASS_ISO": null, "FCLASS_US": null, "FCLASS_FR": null, "FCLASS_RU": null, "FCLASS_ES": null, "FCLASS_CN": null, "FCLASS_TW": null, "FCLASS_IN": null, "FCLASS_NP": null, "FCLASS_PK": null, "FCLASS_DE": null, "FCLASS_GB": null, "FCLASS_BR": null, "FCLASS_IL": null, "FCLASS_PS": null, "FCLASS_SA": null, "FCLASS_EG": null, "FCLASS_MA": null, "FCLASS_PT": null, "FCLASS_AR": null, "FCLASS_JP": null, "FCLASS_KO": null, "FCLASS_VN": null, "FCLASS_TR": null, "FCLASS_ID": null, "FCLASS_PL": null, "FCLASS_GR": null, "FCLASS_IT": null, "FCLASS_NL": null, "FCLASS_SE": null, "FCLASS_BD": null, "FCLASS_UA": null, "ne_id": 1746745285, "BRK_A3": null, "FCLASS_OSM": null, "FCLASS_TLC": null }, "geometry": { "type": "MultiLineString", "coordinates": [ [ [ -81.905291790683577, 36.617508970862275 ], [ -81.836810345920696, 36.615336118866765 ], [ -81.752459760209774, 36.612552915884351 ], [ -81.65885624422026, 36.609549986043021 ] ], [ [ -81.95245975981004, 36.596976744381209 ], [ -81.94452518888636, 36.59975994736368 ], [ -81.922894329909354, 36.615091978112275 ], [ -81.914178509830322, 36.616849791184904 ], [ -81.905291790683577, 36.617508970862275 ] ], [ [ -83.667474408317275, 36.60400799397371 ], [ -83.563299602694485, 36.603568541155255 ], [ -83.459149212765965, 36.603177916127891 ], [ -83.35492558025129, 36.602738463309436 ], [ -83.25077518942345, 36.602299010490924 ], [ -83.146624798595553, 36.601908385463616 ], [ -83.042425579976509, 36.601493346540678 ], [ -82.938250775253039, 36.601053892822847 ], [ -82.834100385324518, 36.600614439105073 ], [ -82.729949993597302, 36.600199400182134 ], [ -82.625775188873831, 36.59975994736368 ], [ -82.521624798945311, 36.599320494545168 ], [ -82.417474408117414, 36.59890545472291 ], [ -82.313299603393943, 36.598490415800029 ], [ -82.209149212566103, 36.598050962981517 ], [ -82.104949993947059, 36.597611510163063 ], [ -82.000799603119162, 36.597196471240125 ], [ -81.95245975981004, 36.596976744381209 ] ] ] } },
{ "type": "Feature", "properties": { "FEATURECLA": "Admin-1 boundary", "NAME": "West Virginia - Virginia", "ADM0_A3": "USA", "ADM0_NAME": "United States of America", "SHAPE_LENG": 655.756966465, "MAPCOLOR13": 1.0, "MAPCOLOR9": 1.0, "SOV_A3": "US1", "NAME_L": "West Virginia", "NAME_R": "Virginia", "NAME_ALT_L": "WV|W.Va.", "NAME_ALT_R": "VA", "NAME_LOC_L": null, "NAME_LOC_R": null, "NAME_LEN_L": 13.0, "NAME_LEN_R": 8.0, "NOTE": "US_47", "TYPE": null, "MIN_ZOOM": 2.0, "MIN_LABEL": 7.5, "SCALERANK": 2, "FCLASS_ISO": null, "FCLASS_US": null, "FCLASS_FR": null, "FCLASS_RU": null, "FCLASS_ES": null, "FCLASS_CN": null, "FCLASS_TW": null, "FCLASS_IN": null, "FCLASS_NP": null, "FCLASS_PK": null, "FCLASS_DE": null, "FCLASS_GB": null, "FCLASS_BR": null, "FCLASS_IL": null, "FCLASS_PS": null, "FCLASS_SA": null, "FCLASS_EG": null, "FCLASS_MA": null, "FCLASS_PT": null, "FCLASS_AR": null, "FCLASS_JP": null, "FCLASS_KO": null, "FCLASS_VN": null, "FCLASS_TR": null, "FCLASS_ID": null, "FCLASS_PL": null, "FCLASS_GR": null, "FCLASS_IT": null, "FCLASS_NL": null, "FCLASS_SE": null, "FCLASS_BD": null, "FCLASS_UA": null, "ne_id": 1746745289, "BRK_A3": null, "FCLASS_OSM": null, "FCLASS_TLC": null }, "geometry": { "type": "MultiLineString", "coordinates": [ [ [ -78.322161907645921, 39.450834166563538 ], [ -78.306292766697823, 39.440946471402526 ], [ -78.249847455195891, 39.405448424405222 ], [ -78.193426555790893, 39.369901548717451 ], [ -78.137005658184592, 39.334330260033425 ], [ -78.08056034578334, 39.298832213036178 ], [ -78.024115033382088, 39.263285338247726 ], [ -77.967669720980837, 39.227762877354905 ], [ -77.911248821575839, 39.192240416462027 ], [ -77.854827923969481, 39.156693540774256 ], [ -77.844305463026672, 39.150101744000267 ], [ -77.835736127220457, 39.144169126903648 ] ], [ [ -78.711346478257326, 38.915629088211801 ], [ -78.704998822237826, 38.915922056757495 ], [ -78.696966595731794, 38.917411314280685 ], [ -78.674090619086769, 38.925590025059591 ], [ -78.666400188917578, 38.929935728151293 ], [ -78.660540814407057, 38.934305846037944 ], [ -78.6536316351918, 38.94272869757134 ], [ -78.643035930763574, 38.960404478483895 ], [ -78.636932416397883, 38.968583189262745 ], [ -78.631439252119776, 38.972416196949894 ], [ -78.623065228377584, 38.975101744350013 ], [ -78.612567181330348, 38.976688658354874 ], [ -78.596380657940983, 38.98118084571945 ], [ -78.587811322134769, 38.985209166369884 ], [ -78.58121952536078, 38.989554869461642 ], [ -78.555609174423864, 39.015653501907536 ], [ -78.550164837936904, 39.023758970999666 ], [ -78.549725385118393, 39.027640807377338 ], [ -78.550408977792074, 39.031473814165167 ], [ -78.551605266769627, 39.035233580165595 ], [ -78.550775188923808, 39.038871274889402 ], [ -78.548822063787213, 39.042777525162649 ], [ -78.532293744061008, 39.064042173907183 ], [ -78.492742963417015, 39.101078307118144 ], [ -78.452777142051445, 39.125687682040848 ], [ -78.420379681377199, 39.156962096323639 ], [ -78.41561893936256, 39.162406431911279 ], [ -78.413885541084824, 39.166385923871246 ], [ -78.413397259575845, 39.171195494576409 ], [ -78.413934368876028, 39.175931821796098 ], [ -78.418182416385378, 39.190384946907727 ], [ -78.419110149813548, 39.195487486158527 ], [ -78.419427533154135, 39.20095623654106 ], [ -78.418182416385378, 39.20696209622372 ], [ -78.416326946831134, 39.212943541111486 ], [ -78.409759563952719, 39.228812682059583 ], [ -78.408514447183961, 39.23454998619286 ], [ -78.408148236052227, 39.240360532912234 ], [ -78.409222454652536, 39.250882993855043 ], [ -78.41027226025659, 39.255179869155597 ], [ -78.410736126970676, 39.259623227829707 ], [ -78.410760540866249, 39.263993345716301 ], [ -78.409442180612132, 39.268851744212611 ], [ -78.407147260038016, 39.273466001954432 ], [ -78.403875774647247, 39.277811705046133 ], [ -78.372943157600616, 39.312089049170254 ], [ -78.358856243620721, 39.331302916296522 ], [ -78.354315227565678, 39.341581236484842 ], [ -78.352606244082892, 39.347562682271928 ], [ -78.350799603219116, 39.359257018296717 ], [ -78.351263470832521, 39.369535338485036 ], [ -78.357220501824713, 39.399540221204234 ], [ -78.357659954643168, 39.409623228429211 ], [ -78.355340619274159, 39.417753111416914 ], [ -78.350213666127786, 39.427616393581673 ], [ -78.336004680871326, 39.444974791153641 ], [ -78.322161907645921, 39.450834166563538 ] ], [ [ -77.835736127220457, 39.144169126903648 ], [ -77.829486126783308, 39.156327330541842 ], [ -77.822723430941551, 39.168802915721983 ], [ -77.806634564033914, 39.198270689140941 ], [ -77.781878704838334, 39.24392498594932 ], [ -77.765106244357696, 39.274711118723133 ], [ -77.743206829831308, 39.315116392907157 ], [ -77.736615033057319, 39.327323424336555 ], [ -77.734686321816298, 39.331058775542033 ] ], [ [ -78.737664837562193, 38.932816588514754 ], [ -78.732635540897491, 38.932718932033083 ], [ -78.729364056406041, 38.930277525387453 ], [ -78.726287884877991, 38.926713072350367 ], [ -78.723602338377191, 38.9227335803904 ], [ -78.720428510367469, 38.919364439417336 ], [ -78.71625370544416, 38.91670330681211 ], [ -78.711346478257326, 38.915629088211801 ] ], [ [ -78.873602338077433, 38.785209165870299 ], [ -78.867718548772018, 38.788236510506522 ], [ -78.862225385393231, 38.793192563685864 ], [ -78.833148236102204, 38.826664243859739 ], [ -78.796698040881893, 38.868534360772117 ], [ -78.765863080316876, 38.903959166082643 ], [ -78.743182415735873, 38.930082213323487 ], [ -78.737664837562193, 38.932816588514754 ] ], [ [ -78.993695110640829, 38.845902524881581 ], [ -78.988177533366468, 38.845633971130837 ], [ -78.958807416429124, 38.829545103323824 ], [ -78.916082805976714, 38.806156432173566 ], [ -78.880731244151605, 38.786771665979586 ], [ -78.873602338077433, 38.785209165870299 ] ], [ [ -79.290008588425621, 38.424320494495191 ], [ -79.284491010251884, 38.426859556723116 ], [ -79.280096477570396, 38.430277525487384 ], [ -79.244598430573092, 38.469071470871654 ], [ -79.220379680677695, 38.495536314449339 ], [ -79.202459759909971, 38.515091977912448 ], [ -79.195965618718333, 38.524100768335757 ], [ -79.190155071998959, 38.534061705183547 ], [ -79.175531048718881, 38.568461118785592 ], [ -79.174676556078168, 38.57129315045853 ], [ -79.173260541141019, 38.57495525997723 ], [ -79.172869916113711, 38.57671307215054 ], [ -79.171356243795628, 38.579545102924158 ], [ -79.162030071830316, 38.612528502488374 ], [ -79.15905155588456, 38.618680846443908 ], [ -79.154730266688432, 38.626029478477619 ], [ -79.145892377131474, 38.637259946889003 ], [ -79.135662884734302, 38.64543865856723 ], [ -79.125140423791493, 38.651761899791836 ], [ -79.110052532898067, 38.658988463246942 ], [ -79.102581829587734, 38.663944518224923 ], [ -79.098016399637118, 38.668339049107828 ], [ -79.096380657841053, 38.672172056794977 ], [ -79.085882610793817, 38.728568541405025 ], [ -79.083563275424808, 38.734940611320155 ], [ -79.078949016783668, 38.742801938758419 ], [ -79.061468548834455, 38.762235532743603 ], [ -79.056805463301487, 38.769144712858179 ], [ -79.053997846423442, 38.77500408826802 ], [ -79.05255741579208, 38.780228696996744 ], [ -79.048089642323134, 38.788334166088873 ], [ -79.041082805726887, 38.797465025090787 ], [ -78.998699994309277, 38.842313657948921 ], [ -78.993695110640829, 38.845902524881581 ] ], [ [ -79.642157024926746, 38.592264829758051 ], [ -79.635955853180064, 38.592118346384552 ], [ -79.552362102728864, 38.567631040939773 ], [ -79.54989628308698, 38.56643475196222 ], [ -79.546820110659553, 38.564115415693834 ], [ -79.543670697444725, 38.56067303303405 ], [ -79.504779095578783, 38.505131041064658 ], [ -79.502410930619931, 38.500785337972957 ], [ -79.501971477801419, 38.498929869317976 ], [ -79.502044721286836, 38.495804869099402 ], [ -79.503118938987825, 38.492216002166742 ], [ -79.507293743911134, 38.484476744206347 ], [ -79.50844120509754, 38.480765806896443 ], [ -79.507147259638316, 38.479886900360157 ], [ -79.504315227965378, 38.478739439173751 ], [ -79.457635541247214, 38.466556822539303 ], [ -79.412347454671306, 38.454764830032843 ], [ -79.359735149957203, 38.441068541080313 ], [ -79.297381635254226, 38.424833189000424 ], [ -79.290008588425621, 38.424320494495191 ] ], [ [ -80.462860149776077, 37.428007018109383 ], [ -80.457855267006948, 37.428251157964553 ], [ -80.452459760109832, 37.429496274733253 ], [ -80.44616093098216, 37.432914244396841 ], [ -80.416082805676922, 37.454300963518619 ], [ -80.294305462626994, 37.509232602702411 ], [ -80.289788861366844, 37.51365154927953 ], [ -80.286248822225332, 37.519388853412806 ], [ -80.285907024989172, 37.530106627318958 ], [ -80.289959760434556, 37.53454998599301 ], [ -80.301434368701166, 37.54058026047062 ], [ -80.305291791183208, 37.543754088480398 ], [ -80.307708783033888, 37.547831236022716 ], [ -80.308660931256952, 37.552518736350578 ], [ -80.308709759947476, 37.557352720951314 ], [ -80.306219524611379, 37.563724790866388 ], [ -80.301605266869558, 37.5705118997044 ], [ -80.291375775371705, 37.579203306787178 ], [ -80.283856244270225, 37.583841978424516 ], [ -80.27728886139181, 37.587113462915966 ], [ -80.260760540766341, 37.593436705039892 ], [ -80.240057416116827, 37.603959165982701 ], [ -80.230731244151571, 37.610673033133935 ], [ -80.227240032801262, 37.615482602939778 ], [ -80.224969525223401, 37.621586119104109 ], [ -80.225897259550891, 37.630668150314875 ], [ -80.228875774597327, 37.635892759942919 ], [ -80.233343548965593, 37.639701352835118 ], [ -80.262200971397704, 37.65134686106876 ], [ -80.273114055569181, 37.657377135546369 ], [ -80.285662885134002, 37.666898619575591 ], [ -80.287664838061801, 37.669071471571158 ], [ -80.288543743698824, 37.6713419782497 ], [ -80.289373822443963, 37.6750040877684 ], [ -80.284857221183813, 37.685135924583221 ], [ -80.248455852855329, 37.739408384988963 ], [ -80.220135540622664, 37.781522643555149 ], [ -80.216546673690004, 37.788578307043224 ], [ -80.208465619392825, 37.811649595752215 ], [ -80.206903119283538, 37.814847838556886 ], [ -80.164324994003266, 37.853299985805677 ], [ -80.129266399824473, 37.884916197324628 ], [ -80.086737103234725, 37.923319518580911 ], [ -80.031854290942761, 37.972806822177063 ], [ -79.999945110878173, 38.001591002023076 ], [ -79.966864055731548, 38.052567564041851 ], [ -79.943426555890824, 38.088627135134175 ], [ -79.921014446859203, 38.14475506419484 ], [ -79.919696088403725, 38.151224791490904 ], [ -79.922308392318428, 38.161332213510832 ], [ -79.922161908045609, 38.169169127053522 ], [ -79.920037884740566, 38.174369321886672 ], [ -79.916595502080725, 38.179056822214534 ], [ -79.870037884840485, 38.213090025584165 ], [ -79.848089641623631, 38.234916197524456 ], [ -79.838299602944289, 38.241800962844138 ], [ -79.81598515039434, 38.253519712764501 ], [ -79.799090618637138, 38.267508971162044 ], [ -79.79450077479089, 38.273881041077175 ], [ -79.792010541253489, 38.280204283201101 ], [ -79.792572064449189, 38.28528240855627 ], [ -79.793939251595191, 38.289750182025273 ], [ -79.79811405561918, 38.299564635499507 ], [ -79.799432415873298, 38.305497251696806 ], [ -79.797430462945499, 38.314921080143733 ], [ -79.792230267213029, 38.32190350194503 ], [ -79.782293744260869, 38.332230649924554 ], [ -79.776776166087188, 38.340555845875542 ], [ -79.772747846336017, 38.349711118773087 ], [ -79.76935429056806, 38.355082213573269 ], [ -79.765399213402986, 38.358549010128684 ], [ -79.745794721249354, 38.364310728157534 ], [ -79.735589641848492, 38.369486509994431 ], [ -79.731121869278809, 38.374906431686441 ], [ -79.721160930632436, 38.404642759755518 ], [ -79.715521282980831, 38.413431822420648 ], [ -79.699285930900999, 38.430375181969055 ], [ -79.694818158331316, 38.436527525025213 ], [ -79.692596477645338, 38.442142760579941 ], [ -79.691375774772155, 38.484012877492262 ], [ -79.688641399580888, 38.498368346122277 ], [ -79.687762493943922, 38.50080975186853 ], [ -79.669158977804557, 38.521659360790864 ], [ -79.664910931194527, 38.528934752037173 ], [ -79.662664838411558, 38.53467205706977 ], [ -79.662567181030568, 38.540238463034598 ], [ -79.663055463438866, 38.545414243972175 ], [ -79.662420696757749, 38.5534708852731 ], [ -79.66041874382995, 38.563138853575197 ], [ -79.654071087810451, 38.580301939083199 ], [ -79.648577924431663, 38.588065610939168 ], [ -79.642157024926746, 38.592264829758051 ] ], [ [ -81.965228314435137, 37.538675963125172 ], [ -81.956561322147309, 37.531498228360533 ], [ -81.953778119164838, 37.527982603114594 ], [ -81.950994916182424, 37.523099790722767 ], [ -81.949578900345955, 37.517997252371288 ], [ -81.949505657759858, 37.512430846406403 ], [ -81.950677532841837, 37.507084166401114 ], [ -81.95214237736883, 37.502982603164583 ], [ -81.95338749413753, 37.500980650236784 ], [ -81.954022259919327, 37.500150572390964 ], [ -81.978070110747012, 37.485013852807015 ], [ -81.981414837824502, 37.481424985874355 ], [ -81.983953900052427, 37.476786314237017 ], [ -81.983660930607471, 37.472269712976868 ], [ -81.981634563784098, 37.468168149740279 ], [ -81.977630657928501, 37.464774595770962 ], [ -81.942010540554008, 37.446415221285406 ], [ -81.938372845830145, 37.443485533130854 ], [ -81.935174603025473, 37.439945493989342 ], [ -81.932635540797548, 37.435746275170459 ], [ -81.930804486038198, 37.430936705364616 ], [ -81.929705852642996, 37.425687681840998 ], [ -81.929119915551667, 37.420609557385148 ], [ -81.929437298892196, 37.414847838456978 ], [ -81.933099408410953, 37.390848814521178 ], [ -81.933441204747794, 37.384965025215706 ], [ -81.932733197279219, 37.379691587796515 ], [ -81.93065800176538, 37.374930845781876 ], [ -81.927410931169504, 37.370756040858566 ], [ -81.923162884559474, 37.36719158782148 ], [ -81.875408978341682, 37.340311705320914 ], [ -81.865960735999124, 37.333793150233703 ], [ -81.862371869066465, 37.330033385132595 ], [ -81.859466595706806, 37.325882994104859 ], [ -81.850506634873284, 37.307084165901529 ], [ -81.847674603200346, 37.30298260356426 ], [ -81.844232221439825, 37.299125181981537 ], [ -81.835272259706983, 37.292069518493463 ], [ -81.82379764964179, 37.286405455147587 ], [ -81.820013470645165, 37.28569744677975 ], [ -81.807391400292886, 37.284574400388237 ] ], [ [ -80.50426639997437, 37.470316587840216 ], [ -80.496795696664037, 37.469852721126131 ], [ -80.486883587607451, 37.467777524712972 ], [ -80.483343549365316, 37.46401776051124 ], [ -80.481878704838323, 37.460209165820345 ], [ -80.48102421309693, 37.456547057200908 ], [ -80.481341596437517, 37.447684751949737 ], [ -80.480926555715939, 37.442704283076182 ], [ -80.479315227815505, 37.437992368852747 ], [ -80.476458783146313, 37.433890807414798 ], [ -80.472625774559845, 37.430692563710807 ], [ -80.468377727949758, 37.428763853369105 ], [ -80.462860149776077, 37.428007018109383 ] ], [ [ -80.743743939431226, 37.381840024997132 ], [ -80.736029096265781, 37.383085143564529 ], [ -80.731219524661299, 37.384769713151741 ], [ -80.686199993634773, 37.406571471196401 ], [ -80.641400188567843, 37.428226744068979 ], [ -80.592791790608658, 37.446415221285406 ], [ -80.551043744073525, 37.462113463165792 ], [ -80.527825971091659, 37.46826580712127 ], [ -80.50426639997437, 37.470316587840216 ] ], [ [ -80.836053509961516, 37.425785338322669 ], [ -80.827020305642577, 37.425394713295361 ], [ -80.799383587882232, 37.420414244421806 ], [ -80.796160931181987, 37.419315611026605 ], [ -80.79276737721267, 37.417240416412085 ], [ -80.791058391931244, 37.414554869011965 ], [ -80.790789838180501, 37.406571471196401 ], [ -80.788812299148276, 37.403129088536559 ], [ -80.784442181261625, 37.400834166163804 ], [ -80.766864055931421, 37.397928892804146 ], [ -80.761737102785048, 37.396171079731516 ], [ -80.757782024720655, 37.393436705439569 ], [ -80.755291791183197, 37.389969907984835 ], [ -80.753289838255398, 37.386185728088833 ], [ -80.750506635272984, 37.38350018248741 ], [ -80.747503705431654, 37.382059751856048 ], [ -80.743743939431226, 37.381840024997132 ] ], [ [ -80.955145305611325, 37.293534361221759 ], [ -80.948260541191019, 37.294828307580303 ], [ -80.882366986447266, 37.325834166313712 ], [ -80.877044721236871, 37.330204283300986 ], [ -80.871356243995422, 37.336063657811565 ], [ -80.864935346289201, 37.346390806690351 ], [ -80.863665813826231, 37.353324399801181 ], [ -80.864373822194125, 37.35901287704263 ], [ -80.879168743642595, 37.380472837851187 ], [ -80.880975385405691, 37.385306822451867 ], [ -80.881488079910923, 37.390848814521178 ], [ -80.8808777280247, 37.396586119553774 ], [ -80.878875775096901, 37.402250182000273 ], [ -80.876336712868977, 37.407377135146646 ], [ -80.872821087623095, 37.412162291056859 ], [ -80.867327924244307, 37.416556821939764 ], [ -80.859613080179486, 37.4207072129675 ], [ -80.845892377331324, 37.424808775304712 ], [ -80.836053509961516, 37.425785338322669 ] ], [ [ -81.350897260000522, 37.335306822551786 ], [ -81.342596477945108, 37.333890806715317 ], [ -81.33649296268004, 37.330741393500489 ], [ -81.332391400342829, 37.327225768254607 ], [ -81.312616010020804, 37.304447447191933 ], [ -81.306854291092634, 37.299271666254356 ], [ -81.30224003335087, 37.296171079931355 ], [ -81.249847454596363, 37.269608579872056 ], [ -81.241839641985848, 37.264188658179989 ], [ -81.237933391712659, 37.260770689415779 ], [ -81.235223431316285, 37.25725506416984 ], [ -81.231512494006381, 37.250028502513373 ], [ -81.229119916051275, 37.247123228254338 ], [ -81.226727338096168, 37.24548748645833 ], [ -81.224090619386573, 37.244340025271924 ] ], [ [ -81.583929486056945, 37.204764829832982 ], [ -81.56012577508443, 37.206254088255548 ], [ -81.553387494037622, 37.208573424523877 ], [ -81.545623822181653, 37.212772643342817 ], [ -81.493817181417796, 37.257474791028756 ], [ -81.4872497994387, 37.261112485752619 ], [ -81.479022259969327, 37.264359557247758 ], [ -81.463885541284697, 37.267899596389213 ], [ -81.424090618986838, 37.271341978149735 ], [ -81.416815227740528, 37.274369321886695 ], [ -81.408636516961678, 37.279642760205206 ], [ -81.396746868872867, 37.290799986030493 ], [ -81.390838665671879, 37.298490416199741 ], [ -81.386688274644143, 37.305619322273856 ], [ -81.379632611156069, 37.322123228104488 ], [ -81.376776165587557, 37.326273619132223 ], [ -81.371893353195674, 37.330546080537147 ], [ -81.363494915557908, 37.334574400288318 ], [ -81.350897260000522, 37.335306822551786 ] ], [ [ -80.982537885315139, 37.305106626869303 ], [ -80.974749798664277, 37.304130063851346 ], [ -80.9608093689572, 37.294535338135347 ], [ -80.955145305611325, 37.293534361221759 ] ], [ [ -81.224090619386573, 37.244340025271924 ], [ -81.212957805658164, 37.246561705058639 ], [ -81.132074017401976, 37.28025311119211 ], [ -81.028436321978688, 37.290946471202687 ], [ -81.019622846317304, 37.293216977881229 ], [ -80.99223026661349, 37.304349790710262 ], [ -80.982537885315139, 37.305106626869303 ] ], [ [ -81.793475385380702, 37.284745299456006 ], [ -81.771600384749945, 37.282987486383377 ], [ -81.762786908189241, 37.280521665842173 ], [ -81.757025189261071, 37.278226744368737 ], [ -81.751824994427921, 37.275101744150163 ], [ -81.747381634854548, 37.271659361490322 ], [ -81.743719525335791, 37.268021665867138 ], [ -81.730438275306142, 37.251615416518234 ], [ -81.72206425156395, 37.244413267858022 ], [ -81.71720585306764, 37.241288268538767 ], [ -81.681561321797574, 37.226615416568222 ], [ -81.65668339222475, 37.212162291456536 ], [ -81.644598431172653, 37.209354674578549 ], [ -81.583929486056945, 37.204764829832982 ] ], [ [ -81.807391400292886, 37.284574400388237 ], [ -81.793475385380702, 37.284745299456006 ] ] ] } },
{ "type": "Feature", "properties": { "FEATURECLA": "Admin-1 boundary", "NAME": "North Carolina - Virginia", "ADM0_A3": "USA", "ADM0_NAME": "United States of America", "SHAPE_LENG": 639.079354147, "MAPCOLOR13": 1.0, "MAPCOLOR9": 1.0, "SOV_A3": "US1", "NAME_L": "North Carolina", "NAME_R": "Virginia", "NAME_ALT_L": "NC|N.C.", "NAME_ALT_R": "VA", "NAME_LOC_L": null, "NAME_LOC_R": null, "NAME_LEN_L": 14.0, "NAME_LEN_R": 8.0, "NOTE": "US_46", "TYPE": null, "MIN_ZOOM": 2.0, "MIN_LABEL": 7.5, "SCALERANK": 2, "FCLASS_ISO": null, "FCLASS_US": null, "FCLASS_FR": null, "FCLASS_RU": null, "FCLASS_ES": null, "FCLASS_CN": null, "FCLASS_TW": null, "FCLASS_IN": null, "FCLASS_NP": null, "FCLASS_PK": null, "FCLASS_DE": null, "FCLASS_GB": null, "FCLASS_BR": null, "FCLASS_IL": null, "FCLASS_PS": null, "FCLASS_SA": null, "FCLASS_EG": null, "FCLASS_MA": null, "FCLASS_PT": null, "FCLASS_AR": null, "FCLASS_JP": null, "FCLASS_KO": null, "FCLASS_VN": null, "FCLASS_TR": null, "FCLASS_ID": null, "FCLASS_PL": null, "FCLASS_GR": null, "FCLASS_IT": null, "FCLASS_NL": null, "FCLASS_SE": null, "FCLASS_BD": null, "FCLASS_UA": null, "ne_id": 1746745293, "BRK_A3": null, "FCLASS_OSM": null, "FCLASS_TLC": null }, "geometry": { "type": "MultiLineString", "coordinates": [ [ [ -80.089593548803236, 36.539774595820916 ], [ -80.163055463338935, 36.54258221269896 ], [ -80.236492963079741, 36.545365416580694 ], [ -80.309930462820603, 36.548173033458681 ], [ -80.383367962561408, 36.550980650336726 ], [ -80.456805463201533, 36.55376385331914 ], [ -80.530242962942395, 36.556571471096504 ], [ -80.603680462683201, 36.559379087974492 ], [ -80.677117963323326, 36.562162290956962 ], [ -80.745892376631843, 36.563090025284396 ], [ -80.814666790839738, 36.564017760511206 ], [ -80.883441205047575, 36.564945493939376 ], [ -80.952215619255412, 36.56589764306176 ], [ -81.02099003256393, 36.566849791284824 ], [ -81.089764446771767, 36.567777524712994 ], [ -81.158538860979661, 36.568705259939748 ], [ -81.227313275187498, 36.569632994267238 ], [ -81.276312299073311, 36.572660338004198 ], [ -81.325311322059861, 36.575687681741101 ], [ -81.374310345945673, 36.578715025478004 ], [ -81.423309368932223, 36.581742369214965 ], [ -81.472308391918716, 36.584769712951868 ], [ -81.521307415804586, 36.587797056688771 ], [ -81.570330852686709, 36.590824400425731 ], [ -81.619329876572522, 36.593851744162635 ], [ -81.64157108833507, 36.594047057125977 ], [ -81.648309369381877, 36.595609557235264 ], [ -81.652044720587355, 36.5985880722817 ], [ -81.65885624422026, 36.609549986043021 ] ], [ [ -76.031725082546529, 36.55027154209796 ], [ -76.058270305729991, 36.550443541036543 ], [ -76.095233197254231, 36.550687681791032 ], [ -76.132220501774725, 36.550956236441152 ], [ -76.169207806295219, 36.551224791091215 ], [ -76.20617069692014, 36.551468931845704 ], [ -76.249823040800663, 36.551810728182545 ], [ -76.293475384681244, 36.552152525418705 ], [ -76.337127727662505, 36.552494321755546 ], [ -76.380780072442349, 36.552811705096076 ] ], [ [ -76.380780072442349, 36.552811705096076 ], [ -76.447283978173061, 36.552445493964342 ], [ -76.513836712594184, 36.552054868937034 ], [ -76.58034061922416, 36.551664243909727 ], [ -76.646844524954872, 36.551273618882362 ], [ -76.713348430685528, 36.550882993855055 ], [ -76.779876752110397, 36.550492368827747 ], [ -76.846405071736683, 36.55010174380044 ], [ -76.912908978366659, 36.549735533568025 ], [ -77.036151165943522, 36.548783385344962 ], [ -77.159368938725549, 36.547855650118152 ], [ -77.282586713306159, 36.546927915790661 ], [ -77.40582889998376, 36.546000182362491 ], [ -77.529071087560624, 36.545072447135681 ], [ -77.652288861241914, 36.544144712808247 ], [ -77.775506634923261, 36.543216978480757 ], [ -77.898748821600805, 36.542264830257693 ], [ -78.053729291073921, 36.542264830257693 ], [ -78.208709759647661, 36.542264830257693 ], [ -78.363690228221458, 36.542264830257693 ], [ -78.518670696795198, 36.542264830257693 ], [ -78.673651166268314, 36.542264830257693 ], [ -78.828631634842054, 36.542264830257693 ], [ -78.983612103415851, 36.542264830257693 ], [ -79.138568158094017, 36.542264830257693 ], [ -79.257440227784286, 36.541947446917106 ], [ -79.376336713168769, 36.54165447837147 ], [ -79.495208782859038, 36.541337095930203 ], [ -79.614080853448627, 36.541019713488993 ], [ -79.732952924038216, 36.540702330148406 ], [ -79.851824993728485, 36.540384946807819 ], [ -79.970721478213648, 36.540091978262183 ], [ -80.089593548803236, 36.539774595820916 ] ], [ [ -75.96692208708464, 36.549809925487637 ], [ -76.0130554626395, 36.550150572490907 ], [ -76.013249961716326, 36.550151470014328 ] ], [ [ -75.908963134740873, 36.549412722818886 ], [ -75.926702924000722, 36.54951580670911 ], [ -75.942975367719043, 36.54963480140492 ] ], [ [ -75.853100676554959, 36.549027959572641 ], [ -75.867108196586003, 36.549125182581065 ], [ -75.880487103097323, 36.54924725205899 ], [ -75.88063981697394, 36.549247837517669 ] ] ] } },
{ "type": "Feature", "properties": { "FEATURECLA": "Admin-1 boundary", "NAME": "Pennsylvania - Delaware", "ADM0_A3": "USA", "ADM0_NAME": "United States of America", "SHAPE_LENG": 0.44053497047000001, "MAPCOLOR13": 1.0, "MAPCOLOR9": 1.0, "SOV_A3": "US1", "NAME_L": "Pennsylvania", "NAME_R": "Delaware", "NAME_ALT_L": "Commonwealth of Pennsylvania|PA", "NAME_ALT_R": "DE|Del.", "NAME_LOC_L": null, "NAME_LOC_R": null, "NAME_LEN_L": 12.0, "NAME_LEN_R": 8.0, "NOTE": "US_45", "TYPE": null, "MIN_ZOOM": 2.0, "MIN_LABEL": 7.5, "SCALERANK": 2, "FCLASS_ISO": null, "FCLASS_US": null, "FCLASS_FR": null, "FCLASS_RU": null, "FCLASS_ES": null, "FCLASS_CN": null, "FCLASS_TW": null, "FCLASS_IN": null, "FCLASS_NP": null, "FCLASS_PK": null, "FCLASS_DE": null, "FCLASS_GB": null, "FCLASS_BR": null, "FCLASS_IL": null, "FCLASS_PS": null, "FCLASS_SA": null, "FCLASS_EG": null, "FCLASS_MA": null, "FCLASS_PT": null, "FCLASS_AR": null, "FCLASS_JP": null, "FCLASS_KO": null, "FCLASS_VN": null, "FCLASS_TR": null, "FCLASS_ID": null, "FCLASS_PL": null, "FCLASS_GR": null, "FCLASS_IT": null, "FCLASS_NL": null, "FCLASS_SE": null, "FCLASS_BD": null, "FCLASS_UA": null, "ne_id": 1746745297, "BRK_A3": null, "FCLASS_OSM": null, "FCLASS_TLC": null }, "geometry": { "type": "LineString", "coordinates": [ [ -75.788643715035391, 39.721318401123312 ], [ -75.784686322116045, 39.721317563854484 ] ] } },
{ "type": "Feature", "properties": { "FEATURECLA": "Admin-1 statistical meta bounds", "NAME": "Pennsylvania - Maryland", "ADM0_A3": "USA", "ADM0_NAME": "United States of America", "SHAPE_LENG": 410.63441146500003, "MAPCOLOR13": 1.0, "MAPCOLOR9": 1.0, "SOV_A3": "US1", "NAME_L": "Pennsylvania", "NAME_R": "Maryland", "NAME_ALT_L": "Commonwealth of Pennsylvania|PA", "NAME_ALT_R": "MD", "NAME_LOC_L": null, "NAME_LOC_R": null, "NAME_LEN_L": 12.0, "NAME_LEN_R": 8.0, "NOTE": "US_45", "TYPE": null, "MIN_ZOOM": 2.0, "MIN_LABEL": 7.5, "SCALERANK": 2, "FCLASS_ISO": null, "FCLASS_US": null, "FCLASS_FR": null, "FCLASS_RU": null, "FCLASS_ES": null, "FCLASS_CN": null, "FCLASS_TW": null, "FCLASS_IN": null, "FCLASS_NP": null, "FCLASS_PK": null, "FCLASS_DE": null, "FCLASS_GB": null, "FCLASS_BR": null, "FCLASS_IL": null, "FCLASS_PS": null, "FCLASS_SA": null, "FCLASS_EG": null, "FCLASS_MA": null, "FCLASS_PT": null, "FCLASS_AR": null, "FCLASS_JP": null, "FCLASS_KO": null, "FCLASS_VN": null, "FCLASS_TR": null, "FCLASS_ID": null, "FCLASS_PL": null, "FCLASS_GR": null, "FCLASS_IT": null, "FCLASS_NL": null, "FCLASS_SE": null, "FCLASS_BD": null, "FCLASS_UA": null, "ne_id": 1746745301, "BRK_A3": null, "FCLASS_OSM": null, "FCLASS_TLC": null }, "geometry": { "type": "MultiLineString", "coordinates": [ [ [ -79.362054486225531, 39.721757018471578 ], [ -79.246673626986308, 39.721708188881792 ], [ -79.131268352952134, 39.721659361090644 ] ], [ [ -79.477435346364132, 39.721757018471578 ], [ -79.362054486225531, 39.721757018471578 ] ], [ [ -78.669696088203921, 39.721659361090644 ], [ -78.554241986378543, 39.721634947195014 ], [ -78.438836713243688, 39.72161053329944 ] ], [ [ -79.131268352952134, 39.721659361090644 ], [ -79.015863079817279, 39.721659361090644 ], [ -78.900457805783105, 39.721659361090644 ], [ -78.785028118752678, 39.721659361090644 ], [ -78.669696088203921, 39.721659361090644 ] ], [ [ -77.977264446696836, 39.72161053329944 ], [ -77.861834759666408, 39.721561705508293 ], [ -77.746453900427127, 39.721512876817769 ] ], [ [ -78.438836713243688, 39.72161053329944 ], [ -78.323480267000718, 39.72161053329944 ], [ -78.208074993865864, 39.72161053329944 ], [ -78.09266972073101, 39.72161053329944 ], [ -77.977264446696836, 39.72161053329944 ] ], [ [ -77.284881634779595, 39.721512876817769 ], [ -77.169451946849847, 39.721488462922196 ], [ -77.054046673714993, 39.721439635131048 ] ], [ [ -77.746453900427127, 39.721512876817769 ], [ -77.631073041187904, 39.721512876817769 ], [ -77.515643353258156, 39.721512876817769 ], [ -77.400286907914449, 39.721512876817769 ], [ -77.284881634779595, 39.721512876817769 ] ], [ [ -76.592449994171886, 39.721439635131048 ], [ -76.477069134932606, 39.721390807339844 ], [ -76.361663860898432, 39.721341977750058 ] ], [ [ -77.054046673714993, 39.721439635131048 ], [ -76.938641399680819, 39.721439635131048 ], [ -76.823284955236488, 39.721439635131048 ], [ -76.707879681202314, 39.721439635131048 ], [ -76.592449994171886, 39.721439635131048 ] ], [ [ -75.900116010045792, 39.721341977750058 ], [ -75.788643715035391, 39.721318401123312 ] ], [ [ -76.361663860898432, 39.721341977750058 ], [ -76.246258587763577, 39.721341977750058 ], [ -76.130877727625034, 39.721341977750058 ], [ -76.015448040594606, 39.721341977750058 ], [ -75.900116010045792, 39.721341977750058 ] ] ] } },
{ "type": "Feature", "properties": { "FEATURECLA": "Admin-1 boundary", "NAME": "Maryland - West Virginia", "ADM0_A3": "USA", "ADM0_NAME": "United States of America", "SHAPE_LENG": 321.36736165299999, "MAPCOLOR13": 1.0, "MAPCOLOR9": 1.0, "SOV_A3": "US1", "NAME_L": "Maryland", "NAME_R": "West Virginia", "NAME_ALT_L": "MD", "NAME_ALT_R": "WV|W.Va.", "NAME_LOC_L": null, "NAME_LOC_R": null, "NAME_LEN_L": 8.0, "NAME_LEN_R": 13.0, "NOTE": "US_44", "TYPE": null, "MIN_ZOOM": 2.0, "MIN_LABEL": 7.5, "SCALERANK": 2, "FCLASS_ISO": null, "FCLASS_US": null, "FCLASS_FR": null, "FCLASS_RU": null, "FCLASS_ES": null, "FCLASS_CN": null, "FCLASS_TW": null, "FCLASS_IN": null, "FCLASS_NP": null, "FCLASS_PK": null, "FCLASS_DE": null, "FCLASS_GB": null, "FCLASS_BR": null, "FCLASS_IL": null, "FCLASS_PS": null, "FCLASS_SA": null, "FCLASS_EG": null, "FCLASS_MA": null, "FCLASS_PT": null, "FCLASS_AR": null, "FCLASS_JP": null, "FCLASS_KO": null, "FCLASS_VN": null, "FCLASS_TR": null, "FCLASS_ID": null, "FCLASS_PL": null, "FCLASS_GR": null, "FCLASS_IT": null, "FCLASS_NL": null, "FCLASS_SE": null, "FCLASS_BD": null, "FCLASS_UA": null, "ne_id": 1746745305, "BRK_A3": null, "FCLASS_OSM": null, "FCLASS_TLC": null }, "geometry": { "type": "MultiLineString", "coordinates": [ [ [ -79.477435346364132, 39.721757018471578 ], [ -79.487933391612728, 39.209867369583435 ], [ -79.485784955311431, 39.206913268432572 ], [ -79.481903118933758, 39.206742369364804 ] ], [ [ -78.184442181061797, 39.704252134828153 ], [ -78.13297733843342, 39.701346861468437 ], [ -78.086932415698413, 39.678251157964553 ], [ -78.010760540766341, 39.617948423980579 ], [ -77.991790814394562, 39.607963072337895 ], [ -77.969134563709133, 39.601566588527191 ], [ -77.94769901679615, 39.600834166263724 ] ], [ [ -78.299945110678323, 39.63498943911128 ], [ -78.28002323608348, 39.635355650243014 ], [ -78.272723430941596, 39.640214048739324 ], [ -78.254827924069446, 39.658158385201318 ], [ -78.243182415835804, 39.665433775548308 ], [ -78.2134705016623, 39.693290221066832 ], [ -78.205340618674597, 39.697928892704226 ], [ -78.195990032813768, 39.701420103155215 ], [ -78.184442181061797, 39.704252134828153 ] ], [ [ -78.340277142276307, 39.641825377539135 ], [ -78.299945110678323, 39.63498943911128 ] ], [ [ -78.395355266632237, 39.627299009841408 ], [ -78.386151165943545, 39.628177916377695 ], [ -78.360174602975519, 39.638187681915952 ], [ -78.340277142276307, 39.641825377539135 ] ], [ [ -78.774725384668727, 39.637845885579111 ], [ -78.769989055650399, 39.637064635524496 ], [ -78.762957806057898, 39.63198651016927 ], [ -78.759930463220314, 39.627933774723886 ], [ -78.750872845905121, 39.620072447285565 ], [ -78.739666791389311, 39.614213071875724 ], [ -78.73773808014829, 39.610648618838638 ], [ -78.738836712644172, 39.608329283469629 ], [ -78.743866010208194, 39.606888852838267 ], [ -78.752020306192151, 39.603104673841585 ], [ -78.75436405635611, 39.600834166263724 ], [ -78.755926555566077, 39.598221861449701 ], [ -78.757415813988587, 39.594486510244224 ], [ -78.757684368638706, 39.590458188694413 ], [ -78.757611126951929, 39.58777264309299 ], [ -78.757098430648057, 39.586063657811565 ], [ -78.756366010183228, 39.584867368833955 ], [ -78.750750774628557, 39.578763853568944 ], [ -78.748577924431629, 39.577225768254607 ], [ -78.745184368663672, 39.575419127390774 ], [ -78.708807416029401, 39.561503111579327 ], [ -78.6923279240944, 39.552616393331846 ], [ -78.68807987658505, 39.54932049404556 ], [ -78.683245891984313, 39.546219907722559 ], [ -78.658758588338173, 39.539921080393526 ], [ -78.57728886119196, 39.529105650005704 ] ], [ [ -78.977508588150783, 39.449882018340475 ], [ -78.969012494031347, 39.450272643367782 ], [ -78.957782024720643, 39.454154477946759 ], [ -78.95206913538226, 39.457694517987591 ], [ -78.947454876741176, 39.461674009947558 ], [ -78.93751835288964, 39.474076353440921 ], [ -78.877630657828604, 39.521683775385895 ], [ -78.865643353258122, 39.534696470765482 ], [ -78.855535931238194, 39.54814861896358 ], [ -78.852337689332899, 39.551444518249923 ], [ -78.848187299204483, 39.554838072219241 ], [ -78.844427533204055, 39.557377135346485 ], [ -78.839617963398268, 39.55959881423388 ], [ -78.834442180662109, 39.561088071757069 ], [ -78.816961712712839, 39.564042173807252 ], [ -78.811151165993522, 39.565873228566602 ], [ -78.808026165774891, 39.568436704690157 ], [ -78.809051555684732, 39.571219908571891 ], [ -78.813250775402935, 39.576957212705167 ], [ -78.814324994003243, 39.581205260214574 ], [ -78.813665814325873, 39.586381041152094 ], [ -78.811224407680243, 39.591630063776392 ], [ -78.808148236152135, 39.596219908521959 ], [ -78.793499798976541, 39.613480650511576 ], [ -78.788104291180105, 39.621830260358195 ], [ -78.784002727943516, 39.629862485964907 ], [ -78.781390424028814, 39.633549010278557 ], [ -78.778582806251507, 39.636796079975113 ], [ -78.774725384668727, 39.637845885579111 ] ], [ [ -78.414910930994665, 39.629935728551004 ], [ -78.395355266632237, 39.627299009841408 ] ], [ [ -78.46896366634013, 39.5335978382696 ], [ -78.437835736330157, 39.551591002522741 ], [ -78.433148236002296, 39.561722838438243 ], [ -78.4380310492935, 39.566898619375763 ], [ -78.457952923888286, 39.572172056794955 ], [ -78.454705853292467, 39.586307799465374 ], [ -78.438446088216381, 39.589994321980328 ], [ -78.41896366644005, 39.59018963494367 ], [ -78.406219524811206, 39.59412029911249 ], [ -78.433807415679667, 39.624198424417727 ], [ -78.423675579764165, 39.629300962769207 ], [ -78.414910930994665, 39.629935728551004 ] ], [ [ -77.870526165849867, 39.617167173925907 ], [ -77.856805463001706, 39.615091978412067 ], [ -77.8468933530458, 39.611747252233897 ], [ -77.832269329765722, 39.596488463172022 ], [ -77.8374451107033, 39.581107602833583 ], [ -77.855706829606504, 39.568998227885913 ], [ -77.880438274906453, 39.563944518224901 ], [ -77.874408002227483, 39.55298260356426 ], [ -77.85993046322028, 39.515531432329738 ] ], [ [ -77.893499798976507, 39.604569518368578 ], [ -77.887884564321155, 39.608011900129043 ], [ -77.882635540797537, 39.615580259921046 ], [ -77.870526165849867, 39.617167173925907 ] ], [ [ -77.921356243595767, 39.610697447529162 ], [ -77.893499798976507, 39.604569518368578 ] ], [ [ -77.94769901679615, 39.600834166263724 ], [ -77.932269329565884, 39.608011900129043 ], [ -77.921356243595767, 39.610697447529162 ] ], [ [ -77.838568157994075, 39.542679869480367 ], [ -77.829534954574456, 39.53970135353461 ], [ -77.82296757169604, 39.528373227742236 ], [ -77.826507610837552, 39.520926939226854 ], [ -77.832440227934171, 39.515140807302373 ], [ -77.833245891884417, 39.508695493901882 ], [ -77.820648236327031, 39.496927916190373 ], [ -77.805926555666019, 39.496781431917555 ] ], [ [ -77.85993046322028, 39.515531432329738 ], [ -77.853729290574279, 39.515531432329738 ], [ -77.851336712619172, 39.525101744150163 ], [ -77.846087689095555, 39.53601483012028 ], [ -77.838568157994075, 39.542679869480367 ] ], [ [ -78.540741010389297, 39.541361510125569 ], [ -78.46896366634013, 39.5335978382696 ] ], [ [ -78.57728886119196, 39.529105650005704 ], [ -78.57487186934128, 39.532938657692853 ], [ -78.540741010389297, 39.541361510125569 ] ], [ [ -77.770574993840853, 39.501883971168297 ], [ -77.770574993840853, 39.495048032740499 ], [ -77.784417767066259, 39.491971861212392 ], [ -77.790936322153527, 39.484183775460849 ], [ -77.790838665671856, 39.473270689490732 ], [ -77.784832805989197, 39.460892759892943 ], [ -77.806243939006549, 39.448148619163419 ], [ -77.793475385280772, 39.438431822170855 ], [ -77.747601360714214, 39.423050962731736 ], [ -77.738934369325648, 39.406132017978223 ], [ -77.743817180818212, 39.38772381390288 ], [ -77.751483197091886, 39.369022643080484 ], [ -77.751312298923438, 39.351029477928023 ], [ -77.736053509861563, 39.331547057051012 ], [ -77.734686321816298, 39.331058775542033 ] ], [ [ -77.805926555666019, 39.496781431917555 ], [ -77.789105267394177, 39.500882994254766 ], [ -77.770574993840853, 39.501883971168297 ] ], [ [ -79.057098430947804, 39.483329282820137 ], [ -79.047869916363538, 39.482621275351562 ], [ -79.030804486437887, 39.477494322205189 ], [ -79.014569135257375, 39.469950377208136 ], [ -78.995721478363521, 39.455863463228241 ], [ -78.985076947043467, 39.451053893422397 ], [ -78.977508588150783, 39.449882018340475 ] ], [ [ -79.481903118933758, 39.206742369364804 ], [ -79.472015423772802, 39.210526549260805 ], [ -79.459295696938852, 39.217142759930425 ], [ -79.347528119427182, 39.295316587790296 ], [ -79.339544720712297, 39.297318540718038 ], [ -79.298162885308898, 39.302762877204998 ], [ -79.290399212553609, 39.305521666291838 ], [ -79.286395305798692, 39.309525572147436 ], [ -79.274627728087182, 39.330741393100766 ], [ -79.267474408117437, 39.339359556698184 ], [ -79.25446171273785, 39.350004088018238 ], [ -79.226141399605865, 39.366800963293826 ], [ -79.179534954574478, 39.386332212861305 ], [ -79.174578899596497, 39.38921307232539 ], [ -79.170135540922445, 39.392948424430244 ], [ -79.158953900302265, 39.405301939233084 ], [ -79.139886517448815, 39.416923033571095 ], [ -79.136126752347707, 39.419779478240287 ], [ -79.132318157656812, 39.423392759967896 ], [ -79.129486126883251, 39.426835143527057 ], [ -79.127069135032514, 39.430301939183153 ], [ -79.114398235989768, 39.455570493783227 ], [ -79.111322063562397, 39.459891782979355 ], [ -79.107342571602373, 39.464164244384335 ], [ -79.102703899964979, 39.467264829808016 ], [ -79.064666790739807, 39.482328306805869 ], [ -79.057098430947804, 39.483329282820137 ] ] ] } },
{ "type": "Feature", "properties": { "FEATURECLA": "Admin-1 boundary", "NAME": "Delaware - Maryland", "ADM0_A3": "USA", "ADM0_NAME": "United States of America", "SHAPE_LENG": 178.77504193799999, "MAPCOLOR13": 1.0, "MAPCOLOR9": 1.0, "SOV_A3": "US1", "NAME_L": "Delaware", "NAME_R": "Maryland", "NAME_ALT_L": "DE|Del.", "NAME_ALT_R": "MD", "NAME_LOC_L": null, "NAME_LOC_R": null, "NAME_LEN_L": 8.0, "NAME_LEN_R": 8.0, "NOTE": "US_43", "TYPE": null, "MIN_ZOOM": 2.0, "MIN_LABEL": 7.5, "SCALERANK": 2, "FCLASS_ISO": null, "FCLASS_US": null, "FCLASS_FR": null, "FCLASS_RU": null, "FCLASS_ES": null, "FCLASS_CN": null, "FCLASS_TW": null, "FCLASS_IN": null, "FCLASS_NP": null, "FCLASS_PK": null, "FCLASS_DE": null, "FCLASS_GB": null, "FCLASS_BR": null, "FCLASS_IL": null, "FCLASS_PS": null, "FCLASS_SA": null, "FCLASS_EG": null, "FCLASS_MA": null, "FCLASS_PT": null, "FCLASS_AR": null, "FCLASS_JP": null, "FCLASS_KO": null, "FCLASS_VN": null, "FCLASS_TR": null, "FCLASS_ID": null, "FCLASS_PL": null, "FCLASS_GR": null, "FCLASS_IT": null, "FCLASS_NL": null, "FCLASS_SE": null, "FCLASS_BD": null, "FCLASS_UA": null, "ne_id": 1746745309, "BRK_A3": null, "FCLASS_OSM": null, "FCLASS_TLC": null }, "geometry": { "type": "MultiLineString", "coordinates": [ [ [ -75.788643715035391, 39.721318401123312 ], [ -75.788532405945773, 39.647417968164689 ], [ -75.781516639081588, 39.574022248228175 ], [ -75.777199243050632, 39.500086854125016 ], [ -75.770723151252412, 39.423992763355329 ], [ -75.76395953540424, 39.354886900410122 ], [ -75.759565003622015, 39.281595884942135 ], [ -75.753569788315076, 39.212175826752969 ], [ -75.747171716301636, 39.135398954498157 ], [ -75.741149999772631, 39.061632938709124 ], [ -75.73468285802744, 38.989406182749121 ], [ -75.729784576397094, 38.91397263682768 ], [ -75.723906637181528, 38.841478060963709 ], [ -75.718028698865339, 38.770942798471367 ], [ -75.712152763339361, 38.697901297207068 ], [ -75.70658334734361, 38.621321814450141 ], [ -75.701013930448539, 38.554488810809971 ], [ -75.698229221101656, 38.50157935030677 ], [ -75.693701494328479, 38.46035351220479 ], [ -75.630289750971201, 38.457317844343038 ], [ -75.555409925727474, 38.455631360998495 ], [ -75.474652895115014, 38.453715025328108 ], [ -75.396723207110313, 38.453617368846494 ], [ -75.318793520004931, 38.453495299368569 ], [ -75.240912659791377, 38.453373228092005 ], [ -75.162982972686052, 38.453275572509654 ] ], [ [ -75.057728645160807, 38.453436590726085 ], [ -75.0439753895526, 38.453802801857819 ] ], [ [ -75.162982972686052, 38.453275572509654 ], [ -75.108783753967032, 38.453519713264143 ], [ -75.083892382227646, 38.453599350929267 ] ] ] } },
{ "type": "Feature", "properties": { "FEATURECLA": "Admin-1 boundary", "NAME": "Pennsylvania - Pennsylvania", "ADM0_A3": "USA", "ADM0_NAME": "United States of America", "SHAPE_LENG": 0.00677480977, "MAPCOLOR13": 1.0, "MAPCOLOR9": 1.0, "SOV_A3": "US1", "NAME_L": "Pennsylvania", "NAME_R": "Pennsylvania", "NAME_ALT_L": "Commonwealth of Pennsylvania|PA", "NAME_ALT_R": "Commonwealth of Pennsylvania|PA", "NAME_LOC_L": null, "NAME_LOC_R": null, "NAME_LEN_L": 12.0, "NAME_LEN_R": 12.0, "NOTE": "US_43", "TYPE": null, "MIN_ZOOM": 2.0, "MIN_LABEL": 7.5, "SCALERANK": 2, "FCLASS_ISO": null, "FCLASS_US": null, "FCLASS_FR": null, "FCLASS_RU": null, "FCLASS_ES": null, "FCLASS_CN": null, "FCLASS_TW": null, "FCLASS_IN": null, "FCLASS_NP": null, "FCLASS_PK": null, "FCLASS_DE": null, "FCLASS_GB": null, "FCLASS_BR": null, "FCLASS_IL": null, "FCLASS_PS": null, "FCLASS_SA": null, "FCLASS_EG": null, "FCLASS_MA": null, "FCLASS_PT": null, "FCLASS_AR": null, "FCLASS_JP": null, "FCLASS_KO": null, "FCLASS_VN": null, "FCLASS_TR": null, "FCLASS_ID": null, "FCLASS_PL": null, "FCLASS_GR": null, "FCLASS_IT": null, "FCLASS_NL": null, "FCLASS_SE": null, "FCLASS_BD": null, "FCLASS_UA": null, "ne_id": 1746745313, "BRK_A3": null, "FCLASS_OSM": null, "FCLASS_TLC": null }, "geometry": { "type": "LineString", "coordinates": [ [ -75.788643834645256, 39.721397623301641 ], [ -75.788643715035391, 39.721318401123312 ] ] } },
{ "type": "Feature", "properties": { "FEATURECLA": "Admin-1 boundary", "NAME": "Virginia - Maryland", "ADM0_A3": "USA", "ADM0_NAME": "United States of America", "SHAPE_LENG": 93.589832095999995, "MAPCOLOR13": 1.0, "MAPCOLOR9": 1.0, "SOV_A3": "US1", "NAME_L": "Virginia", "NAME_R": "Maryland", "NAME_ALT_L": "VA", "NAME_ALT_R": "MD", "NAME_LOC_L": null, "NAME_LOC_R": null, "NAME_LEN_L": 8.0, "NAME_LEN_R": 8.0, "NOTE": "US_42", "TYPE": null, "MIN_ZOOM": 2.0, "MIN_LABEL": 7.5, "SCALERANK": 2, "FCLASS_ISO": null, "FCLASS_US": null, "FCLASS_FR": null, "FCLASS_RU": null, "FCLASS_ES": null, "FCLASS_CN": null, "FCLASS_TW": null, "FCLASS_IN": null, "FCLASS_NP": null, "FCLASS_PK": null, "FCLASS_DE": null, "FCLASS_GB": null, "FCLASS_BR": null, "FCLASS_IL": null, "FCLASS_PS": null, "FCLASS_SA": null, "FCLASS_EG": null, "FCLASS_MA": null, "FCLASS_PT": null, "FCLASS_AR": null, "FCLASS_JP": null, "FCLASS_KO": null, "FCLASS_VN": null, "FCLASS_TR": null, "FCLASS_ID": null, "FCLASS_PL": null, "FCLASS_GR": null, "FCLASS_IT": null, "FCLASS_NL": null, "FCLASS_SE": null, "FCLASS_BD": null, "FCLASS_UA": null, "ne_id": 1746745321, "BRK_A3": null, "FCLASS_OSM": null, "FCLASS_TLC": null }, "geometry": { "type": "LineString", "coordinates": [ [ -77.119780997195278, 38.934064146942831 ], [ -77.132408011120788, 38.950599521850449 ], [ -77.146538240947052, 38.964729752575977 ], [ -77.172039837768295, 38.969584166176332 ], [ -77.20543827535613, 38.978959165932736 ], [ -77.219696088403737, 38.981107603133353 ], [ -77.233465619043045, 38.986625182206353 ], [ -77.240203900089909, 38.999784360959495 ], [ -77.244305463326441, 39.015751158389207 ], [ -77.250408977692132, 39.029496275132942 ], [ -77.272259564427316, 39.047757994036147 ], [ -77.301556438778618, 39.060306821802385 ], [ -77.33351444663441, 39.067533385257491 ], [ -77.421575970554557, 39.074247252408725 ], [ -77.445111126877009, 39.084598814283822 ], [ -77.480828899833853, 39.113065610789306 ], [ -77.495770305555141, 39.123929868968276 ], [ -77.509002727793643, 39.137211118997925 ], [ -77.514813275412337, 39.152591978437044 ], [ -77.507391399893152, 39.169486510194247 ], [ -77.474408002127575, 39.19243572852605 ], [ -77.459539838093065, 39.207694518487244 ], [ -77.455877727674988, 39.228153502382213 ], [ -77.466741985853957, 39.243754087780928 ], [ -77.48666386134812, 39.250565611413833 ], [ -77.509246869447452, 39.255594908078535 ], [ -77.528192181024338, 39.265726743994037 ], [ -77.547430462945499, 39.291092955075783 ], [ -77.558367962811246, 39.29900311120457 ], [ -77.603607220696688, 39.307621274801988 ], [ -77.64591679132684, 39.320951353522105 ], [ -77.664422650085214, 39.323758971299469 ], [ -77.715277141726688, 39.323905455572287 ], [ -77.734686321816298, 39.331058775542033 ] ] } },
{ "type": "Feature", "properties": { "FEATURECLA": "Admin-1 boundary", "NAME": "Maryland - Virginia", "ADM0_A3": "USA", "ADM0_NAME": "United States of America", "SHAPE_LENG": 31.117878004600001, "MAPCOLOR13": 1.0, "MAPCOLOR9": 1.0, "SOV_A3": "US1", "NAME_L": "Maryland", "NAME_R": "Virginia", "NAME_ALT_L": "MD", "NAME_ALT_R": "VA", "NAME_LOC_L": null, "NAME_LOC_R": null, "NAME_LEN_L": 8.0, "NAME_LEN_R": 8.0, "NOTE": "US_41", "TYPE": null, "MIN_ZOOM": 2.0, "MIN_LABEL": 7.5, "SCALERANK": 2, "FCLASS_ISO": null, "FCLASS_US": null, "FCLASS_FR": null, "FCLASS_RU": null, "FCLASS_ES": null, "FCLASS_CN": null, "FCLASS_TW": null, "FCLASS_IN": null, "FCLASS_NP": null, "FCLASS_PK": null, "FCLASS_DE": null, "FCLASS_GB": null, "FCLASS_BR": null, "FCLASS_IL": null, "FCLASS_PS": null, "FCLASS_SA": null, "FCLASS_EG": null, "FCLASS_MA": null, "FCLASS_PT": null, "FCLASS_AR": null, "FCLASS_JP": null, "FCLASS_KO": null, "FCLASS_VN": null, "FCLASS_TR": null, "FCLASS_ID": null, "FCLASS_PL": null, "FCLASS_GR": null, "FCLASS_IT": null, "FCLASS_NL": null, "FCLASS_SE": null, "FCLASS_BD": null, "FCLASS_UA": null, "ne_id": 1746745325, "BRK_A3": null, "FCLASS_OSM": null, "FCLASS_TLC": null }, "geometry": { "type": "LineString", "coordinates": [ [ -75.64785836327286, 37.965716578856984 ], [ -75.641556462960409, 37.974777449020053 ], [ -75.631711287745702, 37.983675973567301 ], [ -75.6235700849914, 37.994278468776315 ], [ -75.616347742054643, 37.995777965081004 ], [ -75.591144093325227, 37.997232022239984 ], [ -75.548007078963508, 38.001109505898967 ], [ -75.505354748822583, 38.004502305337098 ], [ -75.460278992181713, 38.008864475015514 ], [ -75.42150414839773, 38.011772589333532 ], [ -75.393392385350296, 38.013711330713306 ], [ -75.377882447117202, 38.015165387872344 ] ] } },
{ "type": "Feature", "properties": { "FEATURECLA": "Admin-1 boundary", "NAME": "Virginia - District of Columbia", "ADM0_A3": "USA", "ADM0_NAME": "United States of America", "SHAPE_LENG": 6.6421806829600003, "MAPCOLOR13": 1.0, "MAPCOLOR9": 1.0, "SOV_A3": "US1", "NAME_L": "Virginia", "NAME_R": "District of Columbia", "NAME_ALT_L": "VA", "NAME_ALT_R": "DC|D.C.", "NAME_LOC_L": null, "NAME_LOC_R": null, "NAME_LEN_L": 8.0, "NAME_LEN_R": 20.0, "NOTE": "US_39", "TYPE": null, "MIN_ZOOM": 2.0, "MIN_LABEL": 7.5, "SCALERANK": 2, "FCLASS_ISO": null, "FCLASS_US": null, "FCLASS_FR": null, "FCLASS_RU": null, "FCLASS_ES": null, "FCLASS_CN": null, "FCLASS_TW": null, "FCLASS_IN": null, "FCLASS_NP": null, "FCLASS_PK": null, "FCLASS_DE": null, "FCLASS_GB": null, "FCLASS_BR": null, "FCLASS_IL": null, "FCLASS_PS": null, "FCLASS_SA": null, "FCLASS_EG": null, "FCLASS_MA": null, "FCLASS_PT": null, "FCLASS_AR": null, "FCLASS_JP": null, "FCLASS_KO": null, "FCLASS_VN": null, "FCLASS_TR": null, "FCLASS_ID": null, "FCLASS_PL": null, "FCLASS_GR": null, "FCLASS_IT": null, "FCLASS_NL": null, "FCLASS_SE": null, "FCLASS_BD": null, "FCLASS_UA": null, "ne_id": 1746745327, "BRK_A3": null, "FCLASS_OSM": null, "FCLASS_TLC": null }, "geometry": { "type": "LineString", "coordinates": [ [ -77.068332791125385, 38.901937596243044 ], [ -77.084305101399309, 38.903398541309627 ], [ -77.097232757785548, 38.908208832371713 ], [ -77.119780997195278, 38.934064146942831 ] ] } },
{ "type": "Feature", "properties": { "FEATURECLA": "Admin-1 boundary", "NAME": "District of Columbia - Maryland", "ADM0_A3": "USA", "ADM0_NAME": "United States of America", "SHAPE_LENG": 42.304920801800002, "MAPCOLOR13": 1.0, "MAPCOLOR9": 1.0, "SOV_A3": "US1", "NAME_L": "District of Columbia", "NAME_R": "Maryland", "NAME_ALT_L": "DC|D.C.", "NAME_ALT_R": "MD", "NAME_LOC_L": null, "NAME_LOC_R": null, "NAME_LEN_L": 20.0, "NAME_LEN_R": 8.0, "NOTE": "US_38", "TYPE": null, "MIN_ZOOM": 2.0, "MIN_LABEL": 7.5, "SCALERANK": 2, "FCLASS_ISO": null, "FCLASS_US": null, "FCLASS_FR": null, "FCLASS_RU": null, "FCLASS_ES": null, "FCLASS_CN": null, "FCLASS_TW": null, "FCLASS_IN": null, "FCLASS_NP": null, "FCLASS_PK": null, "FCLASS_DE": null, "FCLASS_GB": null, "FCLASS_BR": null, "FCLASS_IL": null, "FCLASS_PS": null, "FCLASS_SA": null, "FCLASS_EG": null, "FCLASS_MA": null, "FCLASS_PT": null, "FCLASS_AR": null, "FCLASS_JP": null, "FCLASS_KO": null, "FCLASS_VN": null, "FCLASS_TR": null, "FCLASS_ID": null, "FCLASS_PL": null, "FCLASS_GR": null, "FCLASS_IT": null, "FCLASS_NL": null, "FCLASS_SE": null, "FCLASS_BD": null, "FCLASS_UA": null, "ne_id": 1746745333, "BRK_A3": null, "FCLASS_OSM": null, "FCLASS_TLC": null }, "geometry": { "type": "MultiLineString", "coordinates": [ [ [ -77.022932881047609, 38.802767530397205 ], [ -76.968275819273629, 38.846162630401068 ], [ -76.909314541932531, 38.892975072341699 ], [ -76.9805253535622, 38.948361259464548 ], [ -77.04194948098376, 38.996135580292787 ] ], [ [ -77.04194948098376, 38.996135580292787 ], [ -77.079088621642541, 38.966516734259869 ], [ -77.119780997195278, 38.934064146942831 ] ] ] } },
{ "type": "Feature", "properties": { "FEATURECLA": "Admin-1 boundary", "NAME": "New Jersey - Pennsylvania", "ADM0_A3": "USA", "ADM0_NAME": "United States of America", "SHAPE_LENG": 215.68999192199999, "MAPCOLOR13": 1.0, "MAPCOLOR9": 1.0, "SOV_A3": "US1", "NAME_L": "New Jersey", "NAME_R": "Pennsylvania", "NAME_ALT_L": "NJ|N.J.", "NAME_ALT_R": "Commonwealth of Pennsylvania|PA", "NAME_LOC_L": null, "NAME_LOC_R": null, "NAME_LEN_L": 10.0, "NAME_LEN_R": 12.0, "NOTE": "US_37", "TYPE": null, "MIN_ZOOM": 2.0, "MIN_LABEL": 7.5, "SCALERANK": 2, "FCLASS_ISO": null, "FCLASS_US": null, "FCLASS_FR": null, "FCLASS_RU": null, "FCLASS_ES": null, "FCLASS_CN": null, "FCLASS_TW": null, "FCLASS_IN": null, "FCLASS_NP": null, "FCLASS_PK": null, "FCLASS_DE": null, "FCLASS_GB": null, "FCLASS_BR": null, "FCLASS_IL": null, "FCLASS_PS": null, "FCLASS_SA": null, "FCLASS_EG": null, "FCLASS_MA": null, "FCLASS_PT": null, "FCLASS_AR": null, "FCLASS_JP": null, "FCLASS_KO": null, "FCLASS_VN": null, "FCLASS_TR": null, "FCLASS_ID": null, "FCLASS_PL": null, "FCLASS_GR": null, "FCLASS_IT": null, "FCLASS_NL": null, "FCLASS_SE": null, "FCLASS_BD": null, "FCLASS_UA": null, "ne_id": 1746745337, "BRK_A3": null, "FCLASS_OSM": null, "FCLASS_TLC": null }, "geometry": { "type": "MultiLineString", "coordinates": [ [ [ -74.698992963354556, 41.356254088055721 ], [ -74.698553509636724, 41.354520688878665 ], [ -74.718402141645527, 41.34470623630375 ], [ -74.740643353408018, 41.343680846393909 ], [ -74.750897259700764, 41.34077557213493 ], [ -74.764373821794436, 41.33166912702859 ], [ -74.775067180905637, 41.3307413927011 ], [ -74.780145306260863, 41.327933774923736 ], [ -74.78322147778897, 41.323832213485844 ], [ -74.788592571689833, 41.314017760011609 ], [ -74.790692181099246, 41.311185728338671 ], [ -74.844696087754244, 41.27297772094505 ], [ -74.852142377168946, 41.259647643124197 ], [ -74.852923627223618, 41.252616393531696 ], [ -74.862567180730821, 41.224808774905 ], [ -74.886297650016502, 41.180839049482529 ], [ -74.93820194726203, 41.127616392882203 ], [ -74.951141400055576, 41.119388853412829 ], [ -74.958172649648077, 41.11738690048503 ], [ -74.968719525385779, 41.112528501988777 ], [ -74.978338665896729, 41.106791196956124 ], [ -74.982489056025088, 41.102006041045911 ], [ -74.982049603206633, 41.089701353134899 ], [ -74.982391400442737, 41.087186704802548 ], [ -74.986199994234312, 41.086014829720568 ], [ -75.026995891647061, 41.046805846312736 ], [ -75.045721478163671, 41.035209165870299 ], [ -75.067840618649598, 41.030619322024052 ], [ -75.082684368788591, 41.025809752218265 ], [ -75.106439251969903, 41.013749205061742 ], [ -75.128826947105892, 40.998050963181356 ], [ -75.139544721012044, 40.982206236128889 ], [ -75.137298627329756, 40.975199400431961 ], [ -75.13131718064335, 40.96724041651197 ], [ -75.119696088103979, 40.954911313806065 ], [ -75.118817180668316, 40.950931821846098 ], [ -75.119891400167944, 40.946439635380841 ], [ -75.119989055750295, 40.942777524962764 ], [ -75.116278119339711, 40.941239438749051 ], [ -75.110247845761478, 40.941019712789512 ], [ -75.104510540728882, 40.939774596020754 ], [ -75.100238080223221, 40.936625181906606 ], [ -75.098602338427156, 40.930668150015094 ], [ -75.091278119389699, 40.922269713276648 ], [ -75.07565311919609, 40.908671079906412 ], [ -75.061224407980035, 40.89150799439841 ], [ -75.057611127151802, 40.872342955063289 ], [ -75.067694135276099, 40.855131040864819 ], [ -75.081366010333113, 40.847733580140584 ], [ -75.093426555690996, 40.838090024834742 ], [ -75.098602338427156, 40.813993346215909 ], [ -75.105438275056315, 40.795633970831091 ], [ -75.121917766991317, 40.785673033083981 ], [ -75.142327923994458, 40.783964048701876 ] ], [ [ -75.142327923994458, 40.783964048701876 ], [ -75.16066288458444, 40.79043377509862 ] ], [ [ -75.16066288458444, 40.79043377509862 ], [ -75.169720501899633, 40.773636899823032 ], [ -75.176532024633218, 40.765775572384712 ], [ -75.183905072361199, 40.762479673997746 ], [ -75.188739056062559, 40.758549009828926 ], [ -75.187445110603335, 40.750297057363298 ], [ -75.183538861229465, 40.743168150389806 ], [ -75.180487102697612, 40.742631041089624 ], [ -75.194158977754626, 40.713993346415805 ], [ -75.198162885408806, 40.700541197318387 ], [ -75.194793744435742, 40.688016783447779 ], [ -75.190863080266922, 40.677933775323424 ], [ -75.193963665690603, 40.670487485908723 ], [ -75.194793744435742, 40.660673033333808 ], [ -75.191058392330945, 40.629056821814856 ], [ -75.195745891759486, 40.619144712758271 ], [ -75.193866010108252, 40.608695494401502 ], [ -75.189715619080516, 40.598173033458693 ], [ -75.182196087979037, 40.57038983052621 ], [ -75.169549602831864, 40.566263853394105 ] ], [ [ -75.139544721012044, 40.570707212967477 ], [ -75.088787884952922, 40.558329283369687 ], [ -75.071649213340493, 40.53186443889274 ], [ -75.064422649885387, 40.454007994373399 ], [ -75.054315227865459, 40.43538006433846 ], [ -75.035858196898232, 40.415165221197981 ], [ -75.013690227721838, 40.403324400001054 ] ], [ [ -75.169549602831864, 40.566263853394105 ], [ -75.139544721012044, 40.570707212967477 ] ], [ [ -74.974530072105154, 40.414579283207331 ], [ -74.961492962829936, 40.397587095867777 ], [ -74.947747846086202, 40.359037291237996 ], [ -74.895501751604513, 40.323441587759021 ], [ -74.886297650016502, 40.314017760211414 ], [ -74.883074994215576, 40.308109557010425 ], [ -74.849237102909967, 40.271293149759003 ], [ -74.818035931213217, 40.241727720757694 ], [ -74.764715619030596, 40.206278502450914 ], [ -74.739373821844367, 40.184867369433505 ], [ -74.728631634941962, 40.163236510456557 ], [ -74.741009563640432, 40.143705259989758 ], [ -74.769940227759264, 40.129838071969402 ], [ -74.803143353283133, 40.121586119503775 ], [ -74.828265423610389, 40.118851744312508 ], [ -74.837762493744094, 40.114921080143688 ], [ -74.872625774959545, 40.09087322841674 ], [ -74.882830852561767, 40.087162291106836 ], [ -74.920428509867804, 40.077860533037153 ], [ -74.935760540616457, 40.070267760248896 ], [ -74.975067181405279, 40.036283385569789 ], [ -74.988592572189418, 40.029227721182338 ], [ -75.023589648243671, 40.016302802332461 ] ], [ [ -75.013690227721838, 40.403324400001054 ], [ -74.974530072105154, 40.414579283207331 ] ] ] } },
{ "type": "Feature", "properties": { "FEATURECLA": "Admin-1 boundary", "NAME": "Pennsylvania - New York", "ADM0_A3": "USA", "ADM0_NAME": "United States of America", "SHAPE_LENG": 647.35884243500004, "MAPCOLOR13": 1.0, "MAPCOLOR9": 1.0, "SOV_A3": "US1", "NAME_L": "Pennsylvania", "NAME_R": "New York", "NAME_ALT_L": "Commonwealth of Pennsylvania|PA", "NAME_ALT_R": "NY|N.Y.", "NAME_LOC_L": null, "NAME_LOC_R": null, "NAME_LEN_L": 12.0, "NAME_LEN_R": 8.0, "NOTE": "US_36", "TYPE": null, "MIN_ZOOM": 2.0, "MIN_LABEL": 7.5, "SCALERANK": 2, "FCLASS_ISO": null, "FCLASS_US": null, "FCLASS_FR": null, "FCLASS_RU": null, "FCLASS_ES": null, "FCLASS_CN": null, "FCLASS_TW": null, "FCLASS_IN": null, "FCLASS_NP": null, "FCLASS_PK": null, "FCLASS_DE": null, "FCLASS_GB": null, "FCLASS_BR": null, "FCLASS_IL": null, "FCLASS_PS": null, "FCLASS_SA": null, "FCLASS_EG": null, "FCLASS_MA": null, "FCLASS_PT": null, "FCLASS_AR": null, "FCLASS_JP": null, "FCLASS_KO": null, "FCLASS_VN": null, "FCLASS_TR": null, "FCLASS_ID": null, "FCLASS_PL": null, "FCLASS_GR": null, "FCLASS_IT": null, "FCLASS_NL": null, "FCLASS_SE": null, "FCLASS_BD": null, "FCLASS_UA": null, "ne_id": 1746745341, "BRK_A3": null, "FCLASS_OSM": null, "FCLASS_TLC": null }, "geometry": { "type": "MultiLineString", "coordinates": [ [ [ -79.762908978066889, 41.999857602946008 ], [ -79.762933391962463, 42.033744322042821 ], [ -79.762933391962463, 42.062845885229422 ], [ -79.762933391962463, 42.091996275307849 ], [ -79.762933391962463, 42.121146666285597 ], [ -79.76298222065293, 42.150272643367771 ], [ -79.76300663544788, 42.179398619550625 ], [ -79.76300663544788, 42.208524595733479 ], [ -79.76300663544788, 42.23762615802076 ], [ -79.76300663544788, 42.266776548998507 ], [ -79.76300663544788, 42.300736509782098 ], [ -79.76300663544788, 42.334647642774485 ], [ -79.76300663544788, 42.368607603558019 ], [ -79.76300663544788, 42.402518736550405 ], [ -79.76300663544788, 42.436478697333996 ], [ -79.76300663544788, 42.47043865811753 ], [ -79.76300663544788, 42.504374205005547 ], [ -79.76300663544788, 42.537704928139874 ] ], [ [ -75.351287885327622, 41.997391783304124 ], [ -75.373455852705433, 41.997465024990902 ], [ -75.509466595806714, 41.997489438886475 ], [ -75.645526165799879, 41.997587096267466 ], [ -75.781512494106323, 41.997635924058613 ], [ -75.917547650203858, 41.997757994435858 ], [ -76.053631634991973, 41.997806822227062 ], [ -76.18961796329836, 41.997904477809357 ], [ -76.325677533291525, 41.9979533073992 ], [ -76.46173710328469, 41.998050962981551 ], [ -76.597723430691758, 41.998099790772699 ], [ -76.733783001584243, 41.998221861149943 ], [ -76.869842571577408, 41.998270688941091 ], [ -77.005828899883795, 41.998368346322081 ], [ -77.141864055981387, 41.998417174113285 ], [ -77.277948040769445, 41.998514829695637 ], [ -77.413934369075832, 41.998563658386104 ], [ -77.550018352964628, 41.998685727864029 ], [ -77.686029096065909, 41.998758971349446 ], [ -77.822039838267926, 41.998832213036167 ], [ -77.958074994365461, 41.998905454722944 ], [ -78.094134564358626, 41.998978697308985 ], [ -78.23012089176575, 41.999076352891336 ], [ -78.366180462658235, 41.999149596376753 ], [ -78.502240032651343, 41.999222838063474 ], [ -78.638250774853361, 41.999296079750252 ], [ -78.774285930950953, 41.999369322336349 ], [ -78.910345501843437, 41.99944256402307 ], [ -79.046356244045398, 41.999540221404061 ], [ -79.18239140014299, 41.999613463090839 ], [ -79.318426556240581, 41.999686704777559 ], [ -79.454461713237436, 41.999759947363657 ], [ -79.590496869335027, 41.999833189050435 ], [ -79.726556439328192, 41.999857602946008 ] ], [ [ -79.726556439328192, 41.999857602946008 ], [ -79.762908978066889, 41.999857602946008 ] ], [ [ -75.232635540697629, 41.872904478059183 ], [ -75.249139447427524, 41.882401549092208 ], [ -75.254901166355751, 41.904569518268602 ], [ -75.257147260037982, 41.929642759905448 ], [ -75.263055463239027, 41.948002135290267 ], [ -75.284198040706997, 41.959086119428832 ], [ -75.315496868885361, 41.970194518362291 ], [ -75.339447064130695, 41.98398846289723 ], [ -75.33898319741661, 41.997391783304124 ] ], [ [ -75.33898319741661, 41.997391783304124 ], [ -75.351287885327622, 41.997391783304124 ] ], [ [ -74.862078900121105, 41.444486510144316 ], [ -74.886297650016502, 41.448343931727038 ], [ -74.900408977892027, 41.458011900029135 ], [ -74.910223431366262, 41.469242369339838 ], [ -74.922625774859625, 41.478617369096298 ], [ -74.967230266963213, 41.486918150252393 ], [ -74.984344524680068, 41.498295102936652 ], [ -74.997869916363527, 41.513846861443483 ], [ -75.048358196873266, 41.595951353472174 ], [ -75.061004681121119, 41.605375181919101 ], [ -75.063934369275728, 41.615702329898568 ], [ -75.057708782734096, 41.667289243803509 ], [ -75.057611127151802, 41.687943541561197 ], [ -75.071258588313185, 41.725809751718657 ], [ -75.068133588094611, 41.735160338478806 ], [ -75.054510540828801, 41.743656431698923 ], [ -75.05140995540512, 41.753104674041424 ], [ -75.055877727974746, 41.774906432086141 ], [ -75.067889447340121, 41.784012877192481 ], [ -75.085369916188654, 41.788724791415973 ], [ -75.106024213046965, 41.797196470740516 ], [ -75.083074993815899, 41.818802915821891 ], [ -75.078949016683737, 41.828080259996 ], [ -75.091741986103784, 41.831937682478042 ], [ -75.101239056237432, 41.836210142983703 ], [ -75.11559452486739, 41.854960143395886 ], [ -75.142767376812969, 41.862430845806841 ], [ -75.164715619130504, 41.87656658847726 ], [ -75.177410931169504, 41.879716001692088 ] ], [ [ -75.177410931169504, 41.879716001692088 ], [ -75.232635540697629, 41.872904478059183 ] ], [ [ -74.770379680577776, 41.428788268263929 ], [ -74.780877727625011, 41.428934752536804 ], [ -74.793817181317877, 41.437772642993082 ], [ -74.813177532716963, 41.446879088099422 ] ], [ [ -74.813177532716963, 41.446879088099422 ], [ -74.862078900121105, 41.444486510144316 ] ], [ [ -74.698992963354556, 41.356254088055721 ], [ -74.704461712837769, 41.37612713485936 ], [ -74.719891400068036, 41.397660338253957 ], [ -74.728631634941962, 41.407401549142151 ], [ -74.736395305898611, 41.423588072531516 ], [ -74.741619916425975, 41.431400572178632 ], [ -74.749139446628135, 41.434672057569401 ] ], [ [ -74.749139446628135, 41.434672057569401 ], [ -74.760516400211714, 41.432352721301015 ], [ -74.770379680577776, 41.428788268263929 ] ] ] } },
{ "type": "Feature", "properties": { "FEATURECLA": "Admin-1 statistical boundary", "NAME": "Massachusetts - New York", "ADM0_A3": "USA", "ADM0_NAME": "United States of America", "SHAPE_LENG": 64.605234638100001, "MAPCOLOR13": 1.0, "MAPCOLOR9": 1.0, "SOV_A3": "US1", "NAME_L": "Massachusetts", "NAME_R": "New York", "NAME_ALT_L": "Commonwealth of Massachusetts|MA|Mass.", "NAME_ALT_R": "NY|N.Y.", "NAME_LOC_L": null, "NAME_LOC_R": null, "NAME_LEN_L": 13.0, "NAME_LEN_R": 8.0, "NOTE": "US_35", "TYPE": null, "MIN_ZOOM": 2.0, "MIN_LABEL": 7.5, "SCALERANK": 2, "FCLASS_ISO": null, "FCLASS_US": null, "FCLASS_FR": null, "FCLASS_RU": null, "FCLASS_ES": null, "FCLASS_CN": null, "FCLASS_TW": null, "FCLASS_IN": null, "FCLASS_NP": null, "FCLASS_PK": null, "FCLASS_DE": null, "FCLASS_GB": null, "FCLASS_BR": null, "FCLASS_IL": null, "FCLASS_PS": null, "FCLASS_SA": null, "FCLASS_EG": null, "FCLASS_MA": null, "FCLASS_PT": null, "FCLASS_AR": null, "FCLASS_JP": null, "FCLASS_KO": null, "FCLASS_VN": null, "FCLASS_TR": null, "FCLASS_ID": null, "FCLASS_PL": null, "FCLASS_GR": null, "FCLASS_IT": null, "FCLASS_NL": null, "FCLASS_SE": null, "FCLASS_BD": null, "FCLASS_UA": null, "ne_id": 1746745347, "BRK_A3": null, "FCLASS_OSM": null, "FCLASS_TLC": null }, "geometry": { "type": "LineString", "coordinates": [ [ -73.265515691296116, 42.745601244202021 ], [ -73.269915814163483, 42.735209166070149 ], [ -73.278436322178493, 42.711649595852123 ], [ -73.304583783314911, 42.639457212880075 ], [ -73.330731243552009, 42.567216002116766 ], [ -73.356903118584057, 42.494974791353513 ], [ -73.383074993616049, 42.422782408381408 ], [ -73.40924686864804, 42.350590025409304 ], [ -73.435369915888884, 42.278348813746732 ], [ -73.461541790920876, 42.206132017778373 ], [ -73.48766483816172, 42.133939634806268 ], [ -73.500994915982574, 42.097123228454222 ], [ -73.507244916419722, 42.078983579928263 ], [ -73.480535931188285, 42.05454510317395 ] ] } },
{ "type": "Feature", "properties": { "FEATURECLA": "Admin-1 statistical boundary", "NAME": "Connecticut - New York", "ADM0_A3": "USA", "ADM0_NAME": "United States of America", "SHAPE_LENG": 113.65064773500001, "MAPCOLOR13": 1.0, "MAPCOLOR9": 1.0, "SOV_A3": "US1", "NAME_L": "Connecticut", "NAME_R": "New York", "NAME_ALT_L": "CT|Conn.", "NAME_ALT_R": "NY|N.Y.", "NAME_LOC_L": null, "NAME_LOC_R": null, "NAME_LEN_L": 11.0, "NAME_LEN_R": 8.0, "NOTE": "US_34", "TYPE": null, "MIN_ZOOM": 2.0, "MIN_LABEL": 7.5, "SCALERANK": 2, "FCLASS_ISO": null, "FCLASS_US": null, "FCLASS_FR": null, "FCLASS_RU": null, "FCLASS_ES": null, "FCLASS_CN": null, "FCLASS_TW": null, "FCLASS_IN": null, "FCLASS_NP": null, "FCLASS_PK": null, "FCLASS_DE": null, "FCLASS_GB": null, "FCLASS_BR": null, "FCLASS_IL": null, "FCLASS_PS": null, "FCLASS_SA": null, "FCLASS_EG": null, "FCLASS_MA": null, "FCLASS_PT": null, "FCLASS_AR": null, "FCLASS_JP": null, "FCLASS_KO": null, "FCLASS_VN": null, "FCLASS_TR": null, "FCLASS_ID": null, "FCLASS_PL": null, "FCLASS_GR": null, "FCLASS_IT": null, "FCLASS_NL": null, "FCLASS_SE": null, "FCLASS_BD": null, "FCLASS_UA": null, "ne_id": 1746745351, "BRK_A3": null, "FCLASS_OSM": null, "FCLASS_TLC": null }, "geometry": { "type": "LineString", "coordinates": [ [ -73.480535931188285, 42.05454510317395 ], [ -73.484417766666581, 42.0082316266882 ], [ -73.488299603044254, 41.961991392788548 ], [ -73.492230267213074, 41.915653502407167 ], [ -73.496160931381837, 41.869388852813302 ], [ -73.500067180755764, 41.823075377226871 ], [ -73.50397343102901, 41.776786313737375 ], [ -73.507855267406626, 41.730472838150945 ], [ -73.511785930676126, 41.684232603351916 ], [ -73.515692180949372, 41.637919126866166 ], [ -73.519549603431415, 41.59165447817162 ], [ -73.523504680596545, 41.545316587790296 ], [ -73.527410930869735, 41.499076352991267 ], [ -73.531341595937874, 41.452762877404837 ], [ -73.535247846211121, 41.406473813915341 ], [ -73.539129680790097, 41.36016033832891 ], [ -73.543035931063343, 41.313920103529938 ], [ -73.544696087654302, 41.294925963262585 ], [ -73.526190227996608, 41.270292174444251 ], [ -73.512200971397704, 41.25173748609609 ], [ -73.499139447327593, 41.234427916315269 ], [ -73.484100385124634, 41.217924010484694 ], [ -73.499969525173412, 41.208841978374608 ], [ -73.548748822200366, 41.185966001729582 ], [ -73.60929569693883, 41.157425963537378 ], [ -73.664813275012591, 41.131351744087681 ], [ -73.708856243920536, 41.110624205542649 ], [ -73.722967571796005, 41.103495299468477 ], [ -73.717449993622267, 41.096341977700092 ], [ -73.693450970585786, 41.067460143171047 ], [ -73.668914838249179, 41.038016782748286 ], [ -73.66564335285841, 41.035111510287948 ], [ -73.661004681221073, 41.032645688847424 ], [ -73.658660931057113, 41.031009947051416 ], [ -73.65536503267009, 41.02776287735486 ], [ -73.650360149900962, 41.019144712858179 ], [ -73.64749274159675, 41.012319474564094 ], [ -73.642776569983596, 41.000851189311263 ] ] } },
{ "type": "Feature", "properties": { "FEATURECLA": "Admin-1 boundary", "NAME": "New York - New Jersey", "ADM0_A3": "USA", "ADM0_NAME": "United States of America", "SHAPE_LENG": 93.307378848100001, "MAPCOLOR13": 1.0, "MAPCOLOR9": 1.0, "SOV_A3": "US1", "NAME_L": "New York", "NAME_R": "New Jersey", "NAME_ALT_L": "NY|N.Y.", "NAME_ALT_R": "NJ|N.J.", "NAME_LOC_L": null, "NAME_LOC_R": null, "NAME_LEN_L": 8.0, "NAME_LEN_R": 10.0, "NOTE": "US_33", "TYPE": null, "MIN_ZOOM": 2.0, "MIN_LABEL": 7.5, "SCALERANK": 2, "FCLASS_ISO": null, "FCLASS_US": null, "FCLASS_FR": null, "FCLASS_RU": null, "FCLASS_ES": null, "FCLASS_CN": null, "FCLASS_TW": null, "FCLASS_IN": null, "FCLASS_NP": null, "FCLASS_PK": null, "FCLASS_DE": null, "FCLASS_GB": null, "FCLASS_BR": null, "FCLASS_IL": null, "FCLASS_PS": null, "FCLASS_SA": null, "FCLASS_EG": null, "FCLASS_MA": null, "FCLASS_PT": null, "FCLASS_AR": null, "FCLASS_JP": null, "FCLASS_KO": null, "FCLASS_VN": null, "FCLASS_TR": null, "FCLASS_ID": null, "FCLASS_PL": null, "FCLASS_GR": null, "FCLASS_IT": null, "FCLASS_NL": null, "FCLASS_SE": null, "FCLASS_BD": null, "FCLASS_UA": null, "ne_id": 1746745355, "BRK_A3": null, "FCLASS_OSM": null, "FCLASS_TLC": null }, "geometry": { "type": "LineString", "coordinates": [ [ -74.698992963354556, 41.356254088055721 ], [ -74.600018352564916, 41.310550963456194 ], [ -74.500994915782712, 41.264872251852921 ], [ -74.401995891996819, 41.219169127253394 ], [ -74.302996869110189, 41.173514830445072 ], [ -74.204022260119189, 41.127836118841799 ], [ -74.104998822437665, 41.082132994242272 ], [ -74.005999798651771, 41.036454283538319 ], [ -73.907133886219867, 40.990812608714918 ] ] } },
{ "type": "Feature", "properties": { "FEATURECLA": "Admin-1 boundary", "NAME": "Massachusetts - Vermont", "ADM0_A3": "USA", "ADM0_NAME": "United States of America", "SHAPE_LENG": 88.924959429300003, "MAPCOLOR13": 1.0, "MAPCOLOR9": 1.0, "SOV_A3": "US1", "NAME_L": "Massachusetts", "NAME_R": "Vermont", "NAME_ALT_L": "Commonwealth of Massachusetts|MA|Mass.", "NAME_ALT_R": "VT", "NAME_LOC_L": null, "NAME_LOC_R": null, "NAME_LEN_L": 13.0, "NAME_LEN_R": 7.0, "NOTE": "US_32", "TYPE": null, "MIN_ZOOM": 2.0, "MIN_LABEL": 7.5, "SCALERANK": 2, "FCLASS_ISO": null, "FCLASS_US": null, "FCLASS_FR": null, "FCLASS_RU": null, "FCLASS_ES": null, "FCLASS_CN": null, "FCLASS_TW": null, "FCLASS_IN": null, "FCLASS_NP": null, "FCLASS_PK": null, "FCLASS_DE": null, "FCLASS_GB": null, "FCLASS_BR": null, "FCLASS_IL": null, "FCLASS_PS": null, "FCLASS_SA": null, "FCLASS_EG": null, "FCLASS_MA": null, "FCLASS_PT": null, "FCLASS_AR": null, "FCLASS_JP": null, "FCLASS_KO": null, "FCLASS_VN": null, "FCLASS_TR": null, "FCLASS_ID": null, "FCLASS_PL": null, "FCLASS_GR": null, "FCLASS_IT": null, "FCLASS_NL": null, "FCLASS_SE": null, "FCLASS_BD": null, "FCLASS_UA": null, "ne_id": 1746745359, "BRK_A3": null, "FCLASS_OSM": null, "FCLASS_TLC": null }, "geometry": { "type": "MultiLineString", "coordinates": [ [ [ -73.147326514606959, 42.744182548385879 ], [ -73.205270537305466, 42.745345967142669 ], [ -73.265515691296116, 42.745601244202021 ] ], [ [ -73.000282572982371, 42.741261144785994 ], [ -73.049946420690731, 42.742234945985956 ], [ -73.097662666898543, 42.744182548385879 ] ], [ [ -73.097662666898543, 42.744182548385879 ], [ -73.147326514606959, 42.744182548385879 ] ], [ [ -72.466815227640609, 42.72927654897353 ], [ -72.515960735799297, 42.730619322223902 ], [ -72.565106243957985, 42.732010924164797 ], [ -72.614276166012246, 42.733353697415168 ], [ -72.663397260275303, 42.73472088546049 ], [ -72.712567181430245, 42.736136900397639 ], [ -72.761737102585187, 42.737504088442904 ], [ -72.810858196848301, 42.738846860793956 ], [ -72.860028118902562, 42.740238462734851 ], [ -72.90914921316562, 42.741581235985223 ] ], [ [ -72.90914921316562, 42.741581235985223 ], [ -72.951592525574597, 42.741261144785994 ], [ -73.000282572982371, 42.741261144785994 ] ] ] } },
{ "type": "Feature", "properties": { "FEATURECLA": "Admin-1 statistical boundary", "NAME": "New York - Vermont", "ADM0_A3": "USA", "ADM0_NAME": "United States of America", "SHAPE_LENG": 227.13529133399999, "MAPCOLOR13": 1.0, "MAPCOLOR9": 1.0, "SOV_A3": "US1", "NAME_L": "New York", "NAME_R": "Vermont", "NAME_ALT_L": "NY|N.Y.", "NAME_ALT_R": "VT", "NAME_LOC_L": null, "NAME_LOC_R": null, "NAME_LEN_L": 8.0, "NAME_LEN_R": 7.0, "NOTE": "US_31", "TYPE": null, "MIN_ZOOM": 2.0, "MIN_LABEL": 7.5, "SCALERANK": 2, "FCLASS_ISO": null, "FCLASS_US": null, "FCLASS_FR": null, "FCLASS_RU": null, "FCLASS_ES": null, "FCLASS_CN": null, "FCLASS_TW": null, "FCLASS_IN": null, "FCLASS_NP": null, "FCLASS_PK": null, "FCLASS_DE": null, "FCLASS_GB": null, "FCLASS_BR": null, "FCLASS_IL": null, "FCLASS_PS": null, "FCLASS_SA": null, "FCLASS_EG": null, "FCLASS_MA": null, "FCLASS_PT": null, "FCLASS_AR": null, "FCLASS_JP": null, "FCLASS_KO": null, "FCLASS_VN": null, "FCLASS_TR": null, "FCLASS_ID": null, "FCLASS_PL": null, "FCLASS_GR": null, "FCLASS_IT": null, "FCLASS_NL": null, "FCLASS_SE": null, "FCLASS_BD": null, "FCLASS_UA": null, "ne_id": 1746745363, "BRK_A3": null, "FCLASS_OSM": null, "FCLASS_TLC": null }, "geometry": { "type": "MultiLineString", "coordinates": [ [ [ -73.406707806420116, 43.570341002135535 ], [ -73.408612102866243, 43.570804868849621 ], [ -73.410809368757327, 43.573099791222376 ], [ -73.417938274831499, 43.583133971555526 ], [ -73.423504680796384, 43.594608579822079 ], [ -73.425042767010098, 43.606888852938198 ], [ -73.425360150350627, 43.628495298918892 ], [ -73.423577924281744, 43.639701353434702 ], [ -73.420721477813913, 43.648490416099776 ], [ -73.368255658272005, 43.747660338054118 ], [ -73.365350384912347, 43.758524596233087 ], [ -73.363397259775695, 43.779496275532665 ], [ -73.363909955180247, 43.78989666609823 ], [ -73.365448041393961, 43.797904477809368 ], [ -73.368084760103557, 43.802543150346082 ], [ -73.386444134589112, 43.826761900241479 ], [ -73.387567180980625, 43.832767759924138 ], [ -73.386590618861931, 43.838822447398002 ], [ -73.380731244351409, 43.854447446692291 ], [ -73.378387494187507, 43.867557799452868 ], [ -73.378582806251472, 43.87534588520441 ], [ -73.379559369269487, 43.881669127328337 ], [ -73.381585736092859, 43.886478697134123 ], [ -73.384588665934189, 43.890677915953063 ], [ -73.392108197035668, 43.899076352691509 ], [ -73.396356243645698, 43.907523619019798 ], [ -73.400750775427923, 43.920121275476447 ], [ -73.410125775184383, 43.96370037677093 ], [ -73.411126752097914, 43.978934751937231 ], [ -73.409979290911508, 44.006205260364425 ], [ -73.411297650266306, 44.014896666547884 ], [ -73.413690228221469, 44.021488463321873 ], [ -73.41676639974952, 44.025834166413631 ], [ -73.429559369169567, 44.038334166388665 ], [ -73.434149213015758, 44.043924986249067 ], [ -73.438543743898663, 44.052762876705344 ], [ -73.438543743898663, 44.05967205681992 ], [ -73.436151165943556, 44.065775572084988 ], [ -73.42438358823199, 44.080375182368755 ], [ -73.389764446871709, 44.160843931702061 ], [ -73.385858196598463, 44.174296079900159 ], [ -73.382879680652707, 44.195487486058596 ], [ -73.380877727724965, 44.201127135508898 ], [ -73.377459759860017, 44.206083188688183 ], [ -73.373309368832281, 44.210697447329323 ], [ -73.36320194681241, 44.217948423780683 ], [ -73.352166791364311, 44.223978697358973 ], [ -73.340496869235096, 44.228983580128101 ], [ -73.329754681433371, 44.234769712951845 ], [ -73.324627728286998, 44.241947446817221 ], [ -73.320770305804956, 44.252689635518266 ], [ -73.317425579626786, 44.274100768535618 ], [ -73.317059369394372, 44.293705259789874 ], [ -73.318817180668361, 44.303837095705376 ], [ -73.33268436868866, 44.348661313768616 ], [ -73.33327030577999, 44.356717955069541 ], [ -73.33268436868866, 44.363846861143713 ], [ -73.330218549046776, 44.369803893035225 ], [ -73.32692264976049, 44.375443540686831 ], [ -73.307879680802614, 44.401737486096067 ], [ -73.301629681264785, 44.413700376770919 ], [ -73.29664921329055, 44.430301939083222 ], [ -73.293670697344794, 44.444974791053767 ], [ -73.293133588044668, 44.45434979081017 ], [ -73.293621868654327, 44.463749205361523 ], [ -73.294720502049529, 44.469681822458142 ], [ -73.300457806182806, 44.484305845738163 ], [ -73.310223430966573, 44.500174985786941 ], [ -73.352801556246789, 44.552030455241265 ], [ -73.366717572058292, 44.5739786975588 ], [ -73.369793743586399, 44.582523619469441 ], [ -73.377313274687879, 44.618680846144116 ], [ -73.378729291423667, 44.640677916252798 ], [ -73.377801556196857, 44.646439635180968 ], [ -73.376092571814752, 44.652469907859938 ], [ -73.359832805839289, 44.690702330048452 ], [ -73.357928510292481, 44.702396666073241 ], [ -73.356463665765546, 44.724906432485852 ], [ -73.353118938688056, 44.737015807433522 ], [ -73.343841596312586, 44.757425963537344 ], [ -73.340643352608652, 44.766605650330462 ], [ -73.337249798639277, 44.780887877273699 ], [ -73.336468548584662, 44.789359557497562 ], [ -73.336737103234725, 44.796171080231147 ], [ -73.33778690793946, 44.801151549104702 ], [ -73.340008587726118, 44.805668150364795 ], [ -73.343060346257971, 44.810184752524265 ], [ -73.361785930975941, 44.82512615824561 ], [ -73.366449017408229, 44.829813658573471 ], [ -73.370916790877175, 44.835502134915544 ], [ -73.375604291205036, 44.844144713307855 ], [ -73.377264446896675, 44.850809751768622 ], [ -73.377801556196857, 44.8569620957241 ], [ -73.37623905608757, 44.868583189162848 ], [ -73.374530071705408, 44.874564634949934 ], [ -73.368914837949376, 44.887089048820542 ], [ -73.365179485844578, 44.892948424230383 ], [ -73.348553509636758, 44.912674985861884 ], [ -73.344207805645681, 44.919242368740299 ], [ -73.340496869235096, 44.927494322105247 ], [ -73.33685917361197, 44.940677916552602 ], [ -73.336419720793458, 44.948588071782069 ], [ -73.337298627329801, 44.955301938933303 ], [ -73.342401165681224, 44.969925963112701 ], [ -73.347430463245246, 44.992997251821691 ], [ -73.351340859393133, 45.004633645426395 ] ], [ [ -73.265515691296116, 42.745601244202021 ], [ -73.276237286421633, 42.746111796522143 ], [ -73.288125857122623, 42.797435961800147 ], [ -73.280145305661335, 42.812113463265689 ], [ -73.269256635385375, 42.847465025090798 ], [ -73.266522260194165, 42.863749204961834 ], [ -73.266082805577014, 42.874613463140804 ], [ -73.265887494412311, 42.881986509969408 ], [ -73.265301556421662, 42.902787291100594 ], [ -73.264373822094228, 42.93511151008812 ], [ -73.263250774803396, 42.977006040896072 ], [ -73.26185917376182, 43.026639830563681 ], [ -73.26027225975696, 43.082035338260255 ], [ -73.258612103166001, 43.141190611057823 ], [ -73.256854290992749, 43.202323423786936 ], [ -73.255145305711267, 43.26348065041168 ], [ -73.253460736124055, 43.322684751899772 ], [ -73.251922649910341, 43.378031431805084 ], [ -73.250506634973192, 43.427640807577177 ], [ -73.249334759891269, 43.469584166176332 ], [ -73.248407024664459, 43.501883971268228 ], [ -73.247869916263596, 43.522684752399357 ], [ -73.247625774609787, 43.530106627019222 ], [ -73.247039838417777, 43.552006041545553 ], [ -73.25451054082879, 43.560038268051585 ], [ -73.264032024858068, 43.566654477821885 ], [ -73.269085736317663, 43.569217954844703 ], [ -73.277215619305366, 43.577909361028162 ], [ -73.291424602763186, 43.613895689534445 ], [ -73.295819135444731, 43.619462096398593 ], [ -73.301434369200763, 43.623807799490351 ], [ -73.308856243820571, 43.626273619132178 ], [ -73.324676556078202, 43.628861510050626 ], [ -73.33234257235182, 43.629056822114649 ] ], [ [ -73.33234257235182, 43.629056822114649 ], [ -73.339422649735468, 43.628592955400563 ], [ -73.346038861304407, 43.627299009941339 ], [ -73.351971478400969, 43.625101744050198 ], [ -73.357196088029013, 43.621781431767658 ], [ -73.361297650366282, 43.617191587921411 ], [ -73.364276166312038, 43.612015806983891 ], [ -73.368914837949376, 43.594608579822079 ], [ -73.371820111309091, 43.589115416443292 ], [ -73.376043744023548, 43.584623228179396 ], [ -73.38075565824704, 43.580692564010576 ], [ -73.391717572008304, 43.574759946914014 ], [ -73.402825970941819, 43.571097838294577 ], [ -73.406707806420116, 43.570341002135535 ] ] ] } },
{ "type": "Feature", "properties": { "FEATURECLA": "Admin-1 boundary", "NAME": "Massachusetts - New Hampshire", "ADM0_A3": "USA", "ADM0_NAME": "United States of America", "SHAPE_LENG": 188.16718036899999, "MAPCOLOR13": 1.0, "MAPCOLOR9": 1.0, "SOV_A3": "US1", "NAME_L": "Massachusetts", "NAME_R": "New Hampshire", "NAME_ALT_L": "Commonwealth of Massachusetts|MA|Mass.", "NAME_ALT_R": "NH|N.H.", "NAME_LOC_L": null, "NAME_LOC_R": null, "NAME_LEN_L": 13.0, "NAME_LEN_R": 13.0, "NOTE": "US_30", "TYPE": null, "MIN_ZOOM": 2.0, "MIN_LABEL": 7.5, "SCALERANK": 2, "FCLASS_ISO": null, "FCLASS_US": null, "FCLASS_FR": null, "FCLASS_RU": null, "FCLASS_ES": null, "FCLASS_CN": null, "FCLASS_TW": null, "FCLASS_IN": null, "FCLASS_NP": null, "FCLASS_PK": null, "FCLASS_DE": null, "FCLASS_GB": null, "FCLASS_BR": null, "FCLASS_IL": null, "FCLASS_PS": null, "FCLASS_SA": null, "FCLASS_EG": null, "FCLASS_MA": null, "FCLASS_PT": null, "FCLASS_AR": null, "FCLASS_JP": null, "FCLASS_KO": null, "FCLASS_VN": null, "FCLASS_TR": null, "FCLASS_ID": null, "FCLASS_PL": null, "FCLASS_GR": null, "FCLASS_IT": null, "FCLASS_NL": null, "FCLASS_SE": null, "FCLASS_BD": null, "FCLASS_UA": null, "ne_id": 1746745367, "BRK_A3": null, "FCLASS_OSM": null, "FCLASS_TLC": null }, "geometry": { "type": "MultiLineString", "coordinates": [ [ [ -70.849969525073504, 42.87065838507641 ], [ -70.870916791376828, 42.874686704827525 ], [ -70.904510541028628, 42.885404477834356 ], [ -70.916424603013013, 42.886796079775252 ] ], [ [ -70.916424603013013, 42.886796079775252 ], [ -70.925555462914247, 42.886527525125189 ], [ -71.022503705081931, 42.854740416337108 ], [ -71.033465618843195, 42.848905454822841 ], [ -71.038641399780772, 42.845341001785755 ], [ -71.053363080441784, 42.831986510069385 ], [ -71.060760541166019, 42.82642010320518 ], [ -71.073797650441179, 42.819388852713359 ], [ -71.083319135369777, 42.81706951824367 ] ], [ [ -70.814281248980421, 42.877295447426945 ], [ -70.849969525073504, 42.87065838507641 ] ], [ [ -71.083319135369777, 42.81706951824367 ], [ -71.094500775090694, 42.817118346034817 ], [ -71.105975385155887, 42.818729673935309 ], [ -71.123016400286645, 42.819388852713359 ] ], [ [ -71.123016400286645, 42.819388852713359 ], [ -71.13292851024255, 42.8182169785307 ], [ -71.140985149744836, 42.815946470952838 ], [ -71.146307415854551, 42.813187681865998 ], [ -71.15162968106489, 42.809720885310583 ], [ -71.160736127070606, 42.801420103255111 ], [ -71.164862103303392, 42.796879088099388 ], [ -71.172723430741712, 42.786258971574227 ], [ -71.181805462851798, 42.767508971162044 ], [ -71.185858197397863, 42.760746275320344 ], [ -71.19620976017228, 42.752152524719236 ], [ -71.208026165674994, 42.748099791072491 ], [ -71.227557416141849, 42.743754087980733 ], [ -71.237860150225742, 42.740458188694447 ], [ -71.245477337808893, 42.736674009697765 ], [ -71.259075971179129, 42.723905455072668 ], [ -71.273651165768683, 42.71321209596141 ], [ -71.288397260325269, 42.704886900010422 ], [ -71.296307415554793, 42.702054869236804 ], [ -71.306317181092993, 42.700858580259251 ] ], [ [ -72.466717572058315, 42.729227721182383 ], [ -72.466815227640609, 42.72927654897353 ] ], [ [ -71.306317181092993, 42.700858580259251 ], [ -71.329559368869752, 42.7014445182499 ], [ -71.400506635073157, 42.703177916527579 ], [ -71.471453900377185, 42.704935727801569 ], [ -71.542449994371736, 42.706644713082994 ], [ -71.613397259675764, 42.708402525256304 ], [ -71.684344524979849, 42.710135924433359 ], [ -71.755340618974401, 42.711844907916145 ], [ -71.826336712968896, 42.713578307093201 ], [ -71.897259564377407, 42.715336119266453 ], [ -71.968206829681435, 42.717093932339083 ], [ -72.039178509780413, 42.718851744512392 ], [ -72.110125775084441, 42.720536314099604 ], [ -72.181073041287789, 42.722269713276603 ], [ -72.252020305692554, 42.724003111554339 ], [ -72.322967571895902, 42.725712095936444 ], [ -72.393963665890453, 42.727469908109754 ], [ -72.464910931194481, 42.729227721182383 ] ], [ [ -72.464910931194481, 42.729227721182383 ], [ -72.465057416366676, 42.729227721182383 ], [ -72.465179485844601, 42.729227721182383 ], [ -72.465301556221846, 42.729227721182383 ], [ -72.465399212703517, 42.729227721182383 ], [ -72.465521283080761, 42.729227721182383 ], [ -72.465643352558686, 42.729227721182383 ], [ -72.465789837730824, 42.729227721182383 ], [ -72.465887494212495, 42.729227721182383 ], [ -72.46598514979479, 42.729227721182383 ], [ -72.466131634966985, 42.729227721182383 ], [ -72.466229291448656, 42.729227721182383 ], [ -72.466375774822154, 42.729227721182383 ], [ -72.466449017408195, 42.729227721182383 ], [ -72.466571087785439, 42.729227721182383 ], [ -72.466717572058315, 42.729227721182383 ] ] ] } },
{ "type": "Feature", "properties": { "FEATURECLA": "Admin-1 boundary", "NAME": "New Hampshire - Vermont", "ADM0_A3": "USA", "ADM0_NAME": "United States of America", "SHAPE_LENG": 269.98631516900002, "MAPCOLOR13": 1.0, "MAPCOLOR9": 1.0, "SOV_A3": "US1", "NAME_L": "New Hampshire", "NAME_R": "Vermont", "NAME_ALT_L": "NH|N.H.", "NAME_ALT_R": "VT", "NAME_LOC_L": null, "NAME_LOC_R": null, "NAME_LEN_L": 13.0, "NAME_LEN_R": 7.0, "NOTE": "US_29", "TYPE": null, "MIN_ZOOM": 2.0, "MIN_LABEL": 7.5, "SCALERANK": 2, "FCLASS_ISO": null, "FCLASS_US": null, "FCLASS_FR": null, "FCLASS_RU": null, "FCLASS_ES": null, "FCLASS_CN": null, "FCLASS_TW": null, "FCLASS_IN": null, "FCLASS_NP": null, "FCLASS_PK": null, "FCLASS_DE": null, "FCLASS_GB": null, "FCLASS_BR": null, "FCLASS_IL": null, "FCLASS_PS": null, "FCLASS_SA": null, "FCLASS_EG": null, "FCLASS_MA": null, "FCLASS_PT": null, "FCLASS_AR": null, "FCLASS_JP": null, "FCLASS_KO": null, "FCLASS_VN": null, "FCLASS_TR": null, "FCLASS_ID": null, "FCLASS_PL": null, "FCLASS_GR": null, "FCLASS_IT": null, "FCLASS_NL": null, "FCLASS_SE": null, "FCLASS_BD": null, "FCLASS_UA": null, "ne_id": 1746745375, "BRK_A3": null, "FCLASS_OSM": null, "FCLASS_TLC": null }, "geometry": { "type": "MultiLineString", "coordinates": [ [ [ -71.505848136582244, 45.013731074829195 ], [ -71.52157597065451, 45.009623228029511 ], [ -71.531756635260479, 45.000052916209086 ], [ -71.535125775334279, 44.97383221338589 ], [ -71.527850384987289, 44.950590024709868 ], [ -71.514129681239808, 44.93530682175242 ], [ -71.505706829706412, 44.91958416597646 ], [ -71.514617962748787, 44.895048032740476 ], [ -71.559246868748005, 44.849418149827727 ], [ -71.606219524911126, 44.801444518549658 ], [ -71.630706830355905, 44.765336118766868 ], [ -71.635003704757139, 44.740311704921226 ], [ -71.624896282737268, 44.724344908390776 ], [ -71.611004680821338, 44.710697447229393 ], [ -71.604022259919361, 44.692704282976251 ], [ -71.600116009646115, 44.678202330073475 ], [ -71.569256635185582, 44.620682799071915 ], [ -71.556585736142779, 44.606693541573634 ], [ -71.549969524573896, 44.596366392694847 ], [ -71.549383588381886, 44.586551939220612 ], [ -71.558929486306738, 44.576395689409537 ], [ -71.571112102941186, 44.574686705027375 ] ], [ [ -71.571112102941186, 44.574686705027375 ], [ -71.583465618643402, 44.574759946714153 ] ], [ [ -71.583465618643402, 44.574759946714153 ], [ -71.593475385080922, 44.569779477840598 ], [ -71.600555463363946, 44.550492369027609 ], [ -71.597381635354168, 44.532548033464934 ], [ -71.598284954886765, 44.515140807202442 ], [ -71.617669721080745, 44.497172056844931 ], [ -71.651824993928301, 44.476688658155012 ], [ -71.669085735917974, 44.454960142696393 ], [ -71.678021282855923, 44.446122252240116 ], [ -71.704095502305563, 44.438334166488573 ], [ -71.791497845649019, 44.398490416399568 ], [ -71.807269330115503, 44.387943541561185 ], [ -71.840496868635569, 44.35720623657852 ], [ -71.859442181111774, 44.347684752549242 ], [ -71.883441205047575, 44.344779478290263 ] ], [ [ -71.883441205047575, 44.344779478290263 ], [ -71.932391400242921, 44.34634197839955 ] ], [ [ -71.932391400242921, 44.34634197839955 ], [ -71.983367963160958, 44.339213072325379 ], [ -72.02008671303139, 44.317704282826355 ], [ -72.042254681308464, 44.281693541323875 ], [ -72.049676555928329, 44.230887877473549 ], [ -72.049237103109817, 44.14287518224387 ], [ -72.054803509974022, 44.104545103573628 ], [ -72.069525188836394, 44.072611510512786 ], [ -72.11188358815707, 44.016752135202864 ], [ -72.117938274731557, 44.000931822045914 ], [ -72.113592571639856, 43.992606626994188 ], [ -72.104949994146921, 43.986405455247564 ], [ -72.098455852955226, 43.980619322423763 ], [ -72.100579877159589, 43.973319518181199 ], [ -72.165985150394363, 43.90559490777872 ], [ -72.180755657947259, 43.884769712752018 ], [ -72.186834760216016, 43.863773619556866 ], [ -72.188885540934962, 43.841825377239331 ], [ -72.194549603381461, 43.82017010346749 ], [ -72.20299686881043, 43.800541197418283 ], [ -72.213543743648813, 43.784623227779718 ], [ -72.266302532635734, 43.749247252059035 ], [ -72.279266400224174, 43.736136900197778 ], [ -72.306317180893188, 43.720072447185657 ], [ -72.31251835263987, 43.709672057519413 ], [ -72.315936322303401, 43.674759946714119 ], [ -72.324823040550882, 43.633256040933531 ], [ -72.332879680952487, 43.613505064507081 ], [ -72.346991009727333, 43.596561704958674 ], [ -72.381658977979441, 43.572025571722747 ], [ -72.391766399999369, 43.557694517887683 ], [ -72.3978699161637, 43.53140057247839 ], [ -72.405316204679082, 43.360721861124944 ], [ -72.401263471032337, 43.322928893553581 ], [ -72.403680462883017, 43.300248228073258 ], [ -72.415887494312415, 43.281229673910275 ], [ -72.426092571914637, 43.272172057494458 ], [ -72.433685345602214, 43.263138853175519 ], [ -72.438446087616853, 43.252860532987199 ], [ -72.440106244207811, 43.239969907984857 ], [ -72.439032024708183, 43.237113463315666 ], [ -72.436688275443544, 43.235160338179014 ], [ -72.434295696589118, 43.232181822233258 ], [ -72.433245891884383, 43.226298032927843 ], [ -72.435345502193172, 43.220414244521749 ], [ -72.44000858772614, 43.215384946957727 ], [ -72.446917766941397, 43.209867368784046 ], [ -72.453118938688078, 43.168900572303528 ], [ -72.452899212728482, 43.15664471308304 ], [ -72.446917766941397, 43.130716977906161 ], [ -72.449334759691396, 43.107914243847233 ], [ -72.466766399849462, 43.051591001823226 ], [ -72.470965618668345, 43.005741392950881 ], [ -72.48053593138809, 42.989164244534209 ], [ -72.504657024801816, 42.982694518137464 ], [ -72.521893352895916, 42.975516783372825 ], [ -72.528729291323714, 42.957865416355844 ], [ -72.535662885333863, 42.914432799334179 ], [ -72.543280072017694, 42.900126158495368 ], [ -72.550531049368431, 42.889676939239337 ], [ -72.555462688652142, 42.877958189318974 ], [ -72.556170697020036, 42.859818540793015 ], [ -72.553875774647281, 42.844266783185446 ], [ -72.550018353064502, 42.832889830501244 ], [ -72.544110149863513, 42.823026549235863 ], [ -72.535662885333863, 42.812015806784018 ], [ -72.492791790608635, 42.779203307186833 ], [ -72.473309368832304, 42.758524596432949 ], [ -72.466766399849462, 42.729447447141922 ], [ -72.466815227640609, 42.72927654897353 ] ] ] } },
{ "type": "Feature", "properties": { "FEATURECLA": "Admin-1 boundary", "NAME": "New Hampshire - Maine", "ADM0_A3": "USA", "ADM0_NAME": "United States of America", "SHAPE_LENG": 193.167287628, "MAPCOLOR13": 1.0, "MAPCOLOR9": 1.0, "SOV_A3": "US1", "NAME_L": "New Hampshire", "NAME_R": "Maine", "NAME_ALT_L": "NH|N.H.", "NAME_ALT_R": "ME|Maine", "NAME_LOC_L": null, "NAME_LOC_R": null, "NAME_LEN_L": 13.0, "NAME_LEN_R": 5.0, "NOTE": "US_28", "TYPE": null, "MIN_ZOOM": 2.0, "MIN_LABEL": 7.5, "SCALERANK": 2, "FCLASS_ISO": null, "FCLASS_US": null, "FCLASS_FR": null, "FCLASS_RU": null, "FCLASS_ES": null, "FCLASS_CN": null, "FCLASS_TW": null, "FCLASS_IN": null, "FCLASS_NP": null, "FCLASS_PK": null, "FCLASS_DE": null, "FCLASS_GB": null, "FCLASS_BR": null, "FCLASS_IL": null, "FCLASS_PS": null, "FCLASS_SA": null, "FCLASS_EG": null, "FCLASS_MA": null, "FCLASS_PT": null, "FCLASS_AR": null, "FCLASS_JP": null, "FCLASS_KO": null, "FCLASS_VN": null, "FCLASS_TR": null, "FCLASS_ID": null, "FCLASS_PL": null, "FCLASS_GR": null, "FCLASS_IT": null, "FCLASS_NL": null, "FCLASS_SE": null, "FCLASS_BD": null, "FCLASS_UA": null, "ne_id": 1746745379, "BRK_A3": null, "FCLASS_OSM": null, "FCLASS_TLC": null }, "geometry": { "type": "LineString", "coordinates": [ [ -70.7440893215649, 43.08380768437712 ], [ -70.771942180587132, 43.107450377133148 ], [ -70.806414837674595, 43.136698423693304 ], [ -70.825116010295631, 43.161454282888826 ], [ -70.825897260350246, 43.167484557366379 ], [ -70.824627727887332, 43.178617369296148 ], [ -70.814569134557928, 43.208866392769778 ], [ -70.813250775203073, 43.216752135002992 ], [ -70.813592572439234, 43.225590025459269 ], [ -70.817059368994649, 43.23989666629808 ], [ -70.821942181386532, 43.247074400163399 ], [ -70.827996868860396, 43.252299009791443 ], [ -70.866668743867422, 43.271049010203626 ], [ -70.897479291436127, 43.304838071919448 ], [ -70.929754680833867, 43.340238463334401 ], [ -70.960711712675391, 43.366630064325989 ], [ -70.967425579826624, 43.374808775104839 ], [ -70.972625774659775, 43.38310955716031 ], [ -70.976849408273551, 43.394510923740143 ], [ -70.977948040769434, 43.402201353010014 ], [ -70.977777141701722, 43.40911053312459 ], [ -70.97640995455572, 43.415018736325578 ], [ -70.966571088085232, 43.439603697352709 ], [ -70.963592572139476, 43.45066326849502 ], [ -70.964788861117029, 43.467362486389618 ], [ -70.967742963167211, 43.481937681878492 ], [ -70.967596477995073, 43.490653501957524 ], [ -70.966571088085232, 43.496927916290304 ], [ -70.964666790739784, 43.501786313887237 ], [ -70.962176556303007, 43.516044126934901 ], [ -70.962371869266349, 43.531107603033433 ], [ -70.957830853211306, 43.562211119147833 ], [ -70.960003705206816, 43.592240415762546 ], [ -70.963909954580743, 43.645756040908509 ], [ -70.967791790958358, 43.699296079950102 ], [ -70.971746869022752, 43.752787291200491 ], [ -70.975604290605531, 43.806254088555306 ], [ -70.979510540878721, 43.859794126697579 ], [ -70.983441205047541, 43.913285337947968 ], [ -70.987323041425213, 43.966776549198357 ], [ -70.99122929079914, 44.020341002135524 ], [ -70.995184368863534, 44.07388104117706 ], [ -70.999041791345576, 44.127347838531875 ], [ -71.002948040719502, 44.180863462778575 ], [ -71.006878704888322, 44.234403501820111 ], [ -71.010760541265938, 44.287943540861704 ], [ -71.014666790639865, 44.341434752112093 ], [ -71.018573040913111, 44.394925963362482 ], [ -71.022479291186301, 44.448441588508501 ], [ -71.026385540560227, 44.501981627550038 ], [ -71.030291790833473, 44.555472837901107 ], [ -71.03419804110672, 44.608988463047126 ], [ -71.038104291379909, 44.662504088193089 ], [ -71.042010540753836, 44.716019713339051 ], [ -71.045916791027082, 44.76953533848507 ], [ -71.049823041300328, 44.823050962731713 ], [ -71.053729290674198, 44.876591001773306 ], [ -71.057635540947444, 44.930131040814842 ], [ -71.061517377325117, 44.983597838169658 ], [ -71.065448040594561, 45.037089049420047 ], [ -71.069329876972233, 45.09062908846164 ], [ -71.073260541141053, 45.144169127503233 ], [ -71.077166791414299, 45.197660337854302 ], [ -71.081073040788169, 45.251127135209117 ], [ -71.084951960664455, 45.304292577840158 ] ] } },
{ "type": "Feature", "properties": { "FEATURECLA": "Admin-1 boundary", "NAME": "North Dakota - Minnesota", "ADM0_A3": "USA", "ADM0_NAME": "United States of America", "SHAPE_LENG": 280.09412047199999, "MAPCOLOR13": 1.0, "MAPCOLOR9": 1.0, "SOV_A3": "US1", "NAME_L": "North Dakota", "NAME_R": "Minnesota", "NAME_ALT_L": "ND|N.D.", "NAME_ALT_R": "MN|Minn.", "NAME_LOC_L": null, "NAME_LOC_R": null, "NAME_LEN_L": 12.0, "NAME_LEN_R": 9.0, "NOTE": "US_27", "TYPE": null, "MIN_ZOOM": 2.0, "MIN_LABEL": 7.5, "SCALERANK": 2, "FCLASS_ISO": null, "FCLASS_US": null, "FCLASS_FR": null, "FCLASS_RU": null, "FCLASS_ES": null, "FCLASS_CN": null, "FCLASS_TW": null, "FCLASS_IN": null, "FCLASS_NP": null, "FCLASS_PK": null, "FCLASS_DE": null, "FCLASS_GB": null, "FCLASS_BR": null, "FCLASS_IL": null, "FCLASS_PS": null, "FCLASS_SA": null, "FCLASS_EG": null, "FCLASS_MA": null, "FCLASS_PT": null, "FCLASS_AR": null, "FCLASS_JP": null, "FCLASS_KO": null, "FCLASS_VN": null, "FCLASS_TR": null, "FCLASS_ID": null, "FCLASS_PL": null, "FCLASS_GR": null, "FCLASS_IT": null, "FCLASS_NL": null, "FCLASS_SE": null, "FCLASS_BD": null, "FCLASS_UA": null, "ne_id": 1746745383, "BRK_A3": null, "FCLASS_OSM": null, "FCLASS_TLC": null }, "geometry": { "type": "MultiLineString", "coordinates": [ [ [ -96.804266399774519, 46.943900571953805 ], [ -96.804730267387924, 46.951298033577359 ], [ -96.808319135219904, 46.964408385438617 ], [ -96.820819135194938, 46.980082213423373 ], [ -96.826068157819236, 46.989115415943672 ], [ -96.828192181124223, 47.002299010390971 ], [ -96.820916790777233, 47.067972838275864 ], [ -96.821991010276861, 47.08791912676628 ], [ -96.835662885333875, 47.128910338041635 ], [ -96.835907025189044, 47.140629087961997 ], [ -96.833197063893351, 47.150614438705361 ], [ -96.829827923819607, 47.159183775410895 ], [ -96.828192181124223, 47.166752135202842 ], [ -96.831658977679638, 47.188138853425301 ], [ -96.846600385199622, 47.236649595802191 ], [ -96.849920696582842, 47.259232603002204 ], [ -96.84247440806746, 47.386454283438411 ], [ -96.84640507223628, 47.39639080728989 ], [ -96.855120892315313, 47.404960143096105 ], [ -96.864154095734932, 47.411991392688606 ], [ -96.869158977604741, 47.416898618976063 ], [ -96.868719524786229, 47.437723814002766 ], [ -96.852948041219122, 47.488260924102349 ], [ -96.853021282905843, 47.502836118691903 ], [ -96.862591595625645, 47.51987713472198 ], [ -96.863568157744282, 47.537455260052184 ], [ -96.861761516880506, 47.557352720751453 ], [ -96.862957805858059, 47.581376158582827 ], [ -96.861639447402581, 47.585062681997158 ], [ -96.858367962911132, 47.589799010116224 ], [ -96.855706830305962, 47.595487486458296 ], [ -96.856121869228843, 47.601859557272746 ], [ -96.860565227902953, 47.607010924314693 ], [ -96.876605267019443, 47.616141783316607 ], [ -96.888568157694294, 47.643656432498346 ], [ -96.894403119208562, 47.679056822114603 ], [ -96.90485233756533, 47.696439635380841 ], [ -96.918402142245043, 47.711991392988352 ], [ -96.931854291342461, 47.732181822233258 ], [ -96.944085735768056, 47.767411314580499 ], [ -96.9517273381461, 47.780008971037148 ], [ -96.975408977842051, 47.800248228073258 ], [ -96.979022259569604, 47.804203307036971 ], [ -96.980145305961059, 47.806742369264896 ], [ -96.98292850984285, 47.807841001760778 ], [ -96.986468548984305, 47.808719908297121 ], [ -96.989886516849253, 47.810721861224863 ], [ -96.991815228090275, 47.815165220798292 ], [ -96.98627323602102, 47.822562682421847 ], [ -96.986468548984305, 47.828397643036794 ], [ -97.012030072130131, 47.877421079918861 ], [ -97.01476444732134, 47.90007732970497 ], [ -97.000116010145746, 47.924003111054731 ], [ -97.035028119152344, 47.951957213054925 ], [ -97.051336712918953, 47.985843932151738 ], [ -97.062616010020804, 48.023050963531091 ], [ -97.106317180793212, 48.096805845713163 ], [ -97.121893353195674, 48.132718932532669 ], [ -97.129657025051642, 48.170560727895236 ], [ -97.129852338014985, 48.211991392888422 ], [ -97.11517948604444, 48.281229673810401 ], [ -97.119940228059079, 48.297049986067975 ], [ -97.126532024833068, 48.311161313943444 ], [ -97.144110150163272, 48.376468932495186 ], [ -97.140521283230612, 48.388480650061922 ], [ -97.128192181424026, 48.40644940041949 ], [ -97.123651166268303, 48.417460142871278 ], [ -97.122821088422484, 48.428568540905417 ], [ -97.128289837905697, 48.444437681853515 ], [ -97.1337341743926, 48.476102721163613 ], [ -97.157171674233382, 48.534134947569726 ], [ -97.148358196773358, 48.576273619132166 ], [ -97.121795696714003, 48.612382018015694 ], [ -97.1009705016873, 48.650516782823217 ], [ -97.109368939325066, 48.698636900172801 ], [ -97.132562299310621, 48.732792173919677 ], [ -97.140863079567453, 48.749540221404061 ], [ -97.14821171339986, 48.78823651030666 ], [ -97.177655072023924, 48.841996275307849 ], [ -97.185101361438683, 48.876761900041629 ], [ -97.190374798857874, 48.885746274770725 ], [ -97.19718632159146, 48.894242368890161 ], [ -97.203045697001301, 48.903373227892132 ], [ -97.207782025120366, 48.923368345972335 ], [ -97.210882611443367, 48.936649596002042 ], [ -97.221478314072897, 48.952299010091224 ], [ -97.229217572033292, 48.968632017753407 ], [ -97.226088566234353, 48.992669576739559 ] ], [ [ -96.808319135219904, 46.943924985849378 ], [ -96.804266399774519, 46.943900571953805 ] ], [ [ -96.556341595788012, 45.941752134953049 ], [ -96.576190227796758, 46.016459166257505 ], [ -96.576043744423259, 46.040214049438816 ], [ -96.564105266744662, 46.062406432510841 ], [ -96.557025189360957, 46.090360532712396 ], [ -96.556707806020427, 46.103031431755142 ], [ -96.563494915757758, 46.140067564066783 ], [ -96.568133588294472, 46.145707213517085 ], [ -96.566619915976332, 46.157328306955776 ], [ -96.564373822294044, 46.164847838057256 ], [ -96.564862102903703, 46.171390807040098 ], [ -96.587786908239195, 46.198514830295153 ], [ -96.592205853017674, 46.207059752205794 ], [ -96.595428509717919, 46.217728697421421 ], [ -96.597918744154697, 46.237992369252424 ], [ -96.595428509717919, 46.302762876705344 ], [ -96.601629680565281, 46.323929868968264 ], [ -96.616497846398488, 46.341215024853511 ], [ -96.650677533141618, 46.368534361071909 ], [ -96.70870976044705, 46.433719908347086 ], [ -96.715374798907817, 46.44460858042163 ], [ -96.717010540703882, 46.454691588545927 ], [ -96.716912885121531, 46.463529478102885 ], [ -96.71832890005868, 46.47095135272275 ], [ -96.724334759741339, 46.478666196787515 ], [ -96.740618938713055, 46.491800963443666 ], [ -96.7462585881633, 46.498881040827371 ], [ -96.739642376594361, 46.519169127453267 ], [ -96.740374798857886, 46.540360532712384 ], [ -96.7462585881633, 46.577421079818976 ], [ -96.753045697001312, 46.597049985868125 ], [ -96.784783977998188, 46.628422057531907 ], [ -96.794671674058463, 46.642264829857993 ], [ -96.796844525154711, 46.663846861043794 ], [ -96.784588665934166, 46.698588071882 ], [ -96.78102421289708, 46.721097838294554 ], [ -96.78436893907525, 46.743046079712769 ], [ -96.798699993809635, 46.778129087787136 ], [ -96.801507610687679, 46.793729674085171 ], [ -96.799310345695858, 46.803812682209468 ], [ -96.79013065800342, 46.820341001935674 ], [ -96.787225384643762, 46.827225768154676 ], [ -96.785784954911719, 46.83818768191594 ], [ -96.787225384643762, 46.871927915840615 ], [ -96.784002727943516, 46.882255063820139 ], [ -96.769989055650399, 46.896000182362513 ], [ -96.764740033026101, 46.91201580758343 ], [ -96.76105350961177, 46.916385924570761 ], [ -96.759246868747994, 46.920902524931535 ], [ -96.763031048643938, 46.92715252536874 ], [ -96.769354290767865, 46.931449399769974 ], [ -96.781243938856676, 46.933768736038303 ], [ -96.791278119189826, 46.9389445178752 ], [ -96.802948041319041, 46.941263853244209 ], [ -96.808319135219904, 46.943924985849378 ] ] ] } },
{ "type": "Feature", "properties": { "FEATURECLA": "Admin-1 boundary", "NAME": "South Dakota - Minnesota", "ADM0_A3": "USA", "ADM0_NAME": "United States of America", "SHAPE_LENG": 242.33734013500001, "MAPCOLOR13": 1.0, "MAPCOLOR9": 1.0, "SOV_A3": "US1", "NAME_L": "South Dakota", "NAME_R": "Minnesota", "NAME_ALT_L": "SD|S.D.", "NAME_ALT_R": "MN|Minn.", "NAME_LOC_L": null, "NAME_LOC_R": null, "NAME_LEN_L": 12.0, "NAME_LEN_R": 9.0, "NOTE": "US_26", "TYPE": null, "MIN_ZOOM": 2.0, "MIN_LABEL": 7.5, "SCALERANK": 2, "FCLASS_ISO": null, "FCLASS_US": null, "FCLASS_FR": null, "FCLASS_RU": null, "FCLASS_ES": null, "FCLASS_CN": null, "FCLASS_TW": null, "FCLASS_IN": null, "FCLASS_NP": null, "FCLASS_PK": null, "FCLASS_DE": null, "FCLASS_GB": null, "FCLASS_BR": null, "FCLASS_IL": null, "FCLASS_PS": null, "FCLASS_SA": null, "FCLASS_EG": null, "FCLASS_MA": null, "FCLASS_PT": null, "FCLASS_AR": null, "FCLASS_JP": null, "FCLASS_KO": null, "FCLASS_VN": null, "FCLASS_TR": null, "FCLASS_ID": null, "FCLASS_PL": null, "FCLASS_GR": null, "FCLASS_IT": null, "FCLASS_NL": null, "FCLASS_SE": null, "FCLASS_BD": null, "FCLASS_UA": null, "ne_id": 1746745387, "BRK_A3": null, "FCLASS_OSM": null, "FCLASS_TLC": null }, "geometry": { "type": "LineString", "coordinates": [ [ -96.453558392106117, 43.500126158195599 ], [ -96.453558392106117, 43.719803893434914 ], [ -96.453558392106117, 43.939481626875533 ], [ -96.453558392106117, 44.159159361215529 ], [ -96.453558392106117, 44.378837096454788 ], [ -96.453558392106117, 44.598539243791038 ], [ -96.453558392106117, 44.818241392925927 ], [ -96.453558392106117, 45.037870299474719 ], [ -96.453607220796584, 45.257548032915338 ], [ -96.453607220796584, 45.296293150508461 ], [ -96.453607220796584, 45.296561705158524 ], [ -96.458807415629735, 45.299711119272729 ], [ -96.465545696676543, 45.30984295518823 ], [ -96.492938274581661, 45.347513853281669 ], [ -96.502655071574281, 45.354960142696427 ], [ -96.52648319734169, 45.369486510394097 ], [ -96.53732304072571, 45.378275572159907 ], [ -96.566473430804194, 45.393534361221782 ], [ -96.609002728293262, 45.402909360978185 ], [ -96.688153119171091, 45.408964049351368 ], [ -96.708245891934325, 45.421610532699901 ], [ -96.73043827500635, 45.451249205186627 ], [ -96.766668744267122, 45.512015806784007 ], [ -96.787103314266517, 45.535135924183521 ], [ -96.836492963179694, 45.57559002525943 ], [ -96.863055463238993, 45.600760924277211 ], [ -96.858807415729643, 45.621879087849607 ], [ -96.84640507223628, 45.642948424530118 ], [ -96.838934368925948, 45.64917401017243 ], [ -96.829876751610755, 45.654423032796728 ], [ -96.791961712762827, 45.673783385095135 ], [ -96.76915897780458, 45.692289243853509 ], [ -96.758856243720629, 45.698710143358426 ], [ -96.68598026717558, 45.728617368696575 ], [ -96.659198041156628, 45.743973814240121 ], [ -96.64960331364199, 45.751102721213613 ], [ -96.641619915826425, 45.7590128773424 ], [ -96.637908977617201, 45.76352947770323 ], [ -96.607977338383421, 45.812894712720777 ], [ -96.587689251757524, 45.838846860893909 ], [ -96.580999799401184, 45.856107602883526 ], [ -96.572088666358866, 45.917045103548674 ], [ -96.569525189335991, 45.922269713176718 ], [ -96.566009564090109, 45.927591978387056 ], [ -96.562786908289183, 45.931400572178632 ], [ -96.556341595788012, 45.941752134953049 ] ] } },
{ "type": "Feature", "properties": { "FEATURECLA": "Admin-1 boundary", "NAME": "Iowa - Minnesota", "ADM0_A3": "USA", "ADM0_NAME": "United States of America", "SHAPE_LENG": 579.24184461899995, "MAPCOLOR13": 1.0, "MAPCOLOR9": 1.0, "SOV_A3": "US1", "NAME_L": "Iowa", "NAME_R": "Minnesota", "NAME_ALT_L": "IA|Iowa", "NAME_ALT_R": "MN|Minn.", "NAME_LOC_L": null, "NAME_LOC_R": null, "NAME_LEN_L": 4.0, "NAME_LEN_R": 9.0, "NOTE": "US_25", "TYPE": null, "MIN_ZOOM": 2.0, "MIN_LABEL": 7.5, "SCALERANK": 2, "FCLASS_ISO": null, "FCLASS_US": null, "FCLASS_FR": null, "FCLASS_RU": null, "FCLASS_ES": null, "FCLASS_CN": null, "FCLASS_TW": null, "FCLASS_IN": null, "FCLASS_NP": null, "FCLASS_PK": null, "FCLASS_DE": null, "FCLASS_GB": null, "FCLASS_BR": null, "FCLASS_IL": null, "FCLASS_PS": null, "FCLASS_SA": null, "FCLASS_EG": null, "FCLASS_MA": null, "FCLASS_PT": null, "FCLASS_AR": null, "FCLASS_JP": null, "FCLASS_KO": null, "FCLASS_VN": null, "FCLASS_TR": null, "FCLASS_ID": null, "FCLASS_PL": null, "FCLASS_GR": null, "FCLASS_IT": null, "FCLASS_NL": null, "FCLASS_SE": null, "FCLASS_BD": null, "FCLASS_UA": null, "ne_id": 1746745391, "BRK_A3": null, "FCLASS_OSM": null, "FCLASS_TLC": null }, "geometry": { "type": "LineString", "coordinates": [ [ -91.250140423841458, 43.500956236041418 ], [ -91.575360150050869, 43.500907408250271 ], [ -91.900579877159601, 43.5008097517686 ], [ -92.225799603368955, 43.500785337873026 ], [ -92.550994915682793, 43.500760923977452 ], [ -92.876239055787778, 43.500638852700888 ], [ -93.101216447281217, 43.50060507326549 ], [ -93.201434369000935, 43.500590024909684 ], [ -93.526629681314716, 43.500590024909684 ], [ -93.851873822319021, 43.500492369327333 ], [ -94.177093549427752, 43.500467955431759 ], [ -94.502288860842214, 43.500443541536185 ], [ -94.827508587950945, 43.500345885054514 ], [ -95.152703900264783, 43.500321471158941 ], [ -95.477899212578563, 43.500297057263367 ], [ -95.803167766579122, 43.500199399882376 ], [ -96.12836307979228, 43.500126158195599 ], [ -96.453558392106117, 43.500126158195599 ] ] } },
{ "type": "Feature", "properties": { "FEATURECLA": "Admin-1 boundary", "NAME": "Michigan - Ohio", "ADM0_A3": "USA", "ADM0_NAME": "United States of America", "SHAPE_LENG": 190.729171554, "MAPCOLOR13": 1.0, "MAPCOLOR9": 1.0, "SOV_A3": "US1", "NAME_L": "Michigan", "NAME_R": "Ohio", "NAME_ALT_L": "MI|Mich.", "NAME_ALT_R": "OH|Ohio", "NAME_LOC_L": null, "NAME_LOC_R": null, "NAME_LEN_L": 8.0, "NAME_LEN_R": 4.0, "NOTE": "US_24", "TYPE": null, "MIN_ZOOM": 2.0, "MIN_LABEL": 7.5, "SCALERANK": 2, "FCLASS_ISO": null, "FCLASS_US": null, "FCLASS_FR": null, "FCLASS_RU": null, "FCLASS_ES": null, "FCLASS_CN": null, "FCLASS_TW": null, "FCLASS_IN": null, "FCLASS_NP": null, "FCLASS_PK": null, "FCLASS_DE": null, "FCLASS_GB": null, "FCLASS_BR": null, "FCLASS_IL": null, "FCLASS_PS": null, "FCLASS_SA": null, "FCLASS_EG": null, "FCLASS_MA": null, "FCLASS_PT": null, "FCLASS_AR": null, "FCLASS_JP": null, "FCLASS_KO": null, "FCLASS_VN": null, "FCLASS_TR": null, "FCLASS_ID": null, "FCLASS_PL": null, "FCLASS_GR": null, "FCLASS_IT": null, "FCLASS_NL": null, "FCLASS_SE": null, "FCLASS_BD": null, "FCLASS_UA": null, "ne_id": 1746745395, "BRK_A3": null, "FCLASS_OSM": null, "FCLASS_TLC": null }, "geometry": { "type": "LineString", "coordinates": [ [ -84.806075336307686, 41.6968055068686 ], [ -84.736974216386955, 41.699029072533619 ], [ -84.641201904344371, 41.702135201378439 ], [ -84.556301043258543, 41.703170577360254 ], [ -84.473470935035607, 41.704205953342068 ], [ -84.388570074849042, 41.707312082186832 ], [ -84.303151526221939, 41.707312082186832 ], [ -84.223427546843823, 41.710418211031595 ], [ -84.139562062639072, 41.712488963894543 ], [ -84.054661201553188, 41.71663047051976 ], [ -83.968724965384808, 41.718701222483389 ], [ -83.889518675346551, 41.719736599364523 ], [ -83.802547061397775, 41.722842728209343 ], [ -83.725929211763685, 41.725948857054107 ], [ -83.639992974695986, 41.72905498589887 ], [ -83.554574426068882, 41.72905498589887 ], [ -83.413763242179868, 41.735267244487716 ], [ -83.259880345801321, 41.845558740443494 ], [ -83.130862393684481, 41.938028944280347 ] ] } },
{ "type": "Feature", "properties": { "FEATURECLA": "Admin-1 statistical boundary", "NAME": "Minnesota - Michigan", "ADM0_A3": "USA", "ADM0_NAME": "United States of America", "SHAPE_LENG": 73.744562809900003, "MAPCOLOR13": 1.0, "MAPCOLOR9": 1.0, "SOV_A3": "US1", "NAME_L": "Minnesota", "NAME_R": "Michigan", "NAME_ALT_L": "MN|Minn.", "NAME_ALT_R": "MI|Mich.", "NAME_LOC_L": null, "NAME_LOC_R": null, "NAME_LEN_L": 9.0, "NAME_LEN_R": 8.0, "NOTE": "US_23", "TYPE": null, "MIN_ZOOM": 2.0, "MIN_LABEL": 7.5, "SCALERANK": 2, "FCLASS_ISO": null, "FCLASS_US": null, "FCLASS_FR": null, "FCLASS_RU": null, "FCLASS_ES": null, "FCLASS_CN": null, "FCLASS_TW": null, "FCLASS_IN": null, "FCLASS_NP": null, "FCLASS_PK": null, "FCLASS_DE": null, "FCLASS_GB": null, "FCLASS_BR": null, "FCLASS_IL": null, "FCLASS_PS": null, "FCLASS_SA": null, "FCLASS_EG": null, "FCLASS_MA": null, "FCLASS_PT": null, "FCLASS_AR": null, "FCLASS_JP": null, "FCLASS_KO": null, "FCLASS_VN": null, "FCLASS_TR": null, "FCLASS_ID": null, "FCLASS_PL": null, "FCLASS_GR": null, "FCLASS_IT": null, "FCLASS_NL": null, "FCLASS_SE": null, "FCLASS_BD": null, "FCLASS_UA": null, "ne_id": 1746745397, "BRK_A3": null, "FCLASS_OSM": null, "FCLASS_TLC": null }, "geometry": { "type": "LineString", "coordinates": [ [ -89.957635540947422, 47.286112486402089 ], [ -89.928973430579333, 47.330448423855671 ], [ -89.900262494218737, 47.374784361309196 ], [ -89.871600384749911, 47.419120298762778 ], [ -89.842938275281142, 47.463456236216302 ], [ -89.814227338021226, 47.507792174569204 ], [ -89.785540813757507, 47.552128111123409 ], [ -89.756854291292484, 47.596415220785786 ], [ -89.728192180924395, 47.640751158239311 ], [ -89.699456829768849, 47.685111510487786 ], [ -89.6707947211994, 47.729423033146418 ], [ -89.642157024726885, 47.773758971499319 ], [ -89.613421673571338, 47.818119321949098 ], [ -89.584759564102569, 47.862455260301999 ], [ -89.5560974546338, 47.906791196856204 ], [ -89.527362102578934, 47.951127135209106 ], [ -89.498962444061533, 47.995094552071919 ] ] } },
{ "type": "Feature", "properties": { "FEATURECLA": "Admin-1 statistical boundary", "NAME": "Wisconsin - Iowa", "ADM0_A3": "USA", "ADM0_NAME": "United States of America", "SHAPE_LENG": 136.777180762, "MAPCOLOR13": 1.0, "MAPCOLOR9": 1.0, "SOV_A3": "US1", "NAME_L": "Wisconsin", "NAME_R": "Iowa", "NAME_ALT_L": "WI|Wis.", "NAME_ALT_R": "IA|Iowa", "NAME_LOC_L": null, "NAME_LOC_R": null, "NAME_LEN_L": 9.0, "NAME_LEN_R": 4.0, "NOTE": "US_22", "TYPE": null, "MIN_ZOOM": 2.0, "MIN_LABEL": 7.5, "SCALERANK": 2, "FCLASS_ISO": null, "FCLASS_US": null, "FCLASS_FR": null, "FCLASS_RU": null, "FCLASS_ES": null, "FCLASS_CN": null, "FCLASS_TW": null, "FCLASS_IN": null, "FCLASS_NP": null, "FCLASS_PK": null, "FCLASS_DE": null, "FCLASS_GB": null, "FCLASS_BR": null, "FCLASS_IL": null, "FCLASS_PS": null, "FCLASS_SA": null, "FCLASS_EG": null, "FCLASS_MA": null, "FCLASS_PT": null, "FCLASS_AR": null, "FCLASS_JP": null, "FCLASS_KO": null, "FCLASS_VN": null, "FCLASS_TR": null, "FCLASS_ID": null, "FCLASS_PL": null, "FCLASS_GR": null, "FCLASS_IT": null, "FCLASS_NL": null, "FCLASS_SE": null, "FCLASS_BD": null, "FCLASS_UA": null, "ne_id": 1746745401, "BRK_A3": null, "FCLASS_OSM": null, "FCLASS_TLC": null }, "geometry": { "type": "LineString", "coordinates": [ [ -91.250140423841458, 43.500956236041418 ], [ -91.250457806282725, 43.499613462791046 ], [ -91.251898236014767, 43.486918149852727 ], [ -91.250970501687277, 43.474442563773266 ], [ -91.247943157950374, 43.462797057338321 ], [ -91.242938275181245, 43.451908385263721 ], [ -91.22916874364256, 43.43149822826058 ], [ -91.224188274769062, 43.421537291412847 ], [ -91.220965618968137, 43.410892760092793 ], [ -91.216522260294084, 43.383426938702257 ], [ -91.208807416229263, 43.372904477759391 ], [ -91.197113080204474, 43.365970885547881 ], [ -91.111029096215816, 43.340043150371059 ], [ -91.086492962979833, 43.317362485790056 ], [ -91.084783977698407, 43.280106627518819 ], [ -91.103460736423813, 43.249296079950113 ], [ -91.156512493956427, 43.195341001985639 ], [ -91.167791791058278, 43.160453306874615 ], [ -91.162396283261842, 43.090384947207497 ], [ -91.154657025301447, 43.05649822811074 ], [ -91.154168743792468, 43.019779478240309 ], [ -91.152313275137544, 43.007621275501435 ], [ -91.14767460260083, 42.996341978399585 ], [ -91.146405071936499, 42.950370299149938 ], [ -91.141473430854148, 42.928275572559585 ], [ -91.130584759678925, 42.911332213011178 ], [ -91.10202030579245, 42.884989438911475 ], [ -91.092205853217536, 42.870926938827154 ], [ -91.086199994434196, 42.852958189368906 ], [ -91.083148235902343, 42.810575377051975 ], [ -91.079510541178536, 42.791996274808184 ], [ -91.045477337808848, 42.742093932289094 ], [ -91.03297733783387, 42.729227721182383 ], [ -91.010491986216152, 42.716410337866762 ], [ -90.966571087685509, 42.701615416418292 ], [ -90.795721478163671, 42.676883971118343 ], [ -90.750042766560398, 42.663846860943863 ], [ -90.726532025032895, 42.661161314443063 ], [ -90.7029968687105, 42.655326352928796 ], [ -90.687323040725744, 42.640384947207508 ], [ -90.667865032844986, 42.599735533168314 ], [ -90.659710735961653, 42.588309751793588 ], [ -90.634539837843249, 42.559818541392531 ], [ -90.626263470582671, 42.544486509744615 ], [ -90.628680463332671, 42.533109557060413 ], [ -90.641278118890057, 42.511771665729782 ] ] } },
{ "type": "Feature", "properties": { "FEATURECLA": "Admin-1 statistical boundary", "NAME": "Minnesota - Wisconsin", "ADM0_A3": "USA", "ADM0_NAME": "United States of America", "SHAPE_LENG": 724.09739622300003, "MAPCOLOR13": 1.0, "MAPCOLOR9": 1.0, "SOV_A3": "US1", "NAME_L": "Minnesota", "NAME_R": "Wisconsin", "NAME_ALT_L": "MN|Minn.", "NAME_ALT_R": "WI|Wis.", "NAME_LOC_L": null, "NAME_LOC_R": null, "NAME_LEN_L": 9.0, "NAME_LEN_R": 9.0, "NOTE": "US_21", "TYPE": null, "MIN_ZOOM": 2.0, "MIN_LABEL": 7.5, "SCALERANK": 2, "FCLASS_ISO": null, "FCLASS_US": null, "FCLASS_FR": null, "FCLASS_RU": null, "FCLASS_ES": null, "FCLASS_CN": null, "FCLASS_TW": null, "FCLASS_IN": null, "FCLASS_NP": null, "FCLASS_PK": null, "FCLASS_DE": null, "FCLASS_GB": null, "FCLASS_BR": null, "FCLASS_IL": null, "FCLASS_PS": null, "FCLASS_SA": null, "FCLASS_EG": null, "FCLASS_MA": null, "FCLASS_PT": null, "FCLASS_AR": null, "FCLASS_JP": null, "FCLASS_KO": null, "FCLASS_VN": null, "FCLASS_TR": null, "FCLASS_ID": null, "FCLASS_PL": null, "FCLASS_GR": null, "FCLASS_IT": null, "FCLASS_NL": null, "FCLASS_SE": null, "FCLASS_BD": null, "FCLASS_UA": null, "ne_id": 1746745405, "BRK_A3": null, "FCLASS_OSM": null, "FCLASS_TLC": null }, "geometry": { "type": "MultiLineString", "coordinates": [ [ [ -90.653973430929057, 47.308060727820305 ], [ -90.566961712612908, 47.305326353528358 ], [ -90.479901165606293, 47.302616393131984 ], [ -90.392840618599678, 47.299857603145824 ], [ -90.305804486387899, 47.297123227954557 ], [ -90.218743939381284, 47.29431561107657 ], [ -90.131707806270242, 47.291581235885303 ], [ -90.04464726016289, 47.288846860694036 ], [ -89.957635540947422, 47.286112486402089 ] ], [ [ -91.964862103103542, 46.728739438873959 ], [ -91.922186322240975, 46.745511900253973 ], [ -91.86544804129403, 46.767826352803922 ], [ -91.808734174242716, 46.790165221048085 ], [ -91.752020306292081, 46.81245525970246 ], [ -91.695257610550243, 46.834769713151729 ], [ -91.638494915707781, 46.857108580496572 ], [ -91.58180546255204, 46.879423033046521 ], [ -91.525067180705832, 46.90173748649579 ], [ -91.468304485863314, 46.924051939045739 ], [ -91.366522259994269, 46.972098813809168 ], [ -91.264740033225962, 47.020072446885877 ], [ -91.162933391662705, 47.068070493858158 ], [ -91.061126751898087, 47.116092954726071 ], [ -90.959344525129723, 47.164091001698353 ], [ -90.857537885365105, 47.212064634775061 ], [ -90.755780071592994, 47.26011151043781 ], [ -90.653973430929057, 47.308060727820305 ] ], [ [ -92.109954877415646, 46.768656432448381 ], [ -92.075604290705428, 46.759232603102134 ], [ -92.027996868760454, 46.746097838244623 ], [ -91.964862103103542, 46.728739438873959 ] ], [ [ -92.252240033051066, 46.657670103192686 ], [ -92.235272259607086, 46.658500181937825 ], [ -92.220697064118212, 46.661234557129092 ], [ -92.215472455389488, 46.663724791565869 ], [ -92.211810345870731, 46.66680096309392 ], [ -92.209783978148039, 46.669437681803572 ], [ -92.207293743711261, 46.67383221268642 ], [ -92.202508587801049, 46.699320494145468 ], [ -92.20077518862405, 46.705472838100945 ], [ -92.197161907795817, 46.710648619038523 ], [ -92.193035930663655, 46.714750182275054 ], [ -92.187933392312175, 46.71797283807598 ], [ -92.182196088178898, 46.71982830673096 ], [ -92.165887494412345, 46.722880064363437 ], [ -92.160662884784301, 46.725467955281886 ], [ -92.157147260437682, 46.729349790760239 ], [ -92.148651166318245, 46.746244322517441 ], [ -92.140667766704041, 46.755277525037741 ], [ -92.124676556278018, 46.76372479136603 ], [ -92.109954877415646, 46.768656432448381 ] ], [ [ -92.28922733757156, 46.662992369302401 ], [ -92.284735150206984, 46.662479673897792 ], [ -92.270282025095355, 46.658744321792994 ], [ -92.252240033051066, 46.657670103192686 ] ], [ [ -92.363348430885367, 46.027299010540901 ], [ -92.353656048687697, 46.035843932451485 ], [ -92.349115032632653, 46.049491392713605 ], [ -92.338006634598514, 46.06296795480722 ], [ -92.324359174336394, 46.074027525050212 ], [ -92.312054486425382, 46.080546080137481 ], [ -92.292572063749731, 46.083329283119895 ], [ -92.292572063749731, 46.116288267889217 ], [ -92.292523235958527, 46.130912291169295 ], [ -92.292401165581282, 46.194266782785746 ], [ -92.292327923894561, 46.257596861406 ], [ -92.292205852617997, 46.320951353022508 ], [ -92.292083783140072, 46.384305846437655 ], [ -92.291961712762827, 46.447660338054106 ], [ -92.291864056281156, 46.511014830569934 ], [ -92.291766399799485, 46.574369322186442 ], [ -92.29164433032156, 46.637674986011746 ], [ -92.291595501631093, 46.659672057019804 ], [ -92.28922733757156, 46.662992369302401 ] ], [ [ -92.42875370501946, 46.032743346128484 ], [ -92.410955852830341, 46.031937682178238 ], [ -92.385809368607454, 46.028080259696196 ], [ -92.363348430885367, 46.027299010540901 ] ], [ [ -92.839666791089542, 45.568851744212623 ], [ -92.883197063693501, 45.576127135458933 ], [ -92.901727338146145, 45.611332213011224 ], [ -92.89489139971829, 45.687040221229211 ], [ -92.891204877203279, 45.703763853019382 ], [ -92.881976360820374, 45.715922057556895 ], [ -92.79533085273664, 45.775345885004583 ], [ -92.767694134976352, 45.805057799178087 ], [ -92.771991010276906, 45.834159361465311 ], [ -92.731854290742888, 45.88826092370266 ], [ -92.704095501706036, 45.91309002548428 ], [ -92.672674603150369, 45.923490416049844 ], [ -92.654486126833262, 45.926908384814055 ], [ -92.600677533141607, 45.950834166163816 ], [ -92.574823040550882, 45.953861509900719 ], [ -92.566546674189624, 45.957035337910497 ], [ -92.561712688689624, 45.961307799315477 ], [ -92.549969524873632, 45.975150572540883 ], [ -92.548846477582856, 45.978129088486639 ], [ -92.545013470795027, 45.980277524787937 ], [ -92.539202924075653, 45.984965025115798 ], [ -92.531463666115258, 45.98965252544366 ], [ -92.521868938600619, 45.991800963543596 ], [ -92.480584759678891, 45.991800963543596 ], [ -92.46569218084943, 45.997342954713588 ], [ -92.443426556090685, 46.023758971399388 ], [ -92.42875370501946, 46.032743346128484 ] ], [ [ -91.250140423841458, 43.500956236041418 ], [ -91.244378704913288, 43.524369321986569 ], [ -91.242816204804001, 43.536991393238168 ], [ -91.244085736367595, 43.550150571991253 ], [ -91.250018352564894, 43.576053893272558 ], [ -91.250750774828362, 43.589335143302208 ], [ -91.246624798595576, 43.62070721316735 ], [ -91.247015423622884, 43.631229674110159 ], [ -91.254534954724363, 43.657792174169458 ], [ -91.254754680683959, 43.66699627485815 ], [ -91.242694135326076, 43.721317563954415 ], [ -91.242816204804001, 43.740214049538736 ], [ -91.245770305954863, 43.759818540792992 ], [ -91.249212688614648, 43.768949399794963 ], [ -91.255487102947427, 43.776566588277376 ], [ -91.269158978004441, 43.788602721538325 ], [ -91.274554485800877, 43.795609557235252 ], [ -91.278533977760844, 43.804105650455369 ], [ -91.280535930688643, 43.812577329779913 ], [ -91.281219525160964, 43.821244322067798 ], [ -91.278729290724186, 43.850590025109568 ], [ -91.279510540778801, 43.873588072131781 ], [ -91.284246868897867, 43.897782408131604 ], [ -91.288421673821176, 43.909110533024659 ], [ -91.295013470595165, 43.918973814290098 ], [ -91.304998822237849, 43.926883971318205 ], [ -91.318280072267498, 43.933011900478789 ], [ -91.360980267025695, 43.944828306880822 ], [ -91.368817180568385, 43.957987486533227 ], [ -91.391937298867219, 43.979545102924135 ], [ -91.399066204941391, 43.993485533530531 ], [ -91.400897259700741, 44.001127135009256 ], [ -91.403460735824297, 44.007718931783245 ], [ -91.407513471269681, 44.013382994229801 ], [ -91.413983196767106, 44.018168150140013 ], [ -91.425970502236851, 44.022513853231715 ], [ -91.462567180830717, 44.024613463540504 ], [ -91.471063274950154, 44.026615416468246 ], [ -91.478533978260486, 44.029618346309633 ], [ -91.535223431416227, 44.063822446948336 ], [ -91.540985150344397, 44.065604673916539 ], [ -91.637664837861962, 44.065726744293784 ], [ -91.650140423941366, 44.068363463003379 ], [ -91.662616010020827, 44.073270689290837 ], [ -91.778387494287415, 44.149613463290677 ], [ -91.817108197085588, 44.162674986461411 ], [ -91.836883588306932, 44.181840024897213 ], [ -91.912176555803399, 44.288968932570185 ], [ -91.950116010345596, 44.33572186097507 ], [ -92.102606243583239, 44.436918149752785 ], [ -92.156073040938054, 44.451468932245405 ], [ -92.272650189154888, 44.465824399976043 ], [ -92.286053509561782, 44.470658385476099 ], [ -92.296795697363507, 44.479032408318972 ], [ -92.305169721105699, 44.490091978561964 ], [ -92.330999798901587, 44.533158385351157 ], [ -92.359759563952707, 44.559818540992865 ], [ -92.393768353426765, 44.579593932214152 ], [ -92.429022259669523, 44.589310728307453 ], [ -92.58466190792069, 44.607963072237965 ], [ -92.627996869360004, 44.627518735701074 ], [ -92.632391400242909, 44.633719908347075 ], [ -92.637152142257548, 44.643119321999109 ], [ -92.643304486213026, 44.651688657805266 ], [ -92.661053509711678, 44.660306822302005 ], [ -92.731341596237655, 44.711576352866359 ], [ -92.792987102572681, 44.740580260470608 ], [ -92.819793744285846, 44.757841002460282 ], [ -92.778533978360372, 44.820218931958095 ], [ -92.771991010276906, 44.847245298731536 ], [ -92.772503704782139, 44.859379088474157 ], [ -92.778826946906065, 44.891630063976265 ], [ -92.77560429110514, 44.902421080468457 ], [ -92.761566204916392, 44.919388853013118 ], [ -92.758343549115466, 44.925736509931937 ], [ -92.762762493893945, 44.968583188962953 ], [ -92.771991010276906, 45.011112486452078 ], [ -92.79591679072729, 45.055887876724114 ], [ -92.802435345814558, 45.077982603314467 ], [ -92.788739055962651, 45.087455260451861 ], [ -92.768304485963256, 45.09272869697179 ], [ -92.755389447065284, 45.106644712783236 ], [ -92.749676555928318, 45.126346861418483 ], [ -92.750897259700764, 45.148881040827348 ], [ -92.768255658172052, 45.182401548792427 ], [ -92.772821088122726, 45.1875285019388 ], [ -92.770941204672852, 45.19932049444526 ], [ -92.764544720862148, 45.220292173744781 ], [ -92.763348430985275, 45.264725768579353 ], [ -92.759344525129734, 45.283329282920022 ], [ -92.750897259700764, 45.299711119272729 ], [ -92.73715214205771, 45.31191814980275 ], [ -92.721453900177323, 45.32129315045853 ], [ -92.708490032588941, 45.332743345728773 ], [ -92.703094524792448, 45.350931822045936 ], [ -92.696331829850067, 45.374076353341025 ], [ -92.667401165731178, 45.408329283569572 ], [ -92.663006634848273, 45.426322446923336 ], [ -92.667742962967338, 45.44543865846731 ], [ -92.682000775115682, 45.461185728138844 ], [ -92.700116009746012, 45.474711118922983 ], [ -92.717376751735685, 45.490922057107241 ], [ -92.724969525423262, 45.505570494282836 ], [ -92.739569134807709, 45.543949399844905 ], [ -92.750897259700764, 45.559183775011206 ], [ -92.789520306017266, 45.569779478540056 ] ], [ [ -92.789520306017266, 45.569779478540056 ], [ -92.839666791089542, 45.568851744212623 ] ] ] } },
{ "type": "Feature", "properties": { "FEATURECLA": "Admin-1 statistical boundary", "NAME": "Iowa - Illinois", "ADM0_A3": "USA", "ADM0_NAME": "United States of America", "SHAPE_LENG": 341.61501197600001, "MAPCOLOR13": 1.0, "MAPCOLOR9": 1.0, "SOV_A3": "US1", "NAME_L": "Iowa", "NAME_R": "Illinois", "NAME_ALT_L": "IA|Iowa", "NAME_ALT_R": "IL|Ill.", "NAME_LOC_L": null, "NAME_LOC_R": null, "NAME_LEN_L": 4.0, "NAME_LEN_R": 8.0, "NOTE": "US_20", "TYPE": null, "MIN_ZOOM": 2.0, "MIN_LABEL": 7.5, "SCALERANK": 2, "FCLASS_ISO": null, "FCLASS_US": null, "FCLASS_FR": null, "FCLASS_RU": null, "FCLASS_ES": null, "FCLASS_CN": null, "FCLASS_TW": null, "FCLASS_IN": null, "FCLASS_NP": null, "FCLASS_PK": null, "FCLASS_DE": null, "FCLASS_GB": null, "FCLASS_BR": null, "FCLASS_IL": null, "FCLASS_PS": null, "FCLASS_SA": null, "FCLASS_EG": null, "FCLASS_MA": null, "FCLASS_PT": null, "FCLASS_AR": null, "FCLASS_JP": null, "FCLASS_KO": null, "FCLASS_VN": null, "FCLASS_TR": null, "FCLASS_ID": null, "FCLASS_PL": null, "FCLASS_GR": null, "FCLASS_IT": null, "FCLASS_NL": null, "FCLASS_SE": null, "FCLASS_BD": null, "FCLASS_UA": null, "ne_id": 1746745411, "BRK_A3": null, "FCLASS_OSM": null, "FCLASS_TLC": null }, "geometry": { "type": "MultiLineString", "coordinates": [ [ [ -90.414617962748764, 42.318558774967471 ], [ -90.432196088078967, 42.352567564441529 ], [ -90.463226360707949, 42.375956236491106 ], [ -90.549115032632642, 42.417264830207728 ], [ -90.581097455283327, 42.43777264279322 ], [ -90.59616093138186, 42.452006041045934 ], [ -90.611492963029775, 42.463090025184499 ], [ -90.641986127257951, 42.475687682540467 ], [ -90.654217571683546, 42.48984783820714 ], [ -90.641278118890057, 42.511771665729782 ] ], [ [ -91.441815228390055, 40.379520689028539 ], [ -91.38258671300639, 40.392924010334809 ], [ -91.373602338277294, 40.403129087937032 ], [ -91.375018353214386, 40.417850767698724 ], [ -91.380438274906453, 40.44441326775808 ], [ -91.380413861010879, 40.461454282888837 ], [ -91.374090618886953, 40.492216001767019 ], [ -91.374700970773176, 40.509989439161245 ], [ -91.383807415879517, 40.526322446823428 ], [ -91.410809368757327, 40.545389830576198 ], [ -91.414544720862182, 40.553934752486839 ], [ -91.412420696657819, 40.563773618957327 ], [ -91.403021283005785, 40.574344907691341 ], [ -91.400897259700741, 40.58125408780586 ], [ -91.383319135269858, 40.598636900172778 ], [ -91.342987102772554, 40.617777524712949 ], [ -91.298211713399837, 40.633231626738166 ], [ -91.267449993622279, 40.639579282757666 ], [ -91.227313274987637, 40.642777525562337 ], [ -91.187786908239218, 40.653275571710253 ], [ -91.153045697401012, 40.672465024940948 ], [ -91.127166790914657, 40.701639829814269 ], [ -91.107684369138326, 40.741898618826156 ], [ -91.101532025182792, 40.76377361945697 ], [ -91.098162885109048, 40.807792174469228 ], [ -91.093524212572333, 40.823636899723112 ], [ -91.083392376656832, 40.839066587852699 ], [ -91.065741009639851, 40.858695493901905 ], [ -90.966644330271606, 40.946244322417499 ], [ -90.949041791045829, 40.982206236128889 ], [ -90.945282025045401, 41.02927654877368 ], [ -90.95153202458323, 41.075419127091038 ], [ -90.968621869303831, 41.116092955025806 ], [ -90.997430463045418, 41.146683774836333 ], [ -91.047747846286086, 41.176615415868753 ], [ -91.062005658434373, 41.180839049482529 ], [ -91.082366985847727, 41.189750182524904 ], [ -91.093988080185738, 41.210917173888447 ], [ -91.098992962954867, 41.235990416424556 ], [ -91.099237102810037, 41.256547056801196 ], [ -91.09105839203113, 41.299784360859519 ], [ -91.075506635322938, 41.343412290844526 ], [ -91.05477909587853, 41.382865415906224 ], [ -91.030950971010498, 41.413602720888832 ], [ -90.991522259844373, 41.43364666586092 ], [ -90.70451054102864, 41.451224791191123 ], [ -90.661639447202731, 41.462015806784052 ], [ -90.641278118890057, 41.476127135558841 ], [ -90.603192180974361, 41.510453307474165 ], [ -90.582196087779209, 41.51726483020775 ], [ -90.482904096346942, 41.530912291369134 ], [ -90.440911908158, 41.543412291344168 ], [ -90.422332805914266, 41.554007993973698 ], [ -90.414617962748764, 41.567850768098424 ], [ -90.4054626889519, 41.574320494495225 ], [ -90.361541791320576, 41.593265806971374 ], [ -90.346331830049905, 41.605375181919101 ], [ -90.341326947280777, 41.615922056757483 ], [ -90.339202923975733, 41.626371275114252 ], [ -90.338885540635147, 41.650077330504359 ], [ -90.340960736149043, 41.655912291119307 ], [ -90.344696088253841, 41.66035564979336 ], [ -90.34645390042715, 41.664847838057256 ], [ -90.332074017002242, 41.684525571897609 ], [ -90.328192180624626, 41.706229674359975 ], [ -90.318255657672466, 41.728470885223146 ], [ -90.30499882243771, 41.748539244090807 ], [ -90.2911072214211, 41.763651548879864 ], [ -90.277044721336779, 41.774442564472736 ], [ -90.235076947043467, 41.799686705177294 ], [ -90.218817181068061, 41.804642760155218 ], [ -90.201239055737801, 41.813578307093167 ], [ -90.188568157594375, 41.83476971325166 ], [ -90.174408001927702, 41.879716001692088 ], [ -90.167010541203524, 41.941288268139033 ], [ -90.14940800197769, 41.976346861418506 ], [ -90.144012494181254, 42.018656432048658 ], [ -90.1402771420764, 42.030570494033043 ], [ -90.164959759585201, 42.075199400032261 ], [ -90.168206830181077, 42.088895688984849 ], [ -90.168035931113309, 42.104716002141743 ], [ -90.169696087704267, 42.116459165957735 ], [ -90.176483197441598, 42.123661313718628 ], [ -90.191766400399047, 42.126175962950299 ], [ -90.20114140015545, 42.13086346327816 ], [ -90.226165814001092, 42.153422057481919 ], [ -90.236468548984305, 42.160892759892931 ], [ -90.321942181086797, 42.199589048795531 ], [ -90.33549198576651, 42.201859557272712 ], [ -90.348944134863928, 42.207230650274255 ], [ -90.370379680877534, 42.230643736219406 ], [ -90.403143352683571, 42.245365415981155 ], [ -90.412103314416413, 42.268412290794572 ], [ -90.414617962748764, 42.325370299499696 ] ], [ [ -90.414617962748764, 42.325370299499696 ], [ -90.414617962748764, 42.318558774967471 ] ] ] } },
{ "type": "Feature", "properties": { "FEATURECLA": "Admin-1 statistical meta bounds", "NAME": "Kentucky - Illinois", "ADM0_A3": "USA", "ADM0_NAME": "United States of America", "SHAPE_LENG": 212.43584872100001, "MAPCOLOR13": 1.0, "MAPCOLOR9": 1.0, "SOV_A3": "US1", "NAME_L": "Kentucky", "NAME_R": "Illinois", "NAME_ALT_L": "Commonwealth of Kentucky|KY", "NAME_ALT_R": "IL|Ill.", "NAME_LOC_L": null, "NAME_LOC_R": null, "NAME_LEN_L": 8.0, "NAME_LEN_R": 8.0, "NOTE": "US_19", "TYPE": null, "MIN_ZOOM": 2.0, "MIN_LABEL": 7.5, "SCALERANK": 2, "FCLASS_ISO": null, "FCLASS_US": null, "FCLASS_FR": null, "FCLASS_RU": null, "FCLASS_ES": null, "FCLASS_CN": null, "FCLASS_TW": null, "FCLASS_IN": null, "FCLASS_NP": null, "FCLASS_PK": null, "FCLASS_DE": null, "FCLASS_GB": null, "FCLASS_BR": null, "FCLASS_IL": null, "FCLASS_PS": null, "FCLASS_SA": null, "FCLASS_EG": null, "FCLASS_MA": null, "FCLASS_PT": null, "FCLASS_AR": null, "FCLASS_JP": null, "FCLASS_KO": null, "FCLASS_VN": null, "FCLASS_TR": null, "FCLASS_ID": null, "FCLASS_PL": null, "FCLASS_GR": null, "FCLASS_IT": null, "FCLASS_NL": null, "FCLASS_SE": null, "FCLASS_BD": null, "FCLASS_UA": null, "ne_id": 1746745415, "BRK_A3": null, "FCLASS_OSM": null, "FCLASS_TLC": null }, "geometry": { "type": "MultiLineString", "coordinates": [ [ [ -88.04528202544509, 37.806742369464757 ], [ -88.049676556327995, 37.793509947226255 ], [ -88.049945110978058, 37.773636900422616 ], [ -88.060321087648049, 37.751224791390996 ], [ -88.075775188773946, 37.737699399707481 ], [ -88.132342571552442, 37.699418149727819 ], [ -88.143866010308102, 37.68586834594737 ], [ -88.156658977929453, 37.663895688834941 ], [ -88.163348431185113, 37.640043150071278 ], [ -88.156561322347159, 37.620853696840641 ], [ -88.139813274862718, 37.593558775417137 ], [ -88.134661907820771, 37.587992369452252 ], [ -88.105023236233365, 37.562821471333791 ], [ -88.082977338333478, 37.519706235854073 ], [ -88.090985150044617, 37.491312681934687 ], [ -88.123065228277653, 37.47461346314077 ], [ -88.307098431347526, 37.448148619563142 ], [ -88.365643353158191, 37.421488463022115 ], [ -88.38253788491545, 37.417728697021744 ] ], [ [ -88.38253788491545, 37.417728697021744 ], [ -88.427484174255198, 37.418241393325616 ] ], [ [ -88.427484174255198, 37.418241393325616 ], [ -88.448260540591434, 37.415775571885092 ], [ -88.465008588075875, 37.408890807464786 ], [ -88.478192180724534, 37.39829510303656 ], [ -88.488616986085049, 37.384696471464963 ], [ -88.507855267106891, 37.342679869380447 ], [ -88.512445110953081, 37.303348813796674 ], [ -88.503411908432838, 37.266996275058034 ], [ -88.481805463351463, 37.233841978224689 ], [ -88.451654096359448, 37.198758971049642 ], [ -88.434002728443147, 37.168534361471586 ], [ -88.433416791351817, 37.136551938820901 ], [ -88.454461713237436, 37.096073423849418 ], [ -88.484295696888864, 37.072465024940925 ], [ -88.521453899577807, 37.067557799552787 ] ], [ [ -88.521453899577807, 37.067557799552787 ], [ -88.561077923707217, 37.076908385413617 ], [ -88.633001752029202, 37.114896665948379 ], [ -88.906976360670512, 37.220218931858199 ], [ -88.955487103047346, 37.227811705545776 ] ], [ [ -88.955487103047346, 37.227811705545776 ], [ -89.001898236014767, 37.223295103386306 ], [ -89.043719525135941, 37.208573424523877 ], [ -89.078289837805755, 37.185453307124419 ], [ -89.088494916307297, 37.174711119322694 ], [ -89.122650189154911, 37.124174010122431 ], [ -89.156805462901787, 37.092972838425737 ], [ -89.178704877428117, 37.062284361234276 ], [ -89.176263470782544, 37.035941588033836 ], [ -89.158074993566061, 37.011527525175097 ], [ -89.123699993859589, 36.979642759905403 ] ] ] } },
{ "type": "Feature", "properties": { "FEATURECLA": "Admin-1 boundary", "NAME": "Illinois - Michigan", "ADM0_A3": "USA", "ADM0_NAME": "United States of America", "SHAPE_LENG": 64.346977506900004, "MAPCOLOR13": 1.0, "MAPCOLOR9": 1.0, "SOV_A3": "US1", "NAME_L": "Illinois", "NAME_R": "Michigan", "NAME_ALT_L": "IL|Ill.", "NAME_ALT_R": "MI|Mich.", "NAME_LOC_L": null, "NAME_LOC_R": null, "NAME_LEN_L": 8.0, "NAME_LEN_R": 8.0, "NOTE": "US_18", "TYPE": null, "MIN_ZOOM": 2.0, "MIN_LABEL": 7.5, "SCALERANK": 2, "FCLASS_ISO": null, "FCLASS_US": null, "FCLASS_FR": null, "FCLASS_RU": null, "FCLASS_ES": null, "FCLASS_CN": null, "FCLASS_TW": null, "FCLASS_IN": null, "FCLASS_NP": null, "FCLASS_PK": null, "FCLASS_DE": null, "FCLASS_GB": null, "FCLASS_BR": null, "FCLASS_IL": null, "FCLASS_PS": null, "FCLASS_SA": null, "FCLASS_EG": null, "FCLASS_MA": null, "FCLASS_PT": null, "FCLASS_AR": null, "FCLASS_JP": null, "FCLASS_KO": null, "FCLASS_VN": null, "FCLASS_TR": null, "FCLASS_ID": null, "FCLASS_PL": null, "FCLASS_GR": null, "FCLASS_IT": null, "FCLASS_NL": null, "FCLASS_SE": null, "FCLASS_BD": null, "FCLASS_UA": null, "ne_id": 1746745419, "BRK_A3": null, "FCLASS_OSM": null, "FCLASS_TLC": null }, "geometry": { "type": "LineString", "coordinates": [ [ -87.207727756630675, 41.75969647081547 ], [ -87.191263917395872, 41.831296384920222 ], [ -87.166963493770197, 41.932548148378316 ], [ -87.136992972347798, 42.056075300534644 ], [ -87.112692548722123, 42.158137077064453 ], [ -87.090822167908698, 42.248858657101323 ], [ -87.067331759153319, 42.342010279051124 ], [ -87.042421651837742, 42.421199876772846 ], [ -87.018817932101854, 42.496236450251956 ] ] } },
{ "type": "Feature", "properties": { "FEATURECLA": "Admin-1 boundary", "NAME": "Indiana - Indiana", "ADM0_A3": "USA", "ADM0_NAME": "United States of America", "SHAPE_LENG": 0.00192594979, "MAPCOLOR13": 1.0, "MAPCOLOR9": 1.0, "SOV_A3": "US1", "NAME_L": "Indiana", "NAME_R": "Indiana", "NAME_ALT_L": "IN|Ind.", "NAME_ALT_R": "IN|Ind.", "NAME_LOC_L": null, "NAME_LOC_R": null, "NAME_LEN_L": 7.0, "NAME_LEN_R": 7.0, "NOTE": "US_18", "TYPE": null, "MIN_ZOOM": 2.0, "MIN_LABEL": 7.5, "SCALERANK": 2, "FCLASS_ISO": null, "FCLASS_US": null, "FCLASS_FR": null, "FCLASS_RU": null, "FCLASS_ES": null, "FCLASS_CN": null, "FCLASS_TW": null, "FCLASS_IN": null, "FCLASS_NP": null, "FCLASS_PK": null, "FCLASS_DE": null, "FCLASS_GB": null, "FCLASS_BR": null, "FCLASS_IL": null, "FCLASS_PS": null, "FCLASS_SA": null, "FCLASS_EG": null, "FCLASS_MA": null, "FCLASS_PT": null, "FCLASS_AR": null, "FCLASS_JP": null, "FCLASS_KO": null, "FCLASS_VN": null, "FCLASS_TR": null, "FCLASS_ID": null, "FCLASS_PL": null, "FCLASS_GR": null, "FCLASS_IT": null, "FCLASS_NL": null, "FCLASS_SE": null, "FCLASS_BD": null, "FCLASS_UA": null, "ne_id": 1746745423, "BRK_A3": null, "FCLASS_OSM": null, "FCLASS_TLC": null }, "geometry": { "type": "LineString", "coordinates": [ [ -87.207732856685993, 41.759674290835846 ], [ -87.207727756630675, 41.75969647081547 ] ] } },
{ "type": "Feature", "properties": { "FEATURECLA": "Admin-1 boundary", "NAME": "Wisconsin - Illinois", "ADM0_A3": "USA", "ADM0_NAME": "United States of America", "SHAPE_LENG": 403.25621446700001, "MAPCOLOR13": 1.0, "MAPCOLOR9": 1.0, "SOV_A3": "US1", "NAME_L": "Wisconsin", "NAME_R": "Illinois", "NAME_ALT_L": "WI|Wis.", "NAME_ALT_R": "IL|Ill.", "NAME_LOC_L": null, "NAME_LOC_R": null, "NAME_LEN_L": 9.0, "NAME_LEN_R": 8.0, "NOTE": "US_17", "TYPE": null, "MIN_ZOOM": 2.0, "MIN_LABEL": 7.5, "SCALERANK": 2, "FCLASS_ISO": null, "FCLASS_US": null, "FCLASS_FR": null, "FCLASS_RU": null, "FCLASS_ES": null, "FCLASS_CN": null, "FCLASS_TW": null, "FCLASS_IN": null, "FCLASS_NP": null, "FCLASS_PK": null, "FCLASS_DE": null, "FCLASS_GB": null, "FCLASS_BR": null, "FCLASS_IL": null, "FCLASS_PS": null, "FCLASS_SA": null, "FCLASS_EG": null, "FCLASS_MA": null, "FCLASS_PT": null, "FCLASS_AR": null, "FCLASS_JP": null, "FCLASS_KO": null, "FCLASS_VN": null, "FCLASS_TR": null, "FCLASS_ID": null, "FCLASS_PL": null, "FCLASS_GR": null, "FCLASS_IT": null, "FCLASS_NL": null, "FCLASS_SE": null, "FCLASS_BD": null, "FCLASS_UA": null, "ne_id": 1746745427, "BRK_A3": null, "FCLASS_OSM": null, "FCLASS_TLC": null }, "geometry": { "type": "MultiLineString", "coordinates": [ [ [ -90.636908001902725, 42.511771665729782 ], [ -90.459661907670863, 42.510502135065451 ], [ -90.282440228233952, 42.509257018296751 ], [ -90.105218548796984, 42.508036314524247 ], [ -89.927972454565122, 42.506791196856227 ], [ -89.75072636123258, 42.505546080087527 ], [ -89.573455853105145, 42.504300963318769 ], [ -89.396209759772603, 42.503031431755176 ], [ -89.218963666440061, 42.501761900191525 ], [ -89.041717572208199, 42.500516783422768 ], [ -88.864495891871911, 42.499271665754748 ], [ -88.687249799438689, 42.498026548986047 ], [ -88.509979291311254, 42.49678143221729 ], [ -88.332733197079392, 42.49553631454927 ], [ -88.155535930638678, 42.494315610776766 ], [ -87.978289838205455, 42.493070494008066 ], [ -87.801043743973594, 42.491776549448161 ] ], [ [ -90.641278118890057, 42.511771665729782 ], [ -90.64098515034442, 42.511771665729782 ], [ -90.640741009589931, 42.511771665729782 ], [ -90.640496868835385, 42.511771665729782 ], [ -90.640203900289748, 42.511771665729782 ], [ -90.639910930844792, 42.511771665729782 ], [ -90.639666790989622, 42.511771665729782 ], [ -90.639398236339503, 42.511771665729782 ], [ -90.639105266894546, 42.511771665729782 ], [ -90.638836713143803, 42.511771665729782 ], [ -90.638568157594364, 42.511771665729782 ], [ -90.638299602944301, 42.511771665729782 ], [ -90.638031049193557, 42.511771665729782 ], [ -90.637738079748544, 42.511771665729782 ], [ -90.637493938994055, 42.511771665729782 ], [ -90.637176555653525, 42.511771665729782 ], [ -90.636908001902725, 42.511771665729782 ] ], [ [ -87.801043743973594, 42.491776549448161 ], [ -87.610540813607656, 42.491776549448161 ], [ -87.420062298935932, 42.491776549448161 ], [ -87.237434720935596, 42.493482916803146 ], [ -87.126480391356949, 42.494880413800047 ], [ -87.018817932101854, 42.496236450251956 ] ] ] } },
{ "type": "Feature", "properties": { "FEATURECLA": "Admin-1 boundary", "NAME": "Indiana - Ohio", "ADM0_A3": "USA", "ADM0_NAME": "United States of America", "SHAPE_LENG": 220.14720373500001, "MAPCOLOR13": 1.0, "MAPCOLOR9": 1.0, "SOV_A3": "US1", "NAME_L": "Indiana", "NAME_R": "Ohio", "NAME_ALT_L": "IN|Ind.", "NAME_ALT_R": "OH|Ohio", "NAME_LOC_L": null, "NAME_LOC_R": null, "NAME_LEN_L": 7.0, "NAME_LEN_R": 4.0, "NOTE": "US_16", "TYPE": null, "MIN_ZOOM": 2.0, "MIN_LABEL": 7.5, "SCALERANK": 2, "FCLASS_ISO": null, "FCLASS_US": null, "FCLASS_FR": null, "FCLASS_RU": null, "FCLASS_ES": null, "FCLASS_CN": null, "FCLASS_TW": null, "FCLASS_IN": null, "FCLASS_NP": null, "FCLASS_PK": null, "FCLASS_DE": null, "FCLASS_GB": null, "FCLASS_BR": null, "FCLASS_IL": null, "FCLASS_PS": null, "FCLASS_SA": null, "FCLASS_EG": null, "FCLASS_MA": null, "FCLASS_PT": null, "FCLASS_AR": null, "FCLASS_JP": null, "FCLASS_KO": null, "FCLASS_VN": null, "FCLASS_TR": null, "FCLASS_ID": null, "FCLASS_PL": null, "FCLASS_GR": null, "FCLASS_IT": null, "FCLASS_NL": null, "FCLASS_SE": null, "FCLASS_BD": null, "FCLASS_UA": null, "ne_id": 1746745431, "BRK_A3": null, "FCLASS_OSM": null, "FCLASS_TLC": null }, "geometry": { "type": "LineString", "coordinates": [ [ -84.823529096190839, 39.097416196700124 ], [ -84.822650188755176, 39.178739439573462 ], [ -84.821795697013783, 39.260111510238005 ], [ -84.820941205272391, 39.341483580003171 ], [ -84.820062298736104, 39.422806821977247 ], [ -84.819232220890285, 39.504154477846839 ], [ -84.818353314353942, 39.585502135515128 ], [ -84.817523235608803, 39.666825377489147 ], [ -84.816644329971837, 39.748173033358796 ], [ -84.815789838230444, 39.829496275332815 ], [ -84.814959760384625, 39.910843932101784 ], [ -84.814080852948962, 39.992191587971377 ], [ -84.813250775103199, 40.073514829945395 ], [ -84.81239628336175, 40.154862485815045 ], [ -84.811541790721037, 40.236234557378907 ], [ -84.810687298979644, 40.3175822132485 ], [ -84.809808392443358, 40.398929869118149 ], [ -84.808905072011441, 40.480277524987741 ], [ -84.808050580270049, 40.561600767861137 ], [ -84.807196087629336, 40.642948423730729 ], [ -84.806341595887943, 40.724271665704805 ], [ -84.805487103247174, 40.805619322473717 ], [ -84.804632610606461, 40.886942564447793 ], [ -84.803778118865068, 40.968290221216705 ], [ -84.802923627123675, 41.049637877086354 ], [ -84.802069135382283, 41.130985532955947 ], [ -84.801239055737824, 41.212308774930023 ], [ -84.800360150100857, 41.293680846493828 ], [ -84.804183980206517, 41.368655275020899 ], [ -84.804183980206517, 41.448092217781607 ], [ -84.806075336307686, 41.536985941048329 ], [ -84.806075336307686, 41.617368563208629 ], [ -84.806075336307686, 41.6968055068686 ] ] } },
{ "type": "Feature", "properties": { "FEATURECLA": "Admin-1 statistical meta bounds", "NAME": "Indiana - Kentucky", "ADM0_A3": "USA", "ADM0_NAME": "United States of America", "SHAPE_LENG": 565.37717649800004, "MAPCOLOR13": 1.0, "MAPCOLOR9": 1.0, "SOV_A3": "US1", "NAME_L": "Indiana", "NAME_R": "Kentucky", "NAME_ALT_L": "IN|Ind.", "NAME_ALT_R": "Commonwealth of Kentucky|KY", "NAME_LOC_L": null, "NAME_LOC_R": null, "NAME_LEN_L": 7.0, "NAME_LEN_R": 8.0, "NOTE": "US_15", "TYPE": null, "MIN_ZOOM": 2.0, "MIN_LABEL": 7.5, "SCALERANK": 2, "FCLASS_ISO": null, "FCLASS_US": null, "FCLASS_FR": null, "FCLASS_RU": null, "FCLASS_ES": null, "FCLASS_CN": null, "FCLASS_TW": null, "FCLASS_IN": null, "FCLASS_NP": null, "FCLASS_PK": null, "FCLASS_DE": null, "FCLASS_GB": null, "FCLASS_BR": null, "FCLASS_IL": null, "FCLASS_PS": null, "FCLASS_SA": null, "FCLASS_EG": null, "FCLASS_MA": null, "FCLASS_PT": null, "FCLASS_AR": null, "FCLASS_JP": null, "FCLASS_KO": null, "FCLASS_VN": null, "FCLASS_TR": null, "FCLASS_ID": null, "FCLASS_PL": null, "FCLASS_GR": null, "FCLASS_IT": null, "FCLASS_NL": null, "FCLASS_SE": null, "FCLASS_BD": null, "FCLASS_UA": null, "ne_id": 1746745435, "BRK_A3": null, "FCLASS_OSM": null, "FCLASS_TLC": null }, "geometry": { "type": "MultiLineString", "coordinates": [ [ [ -84.819403119058677, 38.789310728207511 ], [ -84.806195110715748, 38.79499920544896 ], [ -84.819793744085985, 38.828153502282305 ], [ -84.812616010220665, 38.84766033795421 ], [ -84.798602337927548, 38.861088072256734 ], [ -84.785321087897898, 38.878202329973533 ], [ -84.783953899852577, 38.892924009735225 ], [ -84.805755657897294, 38.89917401017243 ], [ -84.849212688814532, 38.901200376995803 ], [ -84.865228314035448, 38.907230650574036 ], [ -84.87745976025974, 38.919657407962973 ], [ -84.868475384631267, 38.929447447541634 ], [ -84.832928509842816, 38.95701092451452 ], [ -84.822821087822945, 38.974296080399768 ], [ -84.828143353033283, 38.991410338116566 ], [ -84.842694134626583, 39.006547056801196 ], [ -84.870623821831884, 39.029496275132942 ], [ -84.873089642373088, 39.061649595952076 ], [ -84.842791791108255, 39.088041196943664 ], [ -84.823529096190839, 39.097416196700124 ] ], [ [ -84.901336712918976, 38.796146665735989 ], [ -84.819403119058677, 38.789310728207511 ] ], [ [ -85.185980266775857, 38.693729674085148 ], [ -85.14537968142713, 38.700712095886502 ], [ -84.999456830168583, 38.771683775086103 ], [ -84.935858196898266, 38.792411314530511 ], [ -84.901336712918976, 38.796146665735989 ] ], [ [ -85.320867962586362, 38.743314635062347 ], [ -85.257293744110996, 38.740897643211667 ], [ -85.239837689158037, 38.734281432542048 ], [ -85.205535931138286, 38.70327557201 ], [ -85.185980266775857, 38.693729674085148 ] ], [ [ -85.758294720924596, 38.269755063945013 ], [ -85.720501751554593, 38.278910337741877 ], [ -85.700531049168546, 38.287650571716483 ], [ -85.665106243858077, 38.309525572347241 ], [ -85.643353313604507, 38.343558774817609 ], [ -85.619696087804186, 38.431913268182768 ], [ -85.589984173630683, 38.460966001779525 ], [ -85.569451947149616, 38.465287290975652 ], [ -85.526580853323708, 38.468656431948773 ], [ -85.511175579989015, 38.47773846315954 ], [ -85.495843549240362, 38.495170103317605 ], [ -85.482122846392258, 38.507645689397009 ], [ -85.428875774996982, 38.538627135134163 ], [ -85.414788861017087, 38.553422057481953 ], [ -85.41022343106647, 38.572074400513145 ], [ -85.431219525160941, 38.611112485752585 ], [ -85.439788860967155, 38.672635924408382 ], [ -85.447039838317892, 38.686625181906606 ], [ -85.455169721305595, 38.707523619519407 ], [ -85.454657025001666, 38.726420103305088 ], [ -85.436077923657251, 38.734696471464986 ], [ -85.320867962586362, 38.743314635062347 ] ], [ [ -85.805731243801858, 38.289017759761805 ], [ -85.792059368744845, 38.28645428273893 ], [ -85.780096478069993, 38.282596861156208 ], [ -85.77496952492362, 38.278812682159526 ], [ -85.76986698567282, 38.270048033390026 ], [ -85.758294720924596, 38.269755063945013 ] ], [ [ -86.051336713318676, 37.969632994167341 ], [ -86.041839642285652, 37.977152525268821 ], [ -86.031976361020213, 37.993998228335556 ], [ -86.008660930657413, 38.000956236241279 ], [ -85.959930463220303, 38.007865416355855 ], [ -85.948358196673439, 38.013871275139195 ], [ -85.938812298748587, 38.020902524731696 ], [ -85.930950971310267, 38.028959166032678 ], [ -85.924700970873118, 38.037797057388275 ], [ -85.914569134957617, 38.063627135184106 ], [ -85.905316204679082, 38.159330260583033 ], [ -85.900604291354966, 38.179935727851557 ], [ -85.891326947180858, 38.202103697027951 ], [ -85.877874798982759, 38.219755064044932 ], [ -85.860955853329926, 38.226957212705202 ], [ -85.851116985960118, 38.235966002229191 ], [ -85.829437299191966, 38.277201353359771 ], [ -85.815911908407827, 38.289017759761805 ], [ -85.805731243801858, 38.289017759761805 ] ], [ [ -86.382855266857064, 38.194632993717676 ], [ -86.361688274594201, 38.19292401023489 ], [ -86.343524213071987, 38.186014830120314 ], [ -86.291717572308073, 38.15361736944601 ], [ -86.282684368888511, 38.141947447316795 ], [ -86.286102337652721, 38.099857603545559 ], [ -86.284442181061763, 38.084379088524088 ], [ -86.275238080373072, 38.069925963412459 ], [ -86.259393353320604, 38.059012877442342 ], [ -86.219696088403737, 38.04219158827118 ], [ -86.203533978010682, 38.032084166251252 ], [ -86.183734173793084, 38.022928893353708 ], [ -86.133270306279599, 38.020048032990303 ], [ -86.110760540766307, 38.015311704871237 ], [ -86.072918743605101, 37.983231627537577 ], [ -86.051336713318676, 37.969632994167341 ] ], [ [ -86.416131634966973, 38.115238462984678 ], [ -86.392547649954054, 38.117093932538921 ], [ -86.350360149701146, 38.131400572478412 ], [ -86.332782025270205, 38.147123228254372 ], [ -86.340936322153539, 38.154423033396256 ], [ -86.361615032907423, 38.15962322822935 ], [ -86.381707805670658, 38.169242368740299 ], [ -86.393914837999375, 38.187845884879664 ], [ -86.382855266857064, 38.194632993717676 ] ], [ [ -86.461785930875976, 38.137308774780138 ], [ -86.450262493918956, 38.136698423793177 ], [ -86.438739056062559, 38.131742368815253 ], [ -86.433514447333835, 38.127958188919251 ], [ -86.428289837705847, 38.118339049307679 ], [ -86.416131634966973, 38.115238462984678 ] ], [ [ -86.62443241572339, 37.853763853419082 ], [ -86.603582805901738, 37.864506041220807 ], [ -86.595477337708928, 37.884745299156236 ], [ -86.595623821981803, 37.904447446892163 ], [ -86.589666790989611, 37.919388853512771 ], [ -86.535858197297955, 37.92864178289193 ], [ -86.523236126945676, 37.938285338197772 ], [ -86.520282024895494, 37.9534952994685 ], [ -86.523455852905272, 38.01919354124891 ], [ -86.518597455308281, 38.040482602989698 ], [ -86.505194134901387, 38.049466977718851 ], [ -86.483758587988405, 38.050858580559009 ], [ -86.460833782652912, 38.056547056901138 ], [ -86.443743938831688, 38.068973814290075 ], [ -86.439740032976147, 38.090433775098631 ], [ -86.445379680627752, 38.101493346240886 ], [ -86.463226360608019, 38.117313658498517 ], [ -86.467034955298914, 38.127958188919251 ], [ -86.461785930875976, 38.137308774780138 ] ], [ [ -86.818817180668361, 37.995218932108003 ], [ -86.802850385037232, 37.977152525268821 ], [ -86.794574016877334, 37.950736510381603 ], [ -86.772845502318035, 37.923783385294996 ], [ -86.742205852917778, 37.903861509800834 ], [ -86.707244916119976, 37.898612486277216 ] ], [ [ -87.118133588294427, 37.788749205211616 ], [ -87.086712688839498, 37.805448424005533 ], [ -87.070477337658986, 37.828861509950684 ], [ -87.043035931063343, 37.891800963543631 ], [ -87.031341595937874, 37.908133971205757 ], [ -87.019500774740948, 37.919144712758282 ], [ -87.005609173724395, 37.926615416068557 ], [ -86.987786907639645, 37.932767760024092 ], [ -86.929608196960714, 37.937699400207123 ], [ -86.916107220971469, 37.943021666316838 ], [ -86.893231244326444, 37.960795102811744 ], [ -86.854852337865111, 37.983988462797299 ], [ -86.818817180668361, 37.995218932108003 ] ], [ [ -87.598602337727698, 37.976444517800246 ], [ -87.591107221421112, 37.973734557403873 ], [ -87.585687298829782, 37.966215025403073 ], [ -87.586785931325664, 37.949491392713583 ], [ -87.58366093110709, 37.93960369755257 ], [ -87.548895306373254, 37.913382993830055 ] ], [ [ -87.657049603056691, 37.825199400431984 ], [ -87.627093549028075, 37.83452557239724 ], [ -87.601385540710112, 37.856962096223754 ], [ -87.591107221421112, 37.884354674128872 ], [ -87.596063274600453, 37.904984557091609 ], [ -87.614373822194125, 37.934012876792792 ], [ -87.61842655584087, 37.956351744137635 ], [ -87.615203900039944, 37.968851744112669 ], [ -87.607586713356113, 37.975150572341022 ], [ -87.598602337727698, 37.976444517800246 ] ], [ [ -87.426629680915028, 37.946415221185475 ], [ -87.405194134901365, 37.942069518093774 ], [ -87.381585735992928, 37.933231626738177 ], [ -87.359075971378957, 37.921659361090633 ], [ -87.340960735849251, 37.909183775011172 ], [ -87.323016400286633, 37.899491392813502 ], [ -87.255316204679104, 37.87815350238219 ], [ -87.2198181576818, 37.859061704733847 ], [ -87.209295696738991, 37.854935728501061 ], [ -87.195184368863522, 37.851908384764101 ], [ -87.176800579583073, 37.850834166163793 ], [ -87.164886516699369, 37.847098814058995 ], [ -87.160321087648072, 37.838041196743802 ], [ -87.15805058007021, 37.826688657955174 ], [ -87.152899213028263, 37.816092955325587 ], [ -87.137616010070815, 37.800443541236405 ], [ -87.129119915951321, 37.794364438967648 ], [ -87.118133588294427, 37.788749205211616 ] ], [ [ -87.548895306373254, 37.913382993830055 ], [ -87.509979290611739, 37.919803893334972 ], [ -87.468695110790691, 37.937821471483687 ], [ -87.426629680915028, 37.946415221185475 ] ], [ [ -87.90910038507468, 37.931595884942112 ], [ -87.887664838161754, 37.928617368996356 ], [ -87.868573041412731, 37.915702330098441 ], [ -87.853875774647292, 37.901053892922789 ], [ -87.838006634598514, 37.889554868962023 ], [ -87.819574016627541, 37.881669126728809 ], [ -87.797161907595921, 37.87815350238219 ] ], [ [ -87.950799602919346, 37.781937682478031 ], [ -87.945819134945111, 37.788578307043224 ], [ -87.899578900146082, 37.829740416487027 ], [ -87.929754681033671, 37.888920103180169 ], [ -87.933709759997384, 37.902347838382013 ], [ -87.926532025232746, 37.923319518580911 ], [ -87.90910038507468, 37.931595884942112 ] ], [ [ -87.686737103334622, 37.906864438742844 ], [ -87.673651166268314, 37.898612486277216 ], [ -87.671795696714014, 37.884916197324628 ], [ -87.682196088178898, 37.852372252377506 ], [ -87.679852338014996, 37.837162291106836 ], [ -87.657049603056691, 37.825199400431984 ] ], [ [ -87.797161907595921, 37.87815350238219 ], [ -87.777362103378323, 37.880375182168905 ], [ -87.737664837562193, 37.89111736907131 ], [ -87.728289837805733, 37.891800963543631 ], [ -87.718963665840477, 37.899125182581088 ], [ -87.703485149919743, 37.905619321974086 ], [ -87.686737103334622, 37.906864438742844 ] ], [ [ -86.662982221252491, 37.905546080287365 ], [ -86.643866009708574, 37.901371275364056 ], [ -86.655389446665595, 37.881254087805871 ], [ -86.662957805558278, 37.863846861543379 ], [ -86.648455852655445, 37.854105649755923 ], [ -86.62443241572339, 37.853763853419082 ] ], [ [ -86.707244916119976, 37.898612486277216 ], [ -86.662982221252491, 37.905546080287365 ] ], [ [ -88.022479291386162, 37.809281431692682 ], [ -88.005047650328777, 37.803837096105099 ], [ -87.96930546257704, 37.785795103161433 ], [ -87.950799602919346, 37.781937682478031 ] ], [ [ -88.04528202544509, 37.806742369464757 ], [ -88.022479291386162, 37.809281431692682 ] ] ] } },
{ "type": "Feature", "properties": { "FEATURECLA": "Admin-1 boundary", "NAME": "Illinois - Indiana", "ADM0_A3": "USA", "ADM0_NAME": "United States of America", "SHAPE_LENG": 1.50080970795, "MAPCOLOR13": 1.0, "MAPCOLOR9": 1.0, "SOV_A3": "US1", "NAME_L": "Illinois", "NAME_R": "Indiana", "NAME_ALT_L": "IL|Ill.", "NAME_ALT_R": "IN|Ind.", "NAME_LOC_L": null, "NAME_LOC_R": null, "NAME_LEN_L": 8.0, "NAME_LEN_R": 7.0, "NOTE": "US_14", "TYPE": null, "MIN_ZOOM": 2.0, "MIN_LABEL": 7.5, "SCALERANK": 2, "FCLASS_ISO": null, "FCLASS_US": null, "FCLASS_FR": null, "FCLASS_RU": null, "FCLASS_ES": null, "FCLASS_CN": null, "FCLASS_TW": null, "FCLASS_IN": null, "FCLASS_NP": null, "FCLASS_PK": null, "FCLASS_DE": null, "FCLASS_GB": null, "FCLASS_BR": null, "FCLASS_IL": null, "FCLASS_PS": null, "FCLASS_SA": null, "FCLASS_EG": null, "FCLASS_MA": null, "FCLASS_PT": null, "FCLASS_AR": null, "FCLASS_JP": null, "FCLASS_KO": null, "FCLASS_VN": null, "FCLASS_TR": null, "FCLASS_ID": null, "FCLASS_PL": null, "FCLASS_GR": null, "FCLASS_IT": null, "FCLASS_NL": null, "FCLASS_SE": null, "FCLASS_BD": null, "FCLASS_UA": null, "ne_id": 1746745439, "BRK_A3": null, "FCLASS_OSM": null, "FCLASS_TLC": null }, "geometry": { "type": "LineString", "coordinates": [ [ -87.221209759622695, 41.75969647081547 ], [ -87.207727756630675, 41.75969647081547 ] ] } },
{ "type": "Feature", "properties": { "FEATURECLA": "Admin-1 boundary", "NAME": "Michigan - Indiana", "ADM0_A3": "USA", "ADM0_NAME": "United States of America", "SHAPE_LENG": 272.45371223699999, "MAPCOLOR13": 1.0, "MAPCOLOR9": 1.0, "SOV_A3": "US1", "NAME_L": "Michigan", "NAME_R": "Indiana", "NAME_ALT_L": "MI|Mich.", "NAME_ALT_R": "IN|Ind.", "NAME_LOC_L": null, "NAME_LOC_R": null, "NAME_LEN_L": 8.0, "NAME_LEN_R": 7.0, "NOTE": "US_14", "TYPE": null, "MIN_ZOOM": 2.0, "MIN_LABEL": 7.5, "SCALERANK": 2, "FCLASS_ISO": null, "FCLASS_US": null, "FCLASS_FR": null, "FCLASS_RU": null, "FCLASS_ES": null, "FCLASS_CN": null, "FCLASS_TW": null, "FCLASS_IN": null, "FCLASS_NP": null, "FCLASS_PK": null, "FCLASS_DE": null, "FCLASS_GB": null, "FCLASS_BR": null, "FCLASS_IL": null, "FCLASS_PS": null, "FCLASS_SA": null, "FCLASS_EG": null, "FCLASS_MA": null, "FCLASS_PT": null, "FCLASS_AR": null, "FCLASS_JP": null, "FCLASS_KO": null, "FCLASS_VN": null, "FCLASS_TR": null, "FCLASS_ID": null, "FCLASS_PL": null, "FCLASS_GR": null, "FCLASS_IT": null, "FCLASS_NL": null, "FCLASS_SE": null, "FCLASS_BD": null, "FCLASS_UA": null, "ne_id": 1746745447, "BRK_A3": null, "FCLASS_OSM": null, "FCLASS_TLC": null }, "geometry": { "type": "MultiLineString", "coordinates": [ [ [ -87.123919721118227, 41.75969647081547 ], [ -87.04635624424526, 41.75967205691984 ], [ -86.968743938681826, 41.759623228229373 ], [ -86.891156048812604, 41.759574400438225 ], [ -86.813592571939637, 41.759549986542595 ], [ -86.736004681171096, 41.759525571747702 ], [ -86.658392377406301, 41.759476743956554 ], [ -86.580804485738383, 41.75942791616535 ], [ -86.503216595869162, 41.759379088374203 ] ], [ [ -87.207727756630675, 41.75969647081547 ], [ -87.201532024883022, 41.75969647081547 ], [ -87.123919721118227, 41.75969647081547 ] ], [ [ -86.425653118996252, 41.759379088374203 ], [ -86.348065228227711, 41.759354674478629 ], [ -86.270477338358489, 41.759305845788106 ] ], [ [ -86.503216595869162, 41.759379088374203 ], [ -86.425653118996252, 41.759379088374203 ] ], [ [ -86.192889446690572, 41.759305845788106 ], [ -86.115301555922031, 41.759257017996958 ], [ -86.037713666052809, 41.759232603202065 ], [ -85.960125775284268, 41.759208189306491 ], [ -85.882537885415047, 41.759159361515287 ], [ -85.804949993747186, 41.75911053282482 ], [ -85.727362102978645, 41.759086118929247 ], [ -85.649774213109424, 41.759061705033616 ], [ -85.572186322340883, 41.758988463346896 ] ], [ [ -86.270477338358489, 41.759305845788106 ], [ -86.192889446690572, 41.759305845788106 ] ], [ [ -85.494598430673022, 41.758988463346896 ], [ -85.417034954699375, 41.758939635555691 ], [ -85.33942265003526, 41.758915220760798 ] ], [ [ -85.572186322340883, 41.758988463346896 ], [ -85.494598430673022, 41.758988463346896 ] ], [ [ -85.261834760166039, 41.758915220760798 ], [ -85.184295697188645, 41.758890806865224 ], [ -85.106683391625211, 41.758841978174758 ], [ -85.02909550175599, 41.758793150383553 ], [ -84.951507610987449, 41.75876873648798 ], [ -84.873895306323334, 41.758744321693086 ], [ -84.806075336307686, 41.758274569815512 ], [ -84.806075336307686, 41.6968055068686 ] ], [ [ -85.33942265003526, 41.758915220760798 ], [ -85.261834760166039, 41.758915220760798 ] ] ] } },
{ "type": "Feature", "properties": { "FEATURECLA": "Admin-1 boundary", "NAME": "Illinois - Indiana", "ADM0_A3": "USA", "ADM0_NAME": "United States of America", "SHAPE_LENG": 486.67569498699999, "MAPCOLOR13": 1.0, "MAPCOLOR9": 1.0, "SOV_A3": "US1", "NAME_L": "Illinois", "NAME_R": "Indiana", "NAME_ALT_L": "IL|Ill.", "NAME_ALT_R": "IN|Ind.", "NAME_LOC_L": null, "NAME_LOC_R": null, "NAME_LEN_L": 8.0, "NAME_LEN_R": 7.0, "NOTE": "US_13", "TYPE": null, "MIN_ZOOM": 2.0, "MIN_LABEL": 7.5, "SCALERANK": 2, "FCLASS_ISO": null, "FCLASS_US": null, "FCLASS_FR": null, "FCLASS_RU": null, "FCLASS_ES": null, "FCLASS_CN": null, "FCLASS_TW": null, "FCLASS_IN": null, "FCLASS_NP": null, "FCLASS_PK": null, "FCLASS_DE": null, "FCLASS_GB": null, "FCLASS_BR": null, "FCLASS_IL": null, "FCLASS_PS": null, "FCLASS_SA": null, "FCLASS_EG": null, "FCLASS_MA": null, "FCLASS_PT": null, "FCLASS_AR": null, "FCLASS_JP": null, "FCLASS_KO": null, "FCLASS_VN": null, "FCLASS_TR": null, "FCLASS_ID": null, "FCLASS_PL": null, "FCLASS_GR": null, "FCLASS_IT": null, "FCLASS_NL": null, "FCLASS_SE": null, "FCLASS_BD": null, "FCLASS_UA": null, "ne_id": 1746745451, "BRK_A3": null, "FCLASS_OSM": null, "FCLASS_TLC": null }, "geometry": { "type": "MultiLineString", "coordinates": [ [ [ -87.279071087860416, 41.759720884711044 ], [ -87.227777141601791, 41.75969647081547 ] ], [ [ -87.559686321966183, 38.680839049082806 ], [ -87.547772259981798, 38.682767760323884 ], [ -87.542694134626572, 38.690018735875924 ], [ -87.511224408279816, 38.763382993930009 ], [ -87.524237102760083, 38.80259197823716 ], [ -87.545843548740777, 38.841190611557465 ], [ -87.556951946774916, 38.878080260495608 ], [ -87.553680463182786, 38.889774596520397 ], [ -87.539642376994095, 38.90552166619193 ], [ -87.53649296287989, 38.916556822539292 ], [ -87.53649296287989, 38.957523619019753 ], [ -87.542523235558861, 38.970218931958129 ], [ -87.572235149732364, 38.990433775098609 ], [ -87.58366093110709, 39.001591001823272 ], [ -87.589959760234706, 39.018509947476048 ], [ -87.598309369182005, 39.055716977956138 ], [ -87.60846561899308, 39.073588071832035 ], [ -87.638909955430108, 39.097806821727431 ], [ -87.653729290774152, 39.104960143495816 ], [ -87.66115116629328, 39.109940611469995 ], [ -87.666815227840459, 39.118290221316613 ], [ -87.663299602594577, 39.156571471296331 ], [ -87.598748822000516, 39.205643735969602 ], [ -87.597918744154697, 39.248612486277182 ], [ -87.620672650422478, 39.282352721101176 ], [ -87.625360149851019, 39.299711119572464 ], [ -87.615008587975922, 39.319999205299041 ], [ -87.596991009827207, 39.334916197124755 ], [ -87.53649296287989, 39.357230650574024 ], [ -87.532684369088372, 39.361625182356249 ], [ -87.532537884815497, 39.399613462890954 ], [ -87.531781048656455, 39.544462096448569 ], [ -87.531073041187881, 39.689310728207545 ], [ -87.53038944671556, 39.834159360865783 ], [ -87.529657025351412, 39.979007994423398 ], [ -87.528924603087944, 40.12388104097721 ], [ -87.528216595619369, 40.268729674534825 ], [ -87.527508588150795, 40.41357830719312 ], [ -87.526776165887327, 40.558475768541882 ], [ -87.526043743623859, 40.703348814196374 ], [ -87.525360150050858, 40.84819744685467 ], [ -87.524652141682964, 40.993070494307858 ], [ -87.523919721218135, 41.137919126966096 ], [ -87.523187298954667, 41.282767760523711 ], [ -87.522479290586773, 41.42764080707758 ], [ -87.521795697013772, 41.572513852732072 ], [ -87.521038860854731, 41.717338072394114 ], [ -87.521038860854731, 41.759720884711044 ], [ -87.383221477788936, 41.759720884711044 ], [ -87.279071087860416, 41.759720884711044 ] ], [ [ -87.227777141601791, 41.75969647081547 ], [ -87.221209759622695, 41.75969647081547 ] ], [ [ -87.57338261091877, 38.68088787687401 ], [ -87.559686321966183, 38.680839049082806 ] ], [ [ -87.63204960310668, 38.597538268076562 ], [ -87.628167766729007, 38.59971111917281 ], [ -87.624652142382445, 38.602518736050797 ], [ -87.621502728268297, 38.606449400219617 ], [ -87.61842655584087, 38.611796080224906 ], [ -87.623309369132073, 38.631791197405789 ], [ -87.615033001871495, 38.651713072000632 ], [ -87.599774212809677, 38.668558775067368 ], [ -87.58366093110709, 38.679447447141968 ], [ -87.57338261091877, 38.68088787687401 ] ], [ [ -87.653241010164493, 38.4971232284542 ], [ -87.64635624394549, 38.508133970905988 ], [ -87.646502728218309, 38.51987713472198 ], [ -87.663348431285044, 38.540897642712025 ], [ -87.666815227840459, 38.556547056801207 ], [ -87.661932416347895, 38.571586119004166 ], [ -87.651727337846353, 38.582938657792795 ], [ -87.638787885052864, 38.591312682434307 ], [ -87.625848431359998, 38.597538268076562 ] ], [ [ -87.625848431359998, 38.597538268076562 ], [ -87.63204960310668, 38.597538268076562 ] ], [ [ -87.664544721161917, 38.502396665873391 ], [ -87.658514446684364, 38.497977721094912 ], [ -87.653241010164493, 38.4971232284542 ] ], [ [ -87.85519413490141, 38.289017759761805 ], [ -87.848602338127364, 38.293851744362485 ], [ -87.845892376831728, 38.305106627568762 ], [ -87.844378705412907, 38.317777524812925 ], [ -87.841253705194333, 38.326908384714159 ], [ -87.834686322315918, 38.337845885479226 ], [ -87.825872845755214, 38.360550963056482 ], [ -87.81764530628584, 38.371610533299474 ], [ -87.809588665884178, 38.376444517900154 ], [ -87.790008587626176, 38.381986509969465 ], [ -87.782904096346954, 38.385257994460858 ], [ -87.767596477695292, 38.400345885354284 ], [ -87.752337688633418, 38.421561705408351 ], [ -87.747235150281938, 38.441678892966536 ], [ -87.762420696757715, 38.453519713264143 ], [ -87.762420696757715, 38.460966001779525 ], [ -87.731878704738392, 38.468583189362676 ], [ -87.700360149701112, 38.481473814365017 ], [ -87.691864055581675, 38.487211119397614 ], [ -87.681097454783696, 38.497245298831444 ], [ -87.673651166268314, 38.501932799159306 ], [ -87.664544721161917, 38.502396665873391 ] ], [ [ -87.875384564146316, 38.316996274758253 ], [ -87.871453899977496, 38.312650572565872 ], [ -87.868963666440038, 38.303007018159349 ], [ -87.864617963348337, 38.293363462853506 ], [ -87.85519413490141, 38.289017759761805 ] ], [ [ -87.904779095878553, 38.27952068872878 ], [ -87.896942181436486, 38.298197447454243 ], [ -87.89054569672652, 38.30642498602424 ], [ -87.882635540597676, 38.313773618957327 ], [ -87.875384564146316, 38.316996274758253 ] ], [ [ -87.926287885377576, 38.302689634818762 ], [ -87.925140424191227, 38.296415221385359 ], [ -87.915643353158202, 38.284794127047292 ], [ -87.904779095878553, 38.27952068872878 ] ], [ [ -88.013958783371152, 38.091581236284981 ], [ -88.029949993797175, 38.097880064513333 ], [ -88.006854291192553, 38.111210143233507 ], [ -87.985247846111179, 38.127958188919251 ], [ -87.975433391737624, 38.133402525406211 ], [ -87.953533978110556, 38.137504087743423 ], [ -87.944256634835824, 38.141947447316795 ], [ -87.933953899852554, 38.159867368983896 ], [ -87.946356244245237, 38.171268736462991 ], [ -87.965423627098687, 38.179886900060353 ], [ -87.975311322259699, 38.189432798884525 ], [ -87.978582805851772, 38.195951353072473 ], [ -87.985662885034117, 38.20227459609572 ], [ -87.992596478144947, 38.209965025365591 ], [ -87.995159955167765, 38.22075604095852 ], [ -87.991864055881479, 38.232767760323839 ], [ -87.985174602625818, 38.239628110848628 ], [ -87.976678510304964, 38.245438658467265 ], [ -87.967840618949367, 38.254276548923599 ], [ -87.960491986016336, 38.270316588040089 ], [ -87.954998821738229, 38.286551939220601 ], [ -87.945599408086196, 38.298832213236039 ], [ -87.926287885377576, 38.302689634818762 ] ], [ [ -88.057220502224368, 37.891800963543631 ], [ -88.041375775171844, 37.898417174213193 ], [ -88.038177533266548, 37.905619321974086 ], [ -88.041131635316674, 37.915238463384355 ], [ -88.043573041062984, 37.929056821814868 ], [ -88.049676556327995, 37.949515807508476 ], [ -88.049383587782359, 37.961625182456203 ], [ -88.03986210285376, 37.966898618976074 ], [ -88.034979291361196, 37.973710143508299 ], [ -88.035784955311442, 37.988993346465747 ], [ -88.039569135207387, 38.005350768023504 ], [ -88.043573041062984, 38.015311704871237 ], [ -88.031390424428537, 38.027128111273271 ], [ -88.045404095822335, 38.051713072300402 ], [ -88.033050580120175, 38.056278502251075 ], [ -88.01620487705344, 38.058646666310608 ], [ -87.998553510036459, 38.064921079744011 ], [ -87.981781048656444, 38.073636899823043 ], [ -87.967840618949367, 38.083597838469473 ], [ -87.982440228333871, 38.094193541099003 ] ], [ [ -87.982440228333871, 38.094193541099003 ], [ -88.013958783371152, 38.091581236284981 ] ], [ [ -88.111859173761843, 37.898612486277216 ], [ -88.067254680758879, 37.891923033021556 ], [ -88.057220502224368, 37.891800963543631 ] ], [ [ -88.065814251926156, 37.828104673791643 ], [ -88.05048222117756, 37.828959166432355 ], [ -88.03986210285376, 37.833451352897612 ], [ -88.046160931082113, 37.844559751831071 ], [ -88.095257610550277, 37.881791197106054 ], [ -88.111859173761843, 37.898612486277216 ] ], [ [ -88.094793743836192, 37.829740416487027 ], [ -88.065814251926156, 37.828104673791643 ] ], [ [ -88.04528202544509, 37.806742369464757 ], [ -88.068670696595348, 37.814408384839055 ], [ -88.087982221102607, 37.816092955325587 ], [ -88.094891400317863, 37.818216977731311 ], [ -88.098455853354949, 37.822904478059172 ], [ -88.098504681146096, 37.827616393181984 ], [ -88.094793743836192, 37.829740416487027 ] ] ] } },
{ "type": "Feature", "properties": { "FEATURECLA": "Admin-1 boundary", "NAME": "Massachusetts - Rhode Island", "ADM0_A3": "USA", "ADM0_NAME": "United States of America", "SHAPE_LENG": 0.00065572644, "MAPCOLOR13": 1.0, "MAPCOLOR9": 1.0, "SOV_A3": "US1", "NAME_L": "Massachusetts", "NAME_R": "Rhode Island", "NAME_ALT_L": "Commonwealth of Massachusetts|MA|Mass.", "NAME_ALT_R": "State of Rhode Island and Providence Plantations|RI|R.I.", "NAME_LOC_L": null, "NAME_LOC_R": null, "NAME_LEN_L": 13.0, "NAME_LEN_R": 12.0, "NOTE": null, "TYPE": null, "MIN_ZOOM": 2.0, "MIN_LABEL": 7.5, "SCALERANK": 9, "FCLASS_ISO": null, "FCLASS_US": null, "FCLASS_FR": null, "FCLASS_RU": null, "FCLASS_ES": null, "FCLASS_CN": null, "FCLASS_TW": null, "FCLASS_IN": null, "FCLASS_NP": null, "FCLASS_PK": null, "FCLASS_DE": null, "FCLASS_GB": null, "FCLASS_BR": null, "FCLASS_IL": null, "FCLASS_PS": null, "FCLASS_SA": null, "FCLASS_EG": null, "FCLASS_MA": null, "FCLASS_PT": null, "FCLASS_AR": null, "FCLASS_JP": null, "FCLASS_KO": null, "FCLASS_VN": null, "FCLASS_TR": null, "FCLASS_ID": null, "FCLASS_PL": null, "FCLASS_GR": null, "FCLASS_IT": null, "FCLASS_NL": null, "FCLASS_SE": null, "FCLASS_BD": null, "FCLASS_UA": null, "ne_id": 1746745455, "BRK_A3": null, "FCLASS_OSM": null, "FCLASS_TLC": null }, "geometry": { "type": "LineString", "coordinates": [ [ -71.193961003597451, 41.676861492763635 ], [ -71.193955883757042, 41.676857589706003 ] ] } },
{ "type": "Feature", "properties": { "FEATURECLA": "Admin-1 boundary indicator", "NAME": null, "ADM0_A3": "USA", "ADM0_NAME": "United States of America", "SHAPE_LENG": null, "MAPCOLOR13": 1.0, "MAPCOLOR9": 1.0, "SOV_A3": "US1", "NAME_L": null, "NAME_R": null, "NAME_ALT_L": null, "NAME_ALT_R": null, "NAME_LOC_L": null, "NAME_LOC_R": null, "NAME_LEN_L": null, "NAME_LEN_R": null, "NOTE": null, "TYPE": null, "MIN_ZOOM": 2.0, "MIN_LABEL": 7.5, "SCALERANK": 9, "FCLASS_ISO": null, "FCLASS_US": null, "FCLASS_FR": null, "FCLASS_RU": null, "FCLASS_ES": null, "FCLASS_CN": null, "FCLASS_TW": null, "FCLASS_IN": null, "FCLASS_NP": null, "FCLASS_PK": null, "FCLASS_DE": null, "FCLASS_GB": null, "FCLASS_BR": null, "FCLASS_IL": null, "FCLASS_PS": null, "FCLASS_SA": null, "FCLASS_EG": null, "FCLASS_MA": null, "FCLASS_PT": null, "FCLASS_AR": null, "FCLASS_JP": null, "FCLASS_KO": null, "FCLASS_VN": null, "FCLASS_TR": null, "FCLASS_ID": null, "FCLASS_PL": null, "FCLASS_GR": null, "FCLASS_IT": null, "FCLASS_NL": null, "FCLASS_SE": null, "FCLASS_BD": null, "FCLASS_UA": null, "ne_id": 1746750493, "BRK_A3": null, "FCLASS_OSM": null, "FCLASS_TLC": null }, "geometry": { "type": "LineString", "coordinates": [ [ -77.068332790999932, 38.901937596000039 ], [ -77.063687004999906, 38.891255191000084 ], [ -77.051814638999929, 38.881092938000052 ], [ -77.045243379999931, 38.876192925000055 ], [ -77.03901702099995, 38.868269890000079 ], [ -77.034951311999919, 38.860972798000034 ], [ -77.033039242999905, 38.853970477000075 ], [ -77.032801022999934, 38.845266666000043 ], [ -77.036952107999923, 38.839840201000072 ], [ -77.043821334999905, 38.839392799000052 ], [ -77.043279718999941, 38.835382697000057 ], [ -77.040048807999938, 38.827398977000087 ], [ -77.037571376999949, 38.815050405000079 ], [ -77.038353689999951, 38.796282775000066 ], [ -77.042959544999917, 38.791852943000038 ], [ -77.04974816999993, 38.788726534000034 ], [ -77.04025, 38.785216 ], [ -77.022932881047609, 38.802767530397205 ] ] } },
{ "type": "Feature", "properties": { "FEATURECLA": "Admin-1 boundary indicator", "NAME": null, "ADM0_A3": "USA", "ADM0_NAME": "United States of America", "SHAPE_LENG": null, "MAPCOLOR13": 1.0, "MAPCOLOR9": 1.0, "SOV_A3": "US1", "NAME_L": null, "NAME_R": null, "NAME_ALT_L": null, "NAME_ALT_R": null, "NAME_LOC_L": null, "NAME_LOC_R": null, "NAME_LEN_L": null, "NAME_LEN_R": null, "NOTE": null, "TYPE": null, "MIN_ZOOM": 2.0, "MIN_LABEL": 7.5, "SCALERANK": 9, "FCLASS_ISO": null, "FCLASS_US": null, "FCLASS_FR": null, "FCLASS_RU": null, "FCLASS_ES": null, "FCLASS_CN": null, "FCLASS_TW": null, "FCLASS_IN": null, "FCLASS_NP": null, "FCLASS_PK": null, "FCLASS_DE": null, "FCLASS_GB": null, "FCLASS_BR": null, "FCLASS_IL": null, "FCLASS_PS": null, "FCLASS_SA": null, "FCLASS_EG": null, "FCLASS_MA": null, "FCLASS_PT": null, "FCLASS_AR": null, "FCLASS_JP": null, "FCLASS_KO": null, "FCLASS_VN": null, "FCLASS_TR": null, "FCLASS_ID": null, "FCLASS_PL": null, "FCLASS_GR": null, "FCLASS_IT": null, "FCLASS_NL": null, "FCLASS_SE": null, "FCLASS_BD": null, "FCLASS_UA": null, "ne_id": 1746750495, "BRK_A3": null, "FCLASS_OSM": null, "FCLASS_TLC": null }, "geometry": { "type": "LineString", "coordinates": [ [ -77.04025, 38.785216 ], [ -77.042527270999926, 38.728907994000053 ], [ -77.04777148799991, 38.715723534000063 ], [ -77.069956255999898, 38.71066383200008 ], [ -77.082673, 38.707482 ], [ -77.087985, 38.704707 ], [ -77.13103570699991, 38.677191406000077 ], [ -77.137996410999904, 38.65043694700006 ], [ -77.134865142999899, 38.636283075000051 ], [ -77.162924623999913, 38.631529249000039 ], [ -77.187163951999935, 38.620799528000077 ], [ -77.225503, 38.605617 ], [ -77.246442, 38.592928 ], [ -77.254377, 38.567251 ], [ -77.268575, 38.553399 ], [ -77.285006, 38.520277 ], [ -77.305383797999923, 38.502152550000062 ], [ -77.326592474999927, 38.450933675000044 ], [ -77.314250038999944, 38.406128623000086 ], [ -77.297357538999904, 38.368742998000073 ], [ -77.290779980999901, 38.353784626000049 ], [ -77.280610355348259, 38.337815168191966 ], [ -77.248978846999933, 38.329884729000071 ], [ -77.166737433999913, 38.347886460000041 ], [ -77.133534308999913, 38.367132880000042 ], [ -77.085649580999927, 38.368411500000036 ], [ -77.058461066999939, 38.394191799000055 ], [ -77.040841057999899, 38.395909955000036 ], [ -77.020369888999937, 38.384585805000086 ], [ -77.014780627999926, 38.372328363000065 ], [ -77.016954847999898, 38.355142367000042 ], [ -77.014000543999941, 38.34352421400007 ], [ -77.014475063999953, 38.330511786000045 ], [ -77.022997048999912, 38.320051459000069 ], [ -77.024667963233071, 38.302086119062402 ], [ -77.000476233999905, 38.277308183000059 ], [ -76.97492428299995, 38.270697333000044 ], [ -76.965443488999938, 38.267238674000055 ], [ -76.959819209999921, 38.26014250500009 ], [ -76.95511819099994, 38.24718598700008 ], [ -76.9565685849999, 38.235503717000086 ], [ -76.96136630299992, 38.218281619000038 ], [ -76.95417122099991, 38.210167718000037 ], [ -76.912867890999905, 38.199167541000065 ], [ -76.881773206999924, 38.177026676000082 ], [ -76.864607824885951, 38.173428444618452 ], [ -76.830033024999921, 38.165468837000049 ], [ -76.796981020999908, 38.169404907000057 ], [ -76.775124732999927, 38.166985947000057 ], [ -76.681467251999948, 38.159247137000079 ], [ -76.670033331999946, 38.157416083000044 ], [ -76.614613410999937, 38.150376695000034 ], [ -76.607168360999935, 38.143451553000034 ], [ -76.601444128999901, 38.132539124000061 ], [ -76.607152990999907, 38.112956789000066 ], [ -76.595316749999938, 38.10506805600005 ], [ -76.581266742999901, 38.09760209500007 ], [ -76.561135115999946, 38.089453468000045 ], [ -76.534423357999913, 38.075170823000065 ], [ -76.528714210999908, 38.064256008000086 ], [ -76.520741339999915, 38.052801825000074 ], [ -76.514431497058254, 38.034863096185994 ], [ -76.507089, 38.022812 ], [ -76.504482290999931, 38.023635889000047 ], [ -76.485134992999917, 38.021790564000071 ], [ -76.4705274129999, 38.016265823000083 ], [ -76.463071323999941, 38.014917662000073 ], [ -76.454416469999899, 38.00617096600007 ], [ -76.461781378999945, 38.002346096000053 ], [ -76.469146287999934, 38.000962632000039 ], [ -76.40818011999994, 37.969616697000049 ], [ -76.373036261999914, 37.960598049000055 ], [ -76.29124166899993, 37.92499680800006 ], [ -76.262002538999923, 37.914303811000082 ], [ -76.247908898999924, 37.903471013000058 ], [ -76.233415, 37.887638 ], [ -76.04828682356208, 37.954492632012773 ], [ -76.045491358811276, 37.954525535090866 ] ] } },
{ "type": "Feature", "properties": { "FEATURECLA": "Admin-1 boundary indicator", "NAME": null, "ADM0_A3": "USA", "ADM0_NAME": "United States of America", "SHAPE_LENG": null, "MAPCOLOR13": 1.0, "MAPCOLOR9": 1.0, "SOV_A3": "US1", "NAME_L": null, "NAME_R": null, "NAME_ALT_L": null, "NAME_ALT_R": null, "NAME_LOC_L": null, "NAME_LOC_R": null, "NAME_LEN_L": null, "NAME_LEN_R": null, "NOTE": null, "TYPE": null, "MIN_ZOOM": 2.0, "MIN_LABEL": 7.5, "SCALERANK": 9, "FCLASS_ISO": null, "FCLASS_US": null, "FCLASS_FR": null, "FCLASS_RU": null, "FCLASS_ES": null, "FCLASS_CN": null, "FCLASS_TW": null, "FCLASS_IN": null, "FCLASS_NP": null, "FCLASS_PK": null, "FCLASS_DE": null, "FCLASS_GB": null, "FCLASS_BR": null, "FCLASS_IL": null, "FCLASS_PS": null, "FCLASS_SA": null, "FCLASS_EG": null, "FCLASS_MA": null, "FCLASS_PT": null, "FCLASS_AR": null, "FCLASS_JP": null, "FCLASS_KO": null, "FCLASS_VN": null, "FCLASS_TR": null, "FCLASS_ID": null, "FCLASS_PL": null, "FCLASS_GR": null, "FCLASS_IT": null, "FCLASS_NL": null, "FCLASS_SE": null, "FCLASS_BD": null, "FCLASS_UA": null, "ne_id": 1746750497, "BRK_A3": null, "FCLASS_OSM": null, "FCLASS_TLC": null }, "geometry": { "type": "LineString", "coordinates": [ [ -75.42446252312692, 39.80661364280536 ], [ -75.420056, 39.804774 ], [ -75.4383, 39.784402 ], [ -75.457660672393828, 39.769631612883046 ], [ -75.466388528326476, 39.752467942584317 ], [ -75.474076887011606, 39.726622088641697 ], [ -75.496908944419417, 39.702647895292706 ], [ -75.50918, 39.685266 ], [ -75.527696931846606, 39.655625959554015 ], [ -75.550809904667886, 39.640897280639109 ], [ -75.565311723524104, 39.627717 ], [ -75.569649075240164, 39.616301696836409 ], [ -75.567521498896411, 39.605171703940329 ], [ -75.560752800247698, 39.596415905676778 ], [ -75.548926455922214, 39.586819777864854 ], [ -75.52935418262723, 39.570773701286726 ], [ -75.525412345958244, 39.556747231238312 ], [ -75.528248, 39.535586 ], [ -75.530924113508249, 39.519489292506627 ], [ -75.54133053299995, 39.508856512000079 ], [ -75.55909, 39.495806 ], [ -75.562846041422404, 39.483904192536755 ], [ -75.562193746376508, 39.471284157419099 ], [ -75.555465, 39.451321 ], [ -75.48136, 39.387555 ], [ -75.442268, 39.352957 ], [ -75.321021, 39.251379 ], [ -75.168462, 39.056179 ], [ -75.138461, 39.002697 ], [ -75.041757, 38.835297 ] ] } },
{ "type": "Feature", "properties": { "FEATURECLA": "Admin-1 boundary indicator", "NAME": null, "ADM0_A3": "USA", "ADM0_NAME": "United States of America", "SHAPE_LENG": null, "MAPCOLOR13": 1.0, "MAPCOLOR9": 1.0, "SOV_A3": "US1", "NAME_L": null, "NAME_R": null, "NAME_ALT_L": null, "NAME_ALT_R": null, "NAME_LOC_L": null, "NAME_LOC_R": null, "NAME_LEN_L": null, "NAME_LEN_R": null, "NOTE": null, "TYPE": null, "MIN_ZOOM": 2.0, "MIN_LABEL": 7.5, "SCALERANK": 9, "FCLASS_ISO": null, "FCLASS_US": null, "FCLASS_FR": null, "FCLASS_RU": null, "FCLASS_ES": null, "FCLASS_CN": null, "FCLASS_TW": null, "FCLASS_IN": null, "FCLASS_NP": null, "FCLASS_PK": null, "FCLASS_DE": null, "FCLASS_GB": null, "FCLASS_BR": null, "FCLASS_IL": null, "FCLASS_PS": null, "FCLASS_SA": null, "FCLASS_EG": null, "FCLASS_MA": null, "FCLASS_PT": null, "FCLASS_AR": null, "FCLASS_JP": null, "FCLASS_KO": null, "FCLASS_VN": null, "FCLASS_TR": null, "FCLASS_ID": null, "FCLASS_PL": null, "FCLASS_GR": null, "FCLASS_IT": null, "FCLASS_NL": null, "FCLASS_SE": null, "FCLASS_BD": null, "FCLASS_UA": null, "ne_id": 1746750499, "BRK_A3": null, "FCLASS_OSM": null, "FCLASS_TLC": null }, "geometry": { "type": "LineString", "coordinates": [ [ -75.420056, 39.804774 ], [ -75.369352423534906, 39.833114352285385 ], [ -75.34652029123086, 39.842627740745407 ], [ -75.320030065157425, 39.849698087815241 ], [ -75.294183084515623, 39.852388541777515 ], [ -75.247925029734517, 39.858170798625153 ], [ -75.215842681930525, 39.868401080987681 ], [ -75.184964, 39.881726 ], [ -75.170304959423703, 39.886547692212197 ], [ -75.156233943237311, 39.887899739253477 ], [ -75.140353503947452, 39.887336887427594 ], [ -75.132684980021949, 39.892609531896547 ], [ -75.128191125827186, 39.898873692289236 ], [ -75.127163959154103, 39.908802970129067 ], [ -75.13058784806438, 39.922840914661236 ], [ -75.130296043626956, 39.94448085567268 ], [ -75.127848736936159, 39.954683081526909 ], [ -75.122370514679702, 39.960846081565421 ], [ -75.112815, 39.968358 ], [ -75.094637014506375, 39.975226414988626 ], [ -75.075605, 39.978041 ], [ -75.070669792134368, 39.979677470572 ], [ -75.060055736512481, 39.993373026213149 ], [ -75.053371495457654, 39.997960772587916 ], [ -75.023589647999927, 40.016302802000041 ] ] } },
{ "type": "Feature", "properties": { "FEATURECLA": "Admin-1 boundary indicator", "NAME": null, "ADM0_A3": "USA", "ADM0_NAME": "United States of America", "SHAPE_LENG": null, "MAPCOLOR13": 1.0, "MAPCOLOR9": 1.0, "SOV_A3": "US1", "NAME_L": null, "NAME_R": null, "NAME_ALT_L": null, "NAME_ALT_R": null, "NAME_LOC_L": null, "NAME_LOC_R": null, "NAME_LEN_L": null, "NAME_LEN_R": null, "NOTE": null, "TYPE": null, "MIN_ZOOM": 2.0, "MIN_LABEL": 7.5, "SCALERANK": 9, "FCLASS_ISO": null, "FCLASS_US": null, "FCLASS_FR": null, "FCLASS_RU": null, "FCLASS_ES": null, "FCLASS_CN": null, "FCLASS_TW": null, "FCLASS_IN": null, "FCLASS_NP": null, "FCLASS_PK": null, "FCLASS_DE": null, "FCLASS_GB": null, "FCLASS_BR": null, "FCLASS_IL": null, "FCLASS_PS": null, "FCLASS_SA": null, "FCLASS_EG": null, "FCLASS_MA": null, "FCLASS_PT": null, "FCLASS_AR": null, "FCLASS_JP": null, "FCLASS_KO": null, "FCLASS_VN": null, "FCLASS_TR": null, "FCLASS_ID": null, "FCLASS_PL": null, "FCLASS_GR": null, "FCLASS_IT": null, "FCLASS_NL": null, "FCLASS_SE": null, "FCLASS_BD": null, "FCLASS_UA": null, "ne_id": 1746750503, "BRK_A3": null, "FCLASS_OSM": null, "FCLASS_TLC": null }, "geometry": { "type": "LineString", "coordinates": [ [ -74.187552791128383, 40.480300394747417 ], [ -74.042112, 40.509299 ], [ -73.950337, 40.525464 ], [ -73.886652, 40.489794 ] ] } },
{ "type": "Feature", "properties": { "FEATURECLA": "Admin-1 boundary indicator", "NAME": null, "ADM0_A3": "USA", "ADM0_NAME": "United States of America", "SHAPE_LENG": null, "MAPCOLOR13": 1.0, "MAPCOLOR9": 1.0, "SOV_A3": "US1", "NAME_L": null, "NAME_R": null, "NAME_ALT_L": null, "NAME_ALT_R": null, "NAME_LOC_L": null, "NAME_LOC_R": null, "NAME_LEN_L": null, "NAME_LEN_R": null, "NOTE": null, "TYPE": null, "MIN_ZOOM": 2.0, "MIN_LABEL": 7.5, "SCALERANK": 9, "FCLASS_ISO": null, "FCLASS_US": null, "FCLASS_FR": null, "FCLASS_RU": null, "FCLASS_ES": null, "FCLASS_CN": null, "FCLASS_TW": null, "FCLASS_IN": null, "FCLASS_NP": null, "FCLASS_PK": null, "FCLASS_DE": null, "FCLASS_GB": null, "FCLASS_BR": null, "FCLASS_IL": null, "FCLASS_PS": null, "FCLASS_SA": null, "FCLASS_EG": null, "FCLASS_MA": null, "FCLASS_PT": null, "FCLASS_AR": null, "FCLASS_JP": null, "FCLASS_KO": null, "FCLASS_VN": null, "FCLASS_TR": null, "FCLASS_ID": null, "FCLASS_PL": null, "FCLASS_GR": null, "FCLASS_IT": null, "FCLASS_NL": null, "FCLASS_SE": null, "FCLASS_BD": null, "FCLASS_UA": null, "ne_id": 1746750505, "BRK_A3": null, "FCLASS_OSM": null, "FCLASS_TLC": null }, "geometry": { "type": "LineString", "coordinates": [ [ -73.641700113999946, 41.001773909000065 ], [ -73.61309, 40.950821 ], [ -73.43469, 40.988425 ], [ -73.004542, 41.085884 ], [ -72.527901, 41.178479 ], [ -72.331453, 41.215004 ], [ -72.141534, 41.250098 ] ] } },
{ "type": "Feature", "properties": { "FEATURECLA": "Admin-1 boundary indicator", "NAME": null, "ADM0_A3": "USA", "ADM0_NAME": "United States of America", "SHAPE_LENG": null, "MAPCOLOR13": 1.0, "MAPCOLOR9": 1.0, "SOV_A3": "US1", "NAME_L": null, "NAME_R": null, "NAME_ALT_L": null, "NAME_ALT_R": null, "NAME_LOC_L": null, "NAME_LOC_R": null, "NAME_LEN_L": null, "NAME_LEN_R": null, "NOTE": null, "TYPE": null, "MIN_ZOOM": 2.0, "MIN_LABEL": 7.5, "SCALERANK": 9, "FCLASS_ISO": null, "FCLASS_US": null, "FCLASS_FR": null, "FCLASS_RU": null, "FCLASS_ES": null, "FCLASS_CN": null, "FCLASS_TW": null, "FCLASS_IN": null, "FCLASS_NP": null, "FCLASS_PK": null, "FCLASS_DE": null, "FCLASS_GB": null, "FCLASS_BR": null, "FCLASS_IL": null, "FCLASS_PS": null, "FCLASS_SA": null, "FCLASS_EG": null, "FCLASS_MA": null, "FCLASS_PT": null, "FCLASS_AR": null, "FCLASS_JP": null, "FCLASS_KO": null, "FCLASS_VN": null, "FCLASS_TR": null, "FCLASS_ID": null, "FCLASS_PL": null, "FCLASS_GR": null, "FCLASS_IT": null, "FCLASS_NL": null, "FCLASS_SE": null, "FCLASS_BD": null, "FCLASS_UA": null, "ne_id": 1746750507, "BRK_A3": null, "FCLASS_OSM": null, "FCLASS_TLC": null }, "geometry": { "type": "LineString", "coordinates": [ [ -74.040303379038662, 40.676479815212737 ], [ -74.034573, 40.684866 ], [ -74.026284, 40.699902 ], [ -74.013784, 40.756601 ], [ -73.984794, 40.797687 ], [ -73.962349, 40.828808 ], [ -73.943886, 40.865854 ], [ -73.932596557750415, 40.884172673742817 ], [ -73.917905, 40.917577 ], [ -73.895864484615913, 40.985511978605999 ], [ -73.907134568999936, 40.990790106000077 ] ] } },
{ "type": "Feature", "properties": { "FEATURECLA": "Admin-1 boundary indicator", "NAME": null, "ADM0_A3": "USA", "ADM0_NAME": "United States of America", "SHAPE_LENG": null, "MAPCOLOR13": 1.0, "MAPCOLOR9": 1.0, "SOV_A3": "US1", "NAME_L": null, "NAME_R": null, "NAME_ALT_L": null, "NAME_ALT_R": null, "NAME_LOC_L": null, "NAME_LOC_R": null, "NAME_LEN_L": null, "NAME_LEN_R": null, "NOTE": null, "TYPE": null, "MIN_ZOOM": 2.0, "MIN_LABEL": 7.5, "SCALERANK": 9, "FCLASS_ISO": null, "FCLASS_US": null, "FCLASS_FR": null, "FCLASS_RU": null, "FCLASS_ES": null, "FCLASS_CN": null, "FCLASS_TW": null, "FCLASS_IN": null, "FCLASS_NP": null, "FCLASS_PK": null, "FCLASS_DE": null, "FCLASS_GB": null, "FCLASS_BR": null, "FCLASS_IL": null, "FCLASS_PS": null, "FCLASS_SA": null, "FCLASS_EG": null, "FCLASS_MA": null, "FCLASS_PT": null, "FCLASS_AR": null, "FCLASS_JP": null, "FCLASS_KO": null, "FCLASS_VN": null, "FCLASS_TR": null, "FCLASS_ID": null, "FCLASS_PL": null, "FCLASS_GR": null, "FCLASS_IT": null, "FCLASS_NL": null, "FCLASS_SE": null, "FCLASS_BD": null, "FCLASS_UA": null, "ne_id": 1746750509, "BRK_A3": null, "FCLASS_OSM": null, "FCLASS_TLC": null }, "geometry": { "type": "LineString", "coordinates": [ [ -87.419611029025759, 30.479610703970764 ], [ -87.403078182899918, 30.463556975246256 ], [ -87.382176, 30.450097 ], [ -87.371200021452495, 30.447866942658841 ], [ -87.366939, 30.44048 ], [ -87.369705732634642, 30.430931669389885 ], [ -87.376476, 30.427097 ], [ -87.406066760535623, 30.414743540529852 ], [ -87.429975381621219, 30.397559219124592 ], [ -87.439078, 30.382898 ], [ -87.451778, 30.356699 ], [ -87.461853543068642, 30.343017677273096 ], [ -87.489079, 30.3311 ], [ -87.505943, 30.319396 ], [ -87.490999879056602, 30.306887938805112 ], [ -87.484242316999939, 30.308661200000074 ], [ -87.447336391999897, 30.31313711100006 ], [ -87.446285867929987, 30.298223615918786 ], [ -87.471058722999942, 30.29368724200009 ], [ -87.488270636999914, 30.285142320000034 ], [ -87.49640865799995, 30.287502346000053 ], [ -87.518462693999936, 30.282171942000048 ], [ -87.518446, 30.253301 ] ] } },
{ "type": "Feature", "properties": { "FEATURECLA": "Admin-1 boundary indicator", "NAME": null, "ADM0_A3": "USA", "ADM0_NAME": "United States of America", "SHAPE_LENG": null, "MAPCOLOR13": 1.0, "MAPCOLOR9": 1.0, "SOV_A3": "US1", "NAME_L": null, "NAME_R": null, "NAME_ALT_L": null, "NAME_ALT_R": null, "NAME_LOC_L": null, "NAME_LOC_R": null, "NAME_LEN_L": null, "NAME_LEN_R": null, "NOTE": null, "TYPE": null, "MIN_ZOOM": 2.0, "MIN_LABEL": 7.5, "SCALERANK": 9, "FCLASS_ISO": null, "FCLASS_US": null, "FCLASS_FR": null, "FCLASS_RU": null, "FCLASS_ES": null, "FCLASS_CN": null, "FCLASS_TW": null, "FCLASS_IN": null, "FCLASS_NP": null, "FCLASS_PK": null, "FCLASS_DE": null, "FCLASS_GB": null, "FCLASS_BR": null, "FCLASS_IL": null, "FCLASS_PS": null, "FCLASS_SA": null, "FCLASS_EG": null, "FCLASS_MA": null, "FCLASS_PT": null, "FCLASS_AR": null, "FCLASS_JP": null, "FCLASS_KO": null, "FCLASS_VN": null, "FCLASS_TR": null, "FCLASS_ID": null, "FCLASS_PL": null, "FCLASS_GR": null, "FCLASS_IT": null, "FCLASS_NL": null, "FCLASS_SE": null, "FCLASS_BD": null, "FCLASS_UA": null, "ne_id": 1746750511, "BRK_A3": null, "FCLASS_OSM": null, "FCLASS_TLC": null }, "geometry": { "type": "LineString", "coordinates": [ [ -88.402212043950669, 30.387806096474151 ], [ -88.38112, 30.160336 ] ] } },
{ "type": "Feature", "properties": { "FEATURECLA": "Admin-1 boundary indicator", "NAME": null, "ADM0_A3": "USA", "ADM0_NAME": "United States of America", "SHAPE_LENG": null, "MAPCOLOR13": 1.0, "MAPCOLOR9": 1.0, "SOV_A3": "US1", "NAME_L": null, "NAME_R": null, "NAME_ALT_L": null, "NAME_ALT_R": null, "NAME_LOC_L": null, "NAME_LOC_R": null, "NAME_LEN_L": null, "NAME_LEN_R": null, "NOTE": null, "TYPE": null, "MIN_ZOOM": 2.0, "MIN_LABEL": 7.5, "SCALERANK": 9, "FCLASS_ISO": null, "FCLASS_US": null, "FCLASS_FR": null, "FCLASS_RU": null, "FCLASS_ES": null, "FCLASS_CN": null, "FCLASS_TW": null, "FCLASS_IN": null, "FCLASS_NP": null, "FCLASS_PK": null, "FCLASS_DE": null, "FCLASS_GB": null, "FCLASS_BR": null, "FCLASS_IL": null, "FCLASS_PS": null, "FCLASS_SA": null, "FCLASS_EG": null, "FCLASS_MA": null, "FCLASS_PT": null, "FCLASS_AR": null, "FCLASS_JP": null, "FCLASS_KO": null, "FCLASS_VN": null, "FCLASS_TR": null, "FCLASS_ID": null, "FCLASS_PL": null, "FCLASS_GR": null, "FCLASS_IT": null, "FCLASS_NL": null, "FCLASS_SE": null, "FCLASS_BD": null, "FCLASS_UA": null, "ne_id": 1746750513, "BRK_A3": null, "FCLASS_OSM": null, "FCLASS_TLC": null }, "geometry": { "type": "LineString", "coordinates": [ [ -88.957833634350493, 30.148712257091084 ], [ -89.096476, 30.165829 ] ] } },
{ "type": "Feature", "properties": { "FEATURECLA": "Admin-1 boundary indicator", "NAME": null, "ADM0_A3": "USA", "ADM0_NAME": "United States of America", "SHAPE_LENG": null, "MAPCOLOR13": 1.0, "MAPCOLOR9": 1.0, "SOV_A3": "US1", "NAME_L": null, "NAME_R": null, "NAME_ALT_L": null, "NAME_ALT_R": null, "NAME_LOC_L": null, "NAME_LOC_R": null, "NAME_LEN_L": null, "NAME_LEN_R": null, "NOTE": null, "TYPE": null, "MIN_ZOOM": 2.0, "MIN_LABEL": 7.5, "SCALERANK": 9, "FCLASS_ISO": null, "FCLASS_US": null, "FCLASS_FR": null, "FCLASS_RU": null, "FCLASS_ES": null, "FCLASS_CN": null, "FCLASS_TW": null, "FCLASS_IN": null, "FCLASS_NP": null, "FCLASS_PK": null, "FCLASS_DE": null, "FCLASS_GB": null, "FCLASS_BR": null, "FCLASS_IL": null, "FCLASS_PS": null, "FCLASS_SA": null, "FCLASS_EG": null, "FCLASS_MA": null, "FCLASS_PT": null, "FCLASS_AR": null, "FCLASS_JP": null, "FCLASS_KO": null, "FCLASS_VN": null, "FCLASS_TR": null, "FCLASS_ID": null, "FCLASS_PL": null, "FCLASS_GR": null, "FCLASS_IT": null, "FCLASS_NL": null, "FCLASS_SE": null, "FCLASS_BD": null, "FCLASS_UA": null, "ne_id": 1746750515, "BRK_A3": null, "FCLASS_OSM": null, "FCLASS_TLC": null }, "geometry": { "type": "LineString", "coordinates": [ [ -89.525990363999938, 30.192775783000059 ], [ -89.51477, 30.161762 ], [ -89.500051, 30.160709 ], [ -89.449434, 30.167756 ], [ -89.421578, 30.177003 ], [ -89.306135, 30.177941 ], [ -89.257439716637947, 30.183024631083057 ] ] } },
{ "type": "Feature", "properties": { "FEATURECLA": "Admin-1 boundary indicator", "NAME": null, "ADM0_A3": "USA", "ADM0_NAME": "United States of America", "SHAPE_LENG": null, "MAPCOLOR13": 1.0, "MAPCOLOR9": 1.0, "SOV_A3": "US1", "NAME_L": null, "NAME_R": null, "NAME_ALT_L": null, "NAME_ALT_R": null, "NAME_LOC_L": null, "NAME_LOC_R": null, "NAME_LEN_L": null, "NAME_LEN_R": null, "NOTE": null, "TYPE": null, "MIN_ZOOM": 2.0, "MIN_LABEL": 7.5, "SCALERANK": 9, "FCLASS_ISO": null, "FCLASS_US": null, "FCLASS_FR": null, "FCLASS_RU": null, "FCLASS_ES": null, "FCLASS_CN": null, "FCLASS_TW": null, "FCLASS_IN": null, "FCLASS_NP": null, "FCLASS_PK": null, "FCLASS_DE": null, "FCLASS_GB": null, "FCLASS_BR": null, "FCLASS_IL": null, "FCLASS_PS": null, "FCLASS_SA": null, "FCLASS_EG": null, "FCLASS_MA": null, "FCLASS_PT": null, "FCLASS_AR": null, "FCLASS_JP": null, "FCLASS_KO": null, "FCLASS_VN": null, "FCLASS_TR": null, "FCLASS_ID": null, "FCLASS_PL": null, "FCLASS_GR": null, "FCLASS_IT": null, "FCLASS_NL": null, "FCLASS_SE": null, "FCLASS_BD": null, "FCLASS_UA": null, "ne_id": 1746750517, "BRK_A3": null, "FCLASS_OSM": null, "FCLASS_TLC": null }, "geometry": { "type": "LineString", "coordinates": [ [ -123.180094812999926, 46.179102095000076 ], [ -123.213054, 46.172541 ], [ -123.281627700852866, 46.143572484454118 ], [ -123.303334, 46.144832 ], [ -123.372571, 46.147058 ], [ -123.427386416269115, 46.18071869195137 ], [ -123.427629, 46.229348 ], [ -123.446319564883012, 46.248509908324145 ], [ -123.474844, 46.267831 ], [ -123.501560435690024, 46.270100401105132 ], [ -123.540524812334723, 46.260174452819975 ], [ -123.649890814159207, 46.258556173437491 ], [ -123.688115, 46.250105 ], [ -123.727555, 46.264765 ], [ -123.741449, 46.269155 ], [ -123.781659, 46.253583 ], [ -123.815136, 46.249827 ], [ -123.871869, 46.234949 ], [ -123.930477, 46.238805 ], [ -123.940898788430729, 46.241518019688982 ], [ -123.960271395614015, 46.25671806532511 ], [ -123.966965, 46.265189 ], [ -123.971298879702971, 46.267745549414059 ], [ -123.99722836931754, 46.270129870298156 ], [ -124.001262, 46.274012 ], [ -124.007361733074958, 46.286224036265821 ], [ -124.012998, 46.290026 ], [ -124.025413793307052, 46.293384793813303 ], [ -124.031204941915931, 46.295165239581188 ], [ -124.037164, 46.290762 ], [ -124.035675543573618, 46.284435795602747 ], [ -124.031502982026453, 46.281753434608135 ], [ -124.030906901805423, 46.275196552176865 ], [ -124.031829450578257, 46.260237231245377 ], [ -124.092601204681458, 46.25969846643023 ] ] } },
{ "type": "Feature", "properties": { "FEATURECLA": "Admin-1 boundary indicator", "NAME": null, "ADM0_A3": "USA", "ADM0_NAME": "United States of America", "SHAPE_LENG": null, "MAPCOLOR13": 1.0, "MAPCOLOR9": 1.0, "SOV_A3": "US1", "NAME_L": null, "NAME_R": null, "NAME_ALT_L": null, "NAME_ALT_R": null, "NAME_LOC_L": null, "NAME_LOC_R": null, "NAME_LEN_L": null, "NAME_LEN_R": null, "NOTE": null, "TYPE": null, "MIN_ZOOM": 2.0, "MIN_LABEL": 7.5, "SCALERANK": 9, "FCLASS_ISO": null, "FCLASS_US": null, "FCLASS_FR": null, "FCLASS_RU": null, "FCLASS_ES": null, "FCLASS_CN": null, "FCLASS_TW": null, "FCLASS_IN": null, "FCLASS_NP": null, "FCLASS_PK": null, "FCLASS_DE": null, "FCLASS_GB": null, "FCLASS_BR": null, "FCLASS_IL": null, "FCLASS_PS": null, "FCLASS_SA": null, "FCLASS_EG": null, "FCLASS_MA": null, "FCLASS_PT": null, "FCLASS_AR": null, "FCLASS_JP": null, "FCLASS_KO": null, "FCLASS_VN": null, "FCLASS_TR": null, "FCLASS_ID": null, "FCLASS_PL": null, "FCLASS_GR": null, "FCLASS_IT": null, "FCLASS_NL": null, "FCLASS_SE": null, "FCLASS_BD": null, "FCLASS_UA": null, "ne_id": 1746750521, "BRK_A3": null, "FCLASS_OSM": null, "FCLASS_TLC": null }, "geometry": { "type": "LineString", "coordinates": [ [ -76.044084867042372, 37.954448944696942 ], [ -76.033102583999948, 37.954671353000037 ], [ -76.018601958215484, 37.954531804810777 ] ] } },
{ "type": "Feature", "properties": { "FEATURECLA": "Admin-1 boundary indicator", "NAME": null, "ADM0_A3": "USA", "ADM0_NAME": "United States of America", "SHAPE_LENG": null, "MAPCOLOR13": 1.0, "MAPCOLOR9": 1.0, "SOV_A3": "US1", "NAME_L": null, "NAME_R": null, "NAME_ALT_L": null, "NAME_ALT_R": null, "NAME_LOC_L": null, "NAME_LOC_R": null, "NAME_LEN_L": null, "NAME_LEN_R": null, "NOTE": null, "TYPE": null, "MIN_ZOOM": 2.0, "MIN_LABEL": 7.5, "SCALERANK": 9, "FCLASS_ISO": null, "FCLASS_US": null, "FCLASS_FR": null, "FCLASS_RU": null, "FCLASS_ES": null, "FCLASS_CN": null, "FCLASS_TW": null, "FCLASS_IN": null, "FCLASS_NP": null, "FCLASS_PK": null, "FCLASS_DE": null, "FCLASS_GB": null, "FCLASS_BR": null, "FCLASS_IL": null, "FCLASS_PS": null, "FCLASS_SA": null, "FCLASS_EG": null, "FCLASS_MA": null, "FCLASS_PT": null, "FCLASS_AR": null, "FCLASS_JP": null, "FCLASS_KO": null, "FCLASS_VN": null, "FCLASS_TR": null, "FCLASS_ID": null, "FCLASS_PL": null, "FCLASS_GR": null, "FCLASS_IT": null, "FCLASS_NL": null, "FCLASS_SE": null, "FCLASS_BD": null, "FCLASS_UA": null, "ne_id": 1746750523, "BRK_A3": null, "FCLASS_OSM": null, "FCLASS_TLC": null }, "geometry": { "type": "LineString", "coordinates": [ [ -76.016419332595163, 37.954510800099833 ], [ -76.006971644113705, 37.954337059327052 ], [ -75.993774722868721, 37.954077244241162 ] ] } },
{ "type": "Feature", "properties": { "FEATURECLA": "Admin-1 boundary indicator", "NAME": null, "ADM0_A3": "USA", "ADM0_NAME": "United States of America", "SHAPE_LENG": null, "MAPCOLOR13": 1.0, "MAPCOLOR9": 1.0, "SOV_A3": "US1", "NAME_L": null, "NAME_R": null, "NAME_ALT_L": null, "NAME_ALT_R": null, "NAME_LOC_L": null, "NAME_LOC_R": null, "NAME_LEN_L": null, "NAME_LEN_R": null, "NOTE": null, "TYPE": null, "MIN_ZOOM": 2.0, "MIN_LABEL": 7.5, "SCALERANK": 9, "FCLASS_ISO": null, "FCLASS_US": null, "FCLASS_FR": null, "FCLASS_RU": null, "FCLASS_ES": null, "FCLASS_CN": null, "FCLASS_TW": null, "FCLASS_IN": null, "FCLASS_NP": null, "FCLASS_PK": null, "FCLASS_DE": null, "FCLASS_GB": null, "FCLASS_BR": null, "FCLASS_IL": null, "FCLASS_PS": null, "FCLASS_SA": null, "FCLASS_EG": null, "FCLASS_MA": null, "FCLASS_PT": null, "FCLASS_AR": null, "FCLASS_JP": null, "FCLASS_KO": null, "FCLASS_VN": null, "FCLASS_TR": null, "FCLASS_ID": null, "FCLASS_PL": null, "FCLASS_GR": null, "FCLASS_IT": null, "FCLASS_NL": null, "FCLASS_SE": null, "FCLASS_BD": null, "FCLASS_UA": null, "ne_id": 1746750525, "BRK_A3": null, "FCLASS_OSM": null, "FCLASS_TLC": null }, "geometry": { "type": "LineString", "coordinates": [ [ -75.991891954838081, 37.953992790838456 ], [ -75.943693, 37.946133 ], [ -75.952672, 37.906827 ], [ -75.80124, 37.912174 ], [ -75.761642, 37.941366 ], [ -75.695646, 37.955257 ], [ -75.662954, 37.948413 ], [ -75.648998905423468, 37.964409216908663 ] ] } },
{ "type": "Feature", "properties": { "FEATURECLA": "Admin-1 boundary indicator", "NAME": null, "ADM0_A3": "USA", "ADM0_NAME": "United States of America", "SHAPE_LENG": null, "MAPCOLOR13": 1.0, "MAPCOLOR9": 1.0, "SOV_A3": "US1", "NAME_L": null, "NAME_R": null, "NAME_ALT_L": null, "NAME_ALT_R": null, "NAME_LOC_L": null, "NAME_LOC_R": null, "NAME_LEN_L": null, "NAME_LEN_R": null, "NOTE": null, "TYPE": null, "MIN_ZOOM": 2.0, "MIN_LABEL": 7.5, "SCALERANK": 9, "FCLASS_ISO": null, "FCLASS_US": null, "FCLASS_FR": null, "FCLASS_RU": null, "FCLASS_ES": null, "FCLASS_CN": null, "FCLASS_TW": null, "FCLASS_IN": null, "FCLASS_NP": null, "FCLASS_PK": null, "FCLASS_DE": null, "FCLASS_GB": null, "FCLASS_BR": null, "FCLASS_IL": null, "FCLASS_PS": null, "FCLASS_SA": null, "FCLASS_EG": null, "FCLASS_MA": null, "FCLASS_PT": null, "FCLASS_AR": null, "FCLASS_JP": null, "FCLASS_KO": null, "FCLASS_VN": null, "FCLASS_TR": null, "FCLASS_ID": null, "FCLASS_PL": null, "FCLASS_GR": null, "FCLASS_IT": null, "FCLASS_NL": null, "FCLASS_SE": null, "FCLASS_BD": null, "FCLASS_UA": null, "ne_id": 1746750527, "BRK_A3": null, "FCLASS_OSM": null, "FCLASS_TLC": null }, "geometry": { "type": "LineString", "coordinates": [ [ -75.083892381999931, 38.453599351000037 ], [ -75.058094855999911, 38.453721421000068 ] ] } }
]
}
